{
	"lang": "Byelorussian (macOS)",
	"": {
		"\u201c": "E00",
		"1": "E01",
		"2": "E02",
		"3": "E03",
		"4": "E04",
		"5": "E05",
		"6": "E06",
		"7": "E07",
		"8": "E08",
		"9": "E09",
		"0": "E10",
		"-": "E11",
		"=": "E12",
		"\u0439": "D01",
		"\u0446": "D02",
		"\u0443": "D03",
		"\u043a": "D04",
		"\u0435": "D05",
		"\u043d": "D06",
		"\u0433": "D07",
		"\u0448": "D08",
		"\u045e": "D09",
		"\u0437": "D10",
		"\u0445": "D11",
		"'": "D12",
		"\u0451": "D13",
		"\u0444": "C01",
		"\u044b": "C02",
		"\u0432": "C03",
		"\u0430": "C04",
		"\u043f": "C05",
		"\u0440": "C06",
		"\u043e": "C07",
		"\u043b": "C08",
		"\u0434": "C09",
		"\u0436": "C10",
		"\u044d": "C11",
		"\u2019": "B00",
		"\u044f": "B01",
		"\u0447": "B02",
		"\u0441": "B03",
		"\u043c": "B04",
		"\u0456": "B05",
		"\u0442": "B06",
		"\u044c": "B07",
		"\u0431": "B08",
		"\u044e": "B09",
		"/": "B10",
		" ": "A03"
	},
	"shift": {
		"\u201e": "E00",
		"!": "E01",
		"\"": "E02",
		"\u2116": "E03",
		"%": "E04",
		":": "E05",
		",": "E06",
		".": "E07",
		";": "E08",
		"(": "E09",
		")": "E10",
		"_": "E11",
		"+": "B00",
		"\u0419": "D01",
		"\u0426": "D02",
		"\u0423": "D03",
		"\u041a": "D04",
		"\u0415": "D05",
		"\u041d": "D06",
		"\u0413": "D07",
		"\u0428": "D08",
		"\u040e": "D09",
		"\u0417": "D10",
		"\u0425": "D11",
		"'": "D12",
		"\u0401": "D13",
		"\u0424": "C01",
		"\u042b": "C02",
		"\u0412": "C03",
		"\u0410": "C04",
		"\u041f": "C05",
		"\u0420": "C06",
		"\u041e": "C07",
		"\u041b": "C08",
		"\u0414": "C09",
		"\u0416": "C10",
		"\u042d": "C11",
		"\u042f": "B01",
		"\u0427": "B02",
		"\u0421": "B03",
		"\u041c": "B04",
		"\u0406": "B05",
		"\u0422": "B06",
		"\u042c": "B07",
		"\u0411": "B08",
		"\u042e": "B09",
		"?": "B10",
		" ": "A03"
	},
	"caps": {
		"\u201c": "E00",
		"1": "E01",
		"2": "E02",
		"3": "E03",
		"4": "E04",
		"5": "E05",
		"6": "E06",
		"7": "E07",
		"8": "E08",
		"9": "E09",
		"0": "E10",
		"=": "E11",
		"\u00bb": "E12",
		"\u0419": "D01",
		"\u0426": "D02",
		"\u0423": "D03",
		"\u041a": "D04",
		"\u0415": "D05",
		"\u041d": "D06",
		"\u0413": "D07",
		"\u0428": "D08",
		"\u040e": "D09",
		"\u0417": "D10",
		"\u0425": "D11",
		"'": "D12",
		"\u0401": "D13",
		"\u0424": "C01",
		"\u042b": "C02",
		"\u0412": "C03",
		"\u0410": "C04",
		"\u041f": "C05",
		"\u0420": "C06",
		"\u041e": "C07",
		"\u041b": "C08",
		"\u0414": "C09",
		"\u0416": "C10",
		"\u042d": "C11",
		"\u2019": "B00",
		"\u042f": "B01",
		"\u0427": "B02",
		"\u0421": "B03",
		"\u041c": "B04",
		"\u0406": "B05",
		"\u0422": "B06",
		"\u042c": "B07",
		"\u0411": "B08",
		"\u042e": "B09",
		"?": "B10",
		" ": "A03"
	},
	"optL+caps": {
		"]": "E00",
		"!": "E01",
		"@": "E02",
		"#": "E03",
		"$": "E04",
		"%": "E05",
		"^": "E06",
		"&": "E07",
		"*": "E08",
		"(": "E09",
		")": "E10",
		"-": "E11",
		"=": "E12",
		"\u0408": "D01",
		"\u040f": "D02",
		"\u040c": "D03",
		"\u00ae": "D04",
		"\u2020": "D05",
		"\u040a": "D06",
		"\u0403": "D07",
		"\u0405": "D08",
		"\u040e": "D09",
		"\u2019": "D10",
		"\u201d": "D11",
		"\u042a": "D12",
		"}": "D13",
		"\u0192": "C01",
		"\u042b": "C02",
		"\u040b": "C03",
		"\u00f7": "C04",
		"\u00a9": "C05",
		"\u221a": "C06",
		"\u00b0": "C07",
		"\u0409": "C08",
		"\u2206": "C09",
		"\u2026": "C10",
		"\u042d": "C11",
		"\u00a7": "B00",
		"\u0402": "B01",
		"\u2248": "B02",
		"\u2260": "B03",
		"\u00b5": "B04",
		"\u0418": "B05",
		"\u2122": "B06",
		"~": "B07",
		"\u2264": "B08",
		"\u2265": "B09",
		"\u0401": "B10",
		"\u00a0": "A03"
	},
	"opt": {
		"]": "E00",
		"!": "E01",
		"@": "E02",
		"#": "E03",
		"$": "E04",
		"%": "E05",
		"^": "E06",
		"&": "E07",
		"*": "E08",
		"(": "E09",
		")": "E10",
		"-": "E11",
		"=": "E12",
		"\u0458": "D01",
		"\u045f": "D02",
		"\u045c": "D03",
		"\u00ae": "D04",
		"\u2020": "D05",
		"\u045a": "D06",
		"\u0453": "D07",
		"\u0455": "D08",
		"\u045e": "D09",
		"\u2019": "D10",
		"\u201d": "D11",
		"\u044a": "D12",
		"}": "D13",
		"\u0192": "C01",
		"\u044b": "C02",
		"\u045b": "C03",
		"\u00f7": "C04",
		"\u00a9": "C05",
		"\u221a": "C06",
		"\u00b0": "C07",
		"\u0459": "C08",
		"\u2206": "C09",
		"\u2026": "C10",
		"\u044d": "C11",
		"\u00a7": "B00",
		"\u0452": "B01",
		"\u2248": "B02",
		"\u2260": "B03",
		"\u00b5": "B04",
		"\u0438": "B05",
		"\u2122": "B06",
		"~": "B07",
		"\u2264": "B08",
		"\u2265": "B09",
		"\u0451": "B10",
		"\u00a0": "A03"
	},
	"opt+shift": {
		"[": "E00",
		"|": "E01",
		"\"": "E02",
		"\u00a3": "E03",
		"\u20ac": "E04",
		"\u221e": "E05",
		"\u00ac": "E06",
		"\u00b6": "E07",
		"\u2013": "E08",
		"'": "E09",
		"`": "E10",
		"_": "E11",
		"+": "E12",
		"\u0408": "D01",
		"\u040f": "D02",
		"\u040c": "D03",
		"\u00ae": "D04",
		"\u2020": "D05",
		"\u040a": "D06",
		"\u0403": "D07",
		"\u0405": "D08",
		"\u040e": "D09",
		"\u2018": "D10",
		"\u201c": "D11",
		"\u042a": "D12",
		"{": "D13",
		"\u0192": "C01",
		"\u042b": "C02",
		"\u040b": "C03",
		"\u00f7": "C04",
		"\u00a9": "C05",
		"\u221a": "C06",
		"\u2022": "C07",
		"\u0409": "C08",
		"\u2206": "C09",
		"\u2026": "C10",
		"\u042d": "C11",
		"\u00b1": "B00",
		"\u0402": "B01",
		"\u2248": "B02",
		"\u2260": "B03",
		"\u00b5": "B04",
		"\u0418": "B05",
		"\u2122": "B06",
		"~": "B07",
		"<": "B08",
		">": "B09",
		"\u0401": "B10",
		"\u00a0": "A03"
	},
	"ctrlR+opt+shift": {
		"`": "E00",
		"1": "E01",
		"2": "E02",
		"3": "E03",
		"4": "E04",
		"5": "E05",
		"6": "E06",
		"7": "E07",
		"8": "E08",
		"9": "E09",
		"0": "B00",
		"\u001f": "E11",
		"=": "E12",
		"\u0011": "D01",
		"\u0017": "D02",
		"\u0005": "D03",
		"\u0012": "D04",
		"\u0014": "D05",
		"\u0019": "D06",
		"\u0015": "D07",
		"\t": "D08",
		"\u000f": "D09",
		"\u0010": "D10",
		"\u001b": "D11",
		"\u001d": "D12",
		"\u001c": "D13",
		"\u0001": "C01",
		"\u0013": "C02",
		"\u0004": "C03",
		"\u0006": "C04",
		"\u0007": "C05",
		"\b": "C06",
		"\n": "C07",
		"\u000b": "C08",
		"\f": "C09",
		";": "C10",
		"'": "C11",
		"\u001a": "B01",
		"\u0018": "B02",
		"\u0003": "B03",
		"\u0016": "B04",
		"\u0002": "B05",
		"\u000e": "B06",
		"\r": "B07",
		",": "B08",
		".": "B09",
		"/": "B10",
		" ": "A03"
	},
	"ctrlL+optL+shiftL": {
		"`": "E00",
		"\u0405": "E01",
		"\u2122": "E02",
		"\u00a3": "E03",
		"\u0491": "C02",
		"\u221e": "E05",
		"\u00a7": "E06",
		"\u00b6": "E07",
		"\u2022": "E08",
		"\u0457": "E09",
		"\u0409": "E10",
		"\u2013": "E11",
		"\u2260": "E12",
		"\u0455": "D01",
		"\u0408": "D02",
		"\u0402": "D03",
		"\u00ae": "D04",
		"\u2020": "D05",
		"\u0456": "D06",
		"\u0452": "D07",
		"^": "D08",
		"\u045a": "D09",
		"\u0454": "D10",
		"\u201c": "D11",
		"\u2018": "D12",
		"\u00ab": "D13",
		"\u041c": "C01",
		"D": "C03",
		"\u0192": "C04",
		"\u00a9": "C05",
		"\u044a": "C06",
		"\u2206": "C07",
		"\u044b": "C08",
		"\u00ac": "C09",
		"\u2026": "C10",
		"\u040a": "C11",
		"\u00b1": "B00",
		"\u0459": "B01",
		"\u2248": "B02",
		"\u041d": "B03",
		"\u221a": "B04",
		"\u0407": "B05",
		"~": "B06",
		"\u00b5": "B07",
		"\u2264": "B08",
		"\u2265": "B09",
		"\u00f7": "B10",
		" ": "A03"
	},
	"ctrlL+optL+caps": {
		"`": "E00",
		"\u040f": "E01",
		"\u045f": "E02",
		"\u2116": "E03",
		"\u0401": "E04",
		"\u0451": "E05",
		"\u044f": "E06",
		"\u0430": "E07",
		"\u00b0": "E08",
		"\u0431": "E09",
		"\u0432": "E10",
		"\u2014": "E11",
		"\u00b1": "E12",
		"\u045c": "D01",
		"\u0433": "D02",
		"\u0402": "D03",
		"\u0434": "D04",
		"\u20ac": "D05",
		"\u0437": "D06",
		"\u0452": "D07",
		"\u0446": "D08",
		"\u0453": "D09",
		"\u0404": "D10",
		"\u201d": "D11",
		"\u2019": "D12",
		"\u00bb": "D13",
		"\u0411": "C01",
		"\u043a": "C02",
		"\u043b": "C03",
		"\u043c": "C04",
		"\u044d": "C05",
		"\u043e": "C06",
		"\u043f": "C07",
		"\u0440": "C08",
		"\u0441": "C09",
		"\u0442": "C10",
		"\u0403": "C11",
		"\u00a7": "B00",
		"\u044c": "B01",
		"\u044e": "B02",
		"\u0412": "B03",
		"\u201e": "B04",
		"\u0445": "B05",
		"\u0447": "B06",
		"\u0435": "B07",
		"\u0448": "B08",
		"\u0449": "B09",
		"\u0458": "B10",
		" ": "A03"
	},
	"cmd": {
		"`": "E00",
		"1": "E01",
		"2": "E02",
		"3": "E03",
		"4": "E04",
		"5": "E05",
		"6": "E06",
		"7": "E07",
		"8": "E08",
		"9": "E09",
		"0": "E10",
		"-": "E11",
		"=": "E12",
		"q": "D01",
		"w": "D02",
		"e": "D03",
		"r": "D04",
		"t": "D05",
		"y": "D06",
		"u": "D07",
		"i": "D08",
		"o": "D09",
		"p": "D10",
		"[": "D11",
		"]": "D12",
		"\\": "D13",
		"a": "C01",
		"s": "C02",
		"d": "C03",
		"f": "C04",
		"g": "C05",
		"h": "C06",
		"j": "C07",
		"k": "C08",
		"l": "C09",
		";": "C10",
		"'": "C11",
		"\u00a7": "B00",
		"z": "B01",
		"x": "B02",
		"c": "B03",
		"v": "B04",
		"b": "B05",
		"n": "B06",
		"m": "B07",
		",": "B08",
		".": "B09",
		"/": "B10",
		" ": "A03"
	}
}