{
	"lang": "Uyghur (macOS)",
	"": {
		"`": "E00",
		"1": "E01",
		"2": "E02",
		"3": "E03",
		"4": "E04",
		"5": "E05",
		"6": "E06",
		"7": "E07",
		"8": "E08",
		"9": "E09",
		"0": "E10",
		"-": "E11",
		"=": "E12",
		"\u0686": "D01",
		"\u06cb": "D02",
		"\u06d0": "D03",
		"\u0631": "D04",
		"\u062a": "D05",
		"\u064a": "D06",
		"\u06c7": "D07",
		"\u06ad": "D08",
		"\u0648": "D09",
		"\u067e": "D10",
		"]": "D11",
		"[": "D12",
		"\\": "D13",
		"\u06be": "C01",
		"\u0633": "C02",
		"\u062f": "C03",
		"\u0627": "C04",
		"\u06d5": "C05",
		"\u0649": "C06",
		"\u0642": "C07",
		"\u0643": "C08",
		"\u0644": "C09",
		"\u061b": "C10",
		"\u00bb": "C11",
		"\u0003": "B00",
		"\u0632": "B01",
		"\u0634": "B02",
		"\u063a": "B03",
		"\u06c8": "B04",
		"\u0628": "B05",
		"\u0646": "B06",
		"\u0645": "B07",
		"\u060c": "B08",
		".": "B09",
		"\u0626\u200d": "B10",
		" ": "A03"
	},
	"shift": {
		"~": "E00",
		"!": "E01",
		"@": "E02",
		"#": "E03",
		"$": "E04",
		"%": "E05",
		"^": "E06",
		"&": "E07",
		"*": "E08",
		")": "E09",
		"(": "E10",
		"\u2014": "E11",
		"+": "E12",
		"}": "D11",
		"{": "D12",
		"|": "D13",
		"\u0698": "C03",
		"\u0641": "C04",
		"\u06af": "C05",
		"\u062e": "C06",
		"\u062c": "C07",
		"\u06c6": "C08",
		"\u0644\u0627": "C09",
		":": "C10",
		"\u00ab": "C11",
		"\u0003": "B00",
		">": "B08",
		"<": "B09",
		"\u061f": "B10",
		" ": "A03"
	},
	"opt": {
		"\u2248": "E00",
		"\u2460": "E01",
		"\u2461": "E02",
		"\u2462": "E03",
		"\u2463": "E04",
		"\u2464": "E05",
		"\u2465": "E06",
		"\u2466": "E07",
		"\u2467": "E08",
		"\u2468": "E09",
		"\u24ea": "E10",
		"\u0640": "E11",
		"\u2260": "E12",
		"\u201c": "D01",
		"\u201d": "D02",
		"\u00a5": "D03",
		"\u2030": "D04",
		"\u0644\u0644\u0647": "D05",
		"\u00d7": "D06",
		"\u00f7": "D07",
		"\u03ba": "D08",
		"\u221e": "D09",
		"\u00a7": "D10",
		"\u3014": "D11",
		"\u3015": "D12",
		"\u00b1": "D13",
		"\u03b1": "C01",
		"\u03b2": "C02",
		"\u03b3": "C03",
		"\u03b4": "C04",
		"\u03b5": "C05",
		"\u03b6": "C06",
		"\u03b7": "C07",
		"\u03b8": "C08",
		"\u03bb": "C09",
		"\u03bc": "C10",
		"\u2026": "C11",
		"\u0003": "B00",
		"\u203b": "B01",
		"\u3016": "B02",
		"\u3017": "B03",
		"\u3010": "B04",
		"\u3011": "B05",
		"\u2116": "B06",
		"\u2211": "B07",
		"\u2264": "B08",
		"\u2265": "B09",
		"/": "B10",
		"\u00a0": "A03"
	},
	"opt+shift": {
		"\u0661": "E01",
		"\u0662": "E02",
		"\u0663": "E03",
		"\u0664": "E04",
		"\u0665": "E05",
		"\u0666": "E06",
		"\u0667": "E07",
		"\u0668": "E08",
		"\u0669": "E09",
		"\u0660": "E10",
		"_": "E11",
		"+": "E12",
		"\u20ac": "D03",
		"\u0003": "B00",
		"\u00a0": "A03"
	},
	"ctrlL": {
		"`": "E00",
		"1": "E01",
		"2": "E02",
		"3": "E03",
		"4": "E04",
		"5": "E05",
		"6": "E06",
		"7": "E07",
		"8": "E08",
		"9": "E09",
		"0": "B00",
		"\u001f": "E11",
		"=": "E12",
		"\u0011": "D01",
		"\u0017": "D02",
		"\u0005": "D03",
		"\u0012": "D04",
		"\u0014": "D05",
		"\u0019": "D06",
		"\u0015": "D07",
		"\t": "D08",
		"\u000f": "D09",
		"\u0010": "D10",
		"\u001b": "D11",
		"\u001d": "D12",
		"\u001c": "D13",
		"\u0001": "C01",
		"\u0013": "C02",
		"\u0004": "C03",
		"\u0006": "C04",
		"\u0007": "C05",
		"\b": "C06",
		"\n": "C07",
		"\u000b": "C08",
		"\f": "C09",
		";": "C10",
		"'": "C11",
		"\u001a": "B01",
		"\u0018": "B02",
		"\u0003": "B03",
		"\u0016": "B04",
		"\u0002": "B05",
		"\u000e": "B06",
		"\r": "B07",
		",": "B08",
		".": "B09",
		"/": "B10",
		" ": "A03"
	},
	"cmd": {
		"`": "E00",
		"1": "E01",
		"2": "E02",
		"3": "E03",
		"4": "E04",
		"5": "E05",
		"6": "E06",
		"7": "E07",
		"8": "E08",
		"9": "E09",
		"0": "E10",
		"-": "E11",
		"=": "E12",
		"q": "D01",
		"w": "D02",
		"e": "D03",
		"r": "D04",
		"t": "D05",
		"y": "D06",
		"u": "D07",
		"i": "D08",
		"o": "D09",
		"p": "D10",
		"[": "D11",
		"]": "D12",
		"\\": "D13",
		"a": "C01",
		"s": "C02",
		"d": "C03",
		"f": "C04",
		"g": "C05",
		"h": "C06",
		"j": "C07",
		"k": "C08",
		"l": "C09",
		";": "C10",
		"'": "C11",
		"z": "B01",
		"x": "B02",
		"c": "B03",
		"v": "B04",
		"b": "B05",
		"n": "B06",
		"m": "B07",
		",": "B08",
		".": "B09",
		"/": "B10",
		" ": "A03"
	},
	"cmd+shift": {
		"~": "E00",
		"!": "E01",
		"@": "E02",
		"#": "E03",
		"$": "E04",
		"%": "E05",
		"^": "E06",
		"&": "E07",
		"*": "E08",
		"(": "E09",
		")": "E10",
		"_": "E11",
		"+": "E12",
		"Q": "D01",
		"W": "D02",
		"E": "D03",
		"R": "D04",
		"T": "D05",
		"Y": "D06",
		"U": "D07",
		"I": "D08",
		"O": "D09",
		"P": "D10",
		"{": "D11",
		"}": "D12",
		"|": "D13",
		"A": "C01",
		"S": "C02",
		"D": "C03",
		"F": "C04",
		"G": "C05",
		"H": "C06",
		"J": "C07",
		"K": "C08",
		"L": "C09",
		":": "C10",
		"\"": "C11",
		"Z": "B01",
		"X": "B02",
		"C": "B03",
		"V": "B04",
		"B": "B05",
		"N": "B06",
		"M": "B07",
		"<": "B08",
		">": "B09",
		"?": "B10",
		" ": "A03"
	}
}