{
	"lang": "Myanmar-QWERTY (macOS)",
	"": {
		"\u104c": "E00",
		"\u1041": "E01",
		"\u1042": "E02",
		"\u1043": "E03",
		"\u1044": "E04",
		"\u1045": "E05",
		"\u1046": "E06",
		"\u1047": "E07",
		"\u1048": "E08",
		"\u1049": "E09",
		"\u1040": "E10",
		"-": "E11",
		"=": "E12",
		"\u103a": "D01",
		"\u102d\u102f": "D02",
		"\u1031": "D03",
		"\u101b": "D04",
		"\u1010": "D05",
		"\u101a": "D06",
		"\u102f": "D07",
		"\u102d": "D08",
		"\u1031\u102c": "D09",
		"\u1015": "D10",
		"\u1036": "D11",
		"\u1031\u102c\u103a": "D12",
		"\u104e": "D13",
		"\u102c": "C01",
		"\u101e": "C02",
		"\u1012": "C03",
		"\u1039": "C04",
		"\u1002": "C05",
		"\u101f": "C06",
		"\u1007": "C07",
		"\u1000": "C08",
		"\u101c": "C09",
		"\u1009": "C10",
		"\u1038": "C11",
		"\u1004": "B01",
		"\u1021": "B02",
		"\u1005": "B03",
		"\u101d": "B04",
		"\u1017": "B05",
		"\u1014": "B06",
		"\u1019": "B07",
		"\u1037": "B08",
		"\u104a": "B09",
		"\u104b": "B10",
		" ": "A03"
	},
	"shift": {
		"\u104d": "E00",
		"!": "E01",
		"@": "E02",
		"#": "E03",
		"$": "E04",
		"%": "E05",
		"^": "E06",
		"&": "E07",
		"*": "E08",
		"(": "E09",
		")": "E10",
		"_": "E11",
		"+": "E12",
		"\u104f": "D01",
		"\u1032": "D03",
		"\u103c": "D04",
		"\u1011": "D05",
		"\u103b": "D06",
		"\u1030": "D07",
		"\u102e": "D08",
		"\u1029": "D09",
		"\u1016": "D10",
		"\u102a": "D12",
		"\\": "D13",
		"\u102b": "C01",
		"\u103f": "C02",
		"\u1013": "C03",
		"\u103a": "C04",
		"\u1003": "C05",
		"\u103e": "C06",
		"\u1008": "C07",
		"\u1001": "C08",
		"\u1020": "C09",
		"\u100a": "C10",
		"\"": "C11",
		"\u1004\u103a\u1039": "B01",
		"\u1006": "B03",
		"\u103d": "B04",
		"\u1018": "B05",
		"\u100f": "B06",
		"\u1036": "B07",
		",": "B08",
		".": "B09",
		"?": "B10",
		"\u200b": "A03"
	},
	"caps": {
		"`": "E00",
		"1": "E01",
		"2": "E02",
		"3": "E03",
		"4": "E04",
		"5": "E05",
		"6": "E06",
		"7": "E07",
		"8": "E08",
		"9": "E09",
		"0": "E10",
		"-": "E11",
		"=": "E12",
		"q": "D01",
		"w": "D02",
		"e": "D03",
		"r": "D04",
		"t": "D05",
		"y": "D06",
		"u": "D07",
		"i": "D08",
		"o": "D09",
		"p": "D10",
		"[": "D11",
		"]": "D12",
		"\\": "D13",
		"a": "C01",
		"s": "C02",
		"d": "C03",
		"f": "C04",
		"g": "C05",
		"h": "C06",
		"j": "C07",
		"k": "C08",
		"l": "C09",
		";": "C10",
		"'": "C11",
		"z": "B01",
		"x": "B02",
		"c": "B03",
		"v": "B04",
		"b": "B05",
		"n": "B06",
		"m": "B07",
		",": "B08",
		".": "B09",
		"/": "B10",
		" ": "A03"
	},
	"caps+shift": {
		"~": "E00",
		"!": "E01",
		"@": "E02",
		"#": "E03",
		"$": "E04",
		"%": "E05",
		"^": "E06",
		"&": "E07",
		"*": "E08",
		"(": "E09",
		")": "E10",
		"_": "E11",
		"+": "E12",
		"Q": "D01",
		"W": "D02",
		"E": "D03",
		"R": "D04",
		"T": "D05",
		"Y": "D06",
		"U": "D07",
		"I": "D08",
		"O": "D09",
		"P": "D10",
		"{": "D11",
		"}": "D12",
		"|": "D13",
		"A": "C01",
		"S": "C02",
		"D": "C03",
		"F": "C04",
		"G": "C05",
		"H": "C06",
		"J": "C07",
		"K": "C08",
		"L": "C09",
		":": "C10",
		"\"": "C11",
		"Z": "B01",
		"X": "B02",
		"C": "B03",
		"V": "B04",
		"B": "B05",
		"N": "B06",
		"M": "B07",
		"<": "B08",
		">": "B09",
		"?": "B10",
		" ": "A03"
	},
	"opt": {
		"`": "E00",
		"1": "E01",
		"2": "E02",
		"3": "E03",
		"4": "E04",
		"5": "E05",
		"6": "E06",
		"7": "E07",
		"8": "E08",
		"9": "E09",
		"0": "E10",
		"_": "E11",
		"=": "E12",
		"\u1056": "D01",
		"\u1058": "D02",
		"\u1027": "D03",
		"\u1052": "D04",
		"\u100b": "D05",
		"\u1025": "D07",
		"\u1023": "D08",
		"[": "D11",
		"]": "D12",
		"\\": "D13",
		"\u1021": "C01",
		"\u100d": "C03",
		"\u1054": "C09",
		";": "C10",
		"'": "C11",
		"\u1009": "B06",
		".": "B09",
		" ": "A03"
	},
	"opt+shift": {
		"~": "E00",
		"\u2026": "E01",
		"\u00a9": "E02",
		"\u00ae": "E03",
		"\u2122": "E04",
		"\u2019": "E05",
		"\u2018": "E06",
		"\u2013": "E07",
		"\u2022": "E08",
		"\u2014": "E09",
		"\u00d7": "E10",
		"\u2212": "E11",
		"+": "E12",
		"\u1057": "D01",
		"\u1059": "D02",
		"\u1053": "D04",
		"\u100c": "D05",
		"\u1026": "D07",
		"\u1024": "D08",
		"{": "D11",
		"}": "D12",
		"|": "D13",
		"\u1051": "C02",
		"\u100e": "C03",
		"\u1055": "C09",
		":": "C10",
		"\"": "C11",
		"\u104b": "B09",
		" ": "A03"
	},
	"ctrlL": {
		"`": "E00",
		"1": "E01",
		"2": "E02",
		"3": "E03",
		"4": "E04",
		"5": "E05",
		"6": "E06",
		"7": "E07",
		"8": "E08",
		"9": "E09",
		"0": "B00",
		"\u001f": "E11",
		"=": "E12",
		"\u0011": "D01",
		"\u0005": "D03",
		"\u0012": "D04",
		"\u0014": "D05",
		"\u0019": "D06",
		"\u0015": "D07",
		"\t": "D08",
		"\u000f": "D09",
		"\u0010": "D10",
		"\u001b": "D11",
		"\u001d": "D12",
		"\u001c": "D13",
		"\u0001": "C01",
		"\u1051": "C02",
		"\u0004": "C03",
		"\u0006": "C04",
		"\u0007": "C05",
		"\b": "C06",
		"\n": "C07",
		"\u000b": "C08",
		"\f": "C09",
		";": "C10",
		"'": "C11",
		"\u001a": "B01",
		"\u0018": "B02",
		"\u0003": "B03",
		"\u0016": "B04",
		"\u0002": "B05",
		"\u000e": "B06",
		"\r": "B07",
		",": "B08",
		".": "B09",
		"/": "B10",
		" ": "A03"
	}
}