{
	"lang": "Canadian - CSA (macOS)",
	"": {
		"\u00f9": "E00",
		"1": "E01",
		"2": "E02",
		"3": "E03",
		"4": "E04",
		"5": "E05",
		"6": "E06",
		"7": "E07",
		"8": "E08",
		"9": "E09",
		"0": "E10",
		"-": "E11",
		"=": "E12",
		"q": "D01",
		"w": "D02",
		"e": "D03",
		"r": "D04",
		"t": "D05",
		"y": "D06",
		"u": "D07",
		"i": "D08",
		"o": "D09",
		"p": "D10",
		"^": "D11",
		"\u00e7": "D12",
		"\u00e0": "D13",
		"a": "C01",
		"s": "C02",
		"d": "C03",
		"f": "C04",
		"g": "C05",
		"h": "C06",
		"j": "C07",
		"k": "C08",
		"l": "C09",
		";": "C10",
		"\u00e8": "C11",
		"/": "B00",
		"z": "B01",
		"x": "B02",
		"c": "B03",
		"v": "B04",
		"b": "B05",
		"n": "B06",
		"m": "B07",
		",": "B08",
		".": "B09",
		"\u00e9": "B10",
		" ": "A03"
	},
	"shift": {
		"\u00d9": "E00",
		"!": "E01",
		"@": "E02",
		"#": "E03",
		"$": "E04",
		"%": "E05",
		"?": "E06",
		"&": "E07",
		"*": "E08",
		"(": "E09",
		")": "E10",
		"_": "E11",
		"+": "E12",
		"Q": "D01",
		"W": "D02",
		"E": "D03",
		"R": "D04",
		"T": "D05",
		"Y": "D06",
		"U": "D07",
		"I": "D08",
		"O": "D09",
		"P": "D10",
		"\u00a8": "D11",
		"\u00c7": "D12",
		"\u00c0": "D13",
		"A": "C01",
		"S": "C02",
		"D": "C03",
		"F": "C04",
		"G": "C05",
		"H": "C06",
		"J": "C07",
		"K": "C08",
		"L": "C09",
		":": "C10",
		"\u00c8": "C11",
		"\\": "B00",
		"Z": "B01",
		"X": "B02",
		"C": "B03",
		"V": "B04",
		"B": "B05",
		"N": "B06",
		"M": "B07",
		"'": "B08",
		"\"": "B09",
		"\u00c9": "B10",
		" ": "A03"
	},
	"caps": {
		"\u00d9": "E00",
		"1": "E01",
		"2": "E02",
		"3": "E03",
		"4": "E04",
		"5": "E05",
		"6": "E06",
		"7": "E07",
		"8": "E08",
		"9": "E09",
		"0": "E10",
		"-": "E11",
		"=": "E12",
		"Q": "D01",
		"W": "D02",
		"E": "D03",
		"R": "D04",
		"T": "D05",
		"Y": "D06",
		"U": "D07",
		"I": "D08",
		"O": "D09",
		"P": "D10",
		"^": "D11",
		"\u00c7": "D12",
		"\u00c0": "D13",
		"A": "C01",
		"S": "C02",
		"D": "C03",
		"F": "C04",
		"G": "C05",
		"H": "C06",
		"J": "C07",
		"K": "C08",
		"L": "C09",
		";": "C10",
		"\u00c8": "C11",
		"/": "B00",
		"Z": "B01",
		"X": "B02",
		"C": "B03",
		"V": "B04",
		"B": "B05",
		"N": "B06",
		"M": "B07",
		",": "B08",
		".": "B09",
		"\u00c9": "B10",
		" ": "A03"
	},
	"optR+caps": {
		"\u03a9": "E00",
		"\u00a1": "E01",
		"@": "E02",
		"\u00a3": "E03",
		"\u20ac": "E04",
		"\u221e": "E05",
		"{": "E07",
		"[": "E08",
		"]": "E09",
		"}": "E10",
		"|": "E11",
		"\u00b8": "E12",
		"\u0152": "D01",
		"\u2030": "D02",
		"\u00ae": "D04",
		"\u220f": "D08",
		"\u00d8": "D09",
		"\u201d": "D10",
		"\u00b0": "D11",
		"~": "D12",
		"`": "D13",
		"\u00c6": "C01",
		"\u00a7": "C02",
		"\ufb01": "C04",
		"\ufb02": "C05",
		"\u2026": "C09",
		"\u00b4": "C10",
		"\u2019": "C11",
		"\u00ac": "B00",
		"\u2039": "B01",
		"\u203a": "B02",
		"\u25ca": "B04",
		"\u2264": "B05",
		"\u2265": "B06",
		"\u00ba": "B07",
		"<": "B08",
		">": "B09",
		"/": "B10",
		"\u00a0": "A03"
	},
	"optL+caps": {
		"\\": "C11",
		"\u00a1": "E01",
		"@": "E02",
		"\u00a3": "E03",
		"\u20ac": "E04",
		"\u221e": "E05",
		" ": "D07",
		"{": "E07",
		"}": "E08",
		"[": "E09",
		"]": "E10",
		"|": "B00",
		"\u00ac": "E12",
		"\u0153": "D01",
		"\u2211": "D02",
		"\u2202": "D03",
		"\u00b6": "D04",
		"\u2122": "D05",
		"\u00a5": "D06",
		"\u03c0": "D08",
		"\u00f8": "D09",
		"\u201c": "D10",
		"`": "D13",
		"~": "D12",
		"\u00e6": "C01",
		"\u00df": "C02",
		"\u00aa": "C03",
		"\u0192": "C04",
		"\u00a9": "C05",
		"\u02d9": "C06",
		"\u2206": "C07",
		"\u02da": "C08",
		"\u00a0": "A03",
		"\u00b0": "C10",
		"\u00ab": "B01",
		"\u00bb": "B02",
		"\u00a2": "B03",
		"\u221a": "B04",
		"\u222b": "B05",
		"\u00b5": "B07",
		"<": "B08",
		">": "B09",
		"/": "B10"
	},
	"opt+shift": {
		"\u03a9": "E00",
		"\u2248": "E01",
		"\u0131": "E02",
		"\u02c6": "E03",
		"\u02dc": "E04",
		"\uf8ff": "E05",
		"\u2020": "B03",
		"\u2021": "E07",
		"\u2022": "E08",
		"\u00b1": "E09",
		"\u2014": "E10",
		"\u00bf": "E11",
		"\u2013": "E12",
		"\u0152": "D01",
		"\u2030": "D02",
		"\u00af": "D03",
		"\u00ae": "D04",
		"\u02d8": "D05",
		"\u02dd": "D06",
		"\u02db": "D07",
		"\u220f": "D08",
		"\u00d8": "D09",
		"\u201d": "D10",
		"\u201e": "D11",
		"~": "D12",
		"`": "D13",
		"\u00c6": "C01",
		"\u00a7": "C02",
		"\u02c7": "C03",
		"\ufb02": "C04",
		"\ufb01": "C05",
		"\u00b7": "C06",
		"\u201a": "C07",
		"\u2044": "C08",
		"\u2026": "C09",
		"\u00b4": "C10",
		"\u2019": "C11",
		" ": "B00",
		"\u2039": "B01",
		"\u203a": "B02",
		"\u25ca": "B04",
		"\u2264": "B05",
		"\u2265": "B06",
		"\u00ba": "B07",
		"x": "B08",
		"\u00f7": "B09",
		"\u2260": "B10",
		"\u00a0": "A03"
	},
	"ctrlR+shift": {
		"\u00a8": "E00",
		"1": "E01",
		"2": "E02",
		"3": "E03",
		"4": "E04",
		"5": "E05",
		"6": "E06",
		"7": "E07",
		"8": "E08",
		"9": "E09",
		"0": "B00",
		"\u001f": "E11",
		"=": "E12",
		"\u0011": "D01",
		"\u0017": "D02",
		"\u0005": "D03",
		"\u0012": "D04",
		"\u0014": "D05",
		"\u0019": "D06",
		"\u0015": "D07",
		"\t": "D08",
		"\u000f": "D09",
		"\u0010": "D10",
		"\u001b": "D11",
		"\u001d": "D12",
		"\u001c": "D13",
		"\u0001": "C01",
		"\u0013": "C02",
		"\u0004": "C03",
		"\u0006": "C04",
		"\u0007": "C05",
		"\b": "C06",
		"\n": "C07",
		"\u000b": "C08",
		"\f": "C09",
		":": "C10",
		"^": "C11",
		"\u001a": "B01",
		"\u0018": "B02",
		"\u0003": "B03",
		"\u0016": "B04",
		"\u0002": "B05",
		"\u000e": "B06",
		"\r": "B07",
		",": "B08",
		".": "B09",
		"\u00e9": "B10",
		" ": "A03"
	},
	"ctrlL+shiftL": {
		"\u00a1": "E01",
		"\u00a3": "E03",
		"\u20ac": "E04",
		"\u2122": "E08",
		"\u00b1": "E09",
		"\u00bf": "E11",
		"\u02db": "E12",
		"\u03a9": "D01",
		"\u0152": "D03",
		"\u00ae": "D04",
		"\u00a5": "D06",
		"\u0131": "D08",
		"\u00d8": "D09",
		"\u02da": "D11",
		"\u00af": "D12",
		"\u02d8": "D13",
		"\u00c6": "C01",
		"\u00a7": "C02",
		"\u00aa": "C04",
		"\u02dd": "C10",
		"\u02c7": "C11",
		"-": "B00",
		"\u00a9": "B03",
		"\u2018": "B04",
		"\u2019": "B05",
		"\u00ba": "B07",
		"x": "B08",
		"\u00f7": "B09",
		"\u02d9": "B10",
		"\u00a0": "A03"
	},
	"ctrlL+optL": {
		" ": "D07",
		"\u00b8": "E12",
		"\u0153": "D03",
		"\u00b6": "D04",
		"\u00f8": "D09",
		"\u02dc": "D12",
		"\u00e6": "C01",
		"\u00df": "C02",
		"\u00b4": "C10",
		"\u00a2": "B03",
		"\u201c": "B04",
		"\u201d": "B05",
		"\u00b5": "B07",
		"\u2014": "B08",
		"\u00b7": "B09",
		"\u00a0": "A03"
	},
	"cmd+opt": {
		"\\": "E00",
		"\u00a1": "E01",
		"@": "E02",
		"\u00a3": "E03",
		"\u20ac": "E04",
		"\u221e": "E05",
		" ": "D07",
		"{": "E07",
		"[": "E08",
		"]": "E09",
		"}": "E10",
		"|": "E11",
		"\u00b8": "E12",
		"\u0153": "D01",
		"\u2211": "D02",
		"\u2202": "D03",
		"\u00b6": "D04",
		"\u2122": "D05",
		"\u00a5": "D06",
		"\u03c0": "D08",
		"\u00f8": "D09",
		"\u201c": "D10",
		"\u00b0": "D11",
		"~": "D12",
		"`": "D13",
		"\u00e6": "C01",
		"\u00df": "C02",
		"\u00aa": "C03",
		"\u0192": "C04",
		"\u00a9": "C05",
		"\u02d9": "C06",
		"\u2206": "C07",
		"\u02da": "C08",
		"\u00a0": "A03",
		"\u00b4": "C10",
		"\u2018": "C11",
		"\u00ac": "B00",
		"\u00ab": "B01",
		"\u00bb": "B02",
		"\u00a2": "B03",
		"\u221a": "B04",
		"\u222b": "B05",
		"\u00b5": "B07",
		"<": "B08",
		">": "B09",
		"/": "B10"
	}
}