{
	"lang": "Russian - Phonetic (macOS)",
	"": {
		"\u0449": "E00",
		"1": "E01",
		"2": "E02",
		"3": "E03",
		"4": "E04",
		"5": "E05",
		"6": "E06",
		"7": "E07",
		"8": "E08",
		"9": "E09",
		"0": "E10",
		"\u044c": "E11",
		"\u044a": "E12",
		"\u044f": "D01",
		"\u0448": "D02",
		"\u0435": "D03",
		"\u0440": "D04",
		"\u0442": "D05",
		"\u044b": "D06",
		"\u0443": "D07",
		"\u0438": "D08",
		"\u043e": "D09",
		"\u043f": "D10",
		"\u044e": "D11",
		"\u0436": "D12",
		"\u044d": "D13",
		"\u0430": "C01",
		"\u0441": "C02",
		"\u0434": "C03",
		"\u0444": "C04",
		"\u0433": "C05",
		"\u0447": "C06",
		"\u0439": "C07",
		"\u043a": "C08",
		"\u043b": "C09",
		";": "C10",
		"'": "C11",
		">": "B00",
		"\u0437": "B01",
		"\u0445": "B02",
		"\u0446": "B03",
		"\u0432": "B04",
		"\u0431": "B05",
		"\u043d": "B06",
		"\u043c": "B07",
		",": "B08",
		".": "B09",
		"/": "B10",
		" ": "A03"
	},
	"shift": {
		"\u0429": "E00",
		"!": "E01",
		"@": "E02",
		"#": "E03",
		"$": "E04",
		"%": "E05",
		"^": "E06",
		"&": "E07",
		"*": "E08",
		"(": "E09",
		")": "E10",
		"\u042c": "E11",
		"\u042a": "E12",
		"\u042f": "D01",
		"\u0428": "D02",
		"\u0415": "D03",
		"\u0420": "D04",
		"\u0422": "D05",
		"\u042b": "D06",
		"\u0423": "D07",
		"\u0418": "D08",
		"\u041e": "D09",
		"\u041f": "D10",
		"\u042e": "D11",
		"\u0416": "D12",
		"\u042d": "D13",
		"\u0410": "C01",
		"\u0421": "C02",
		"\u0414": "C03",
		"\u0424": "C04",
		"\u0413": "C05",
		"\u0427": "C06",
		"\u0419": "C07",
		"\u041a": "C08",
		"\u041b": "C09",
		":": "C10",
		"\"": "C11",
		"<": "B08",
		"\u0417": "B01",
		"\u0425": "B02",
		"\u0426": "B03",
		"\u0412": "B04",
		"\u0411": "B05",
		"\u041d": "B06",
		"\u041c": "B07",
		">": "B09",
		"?": "B10",
		" ": "A03"
	},
	"optL+caps": {
		"\u2020": "E00",
		"\u0457": "C01",
		"\u0451": "D03",
		"\u0454": "D13",
		"\u0491": "C06",
		"\u221e": "E05",
		"\u00a7": "E06",
		"\u00b6": "E07",
		"\u2022": "E08",
		"[": "E09",
		"]": "E10",
		"-": "E11",
		"=": "E12",
		"\u00ac": "D01",
		"\u0449": "D02",
		"\u00ae": "D04",
		"\u045b": "D05",
		"\u2122": "D06",
		"\u045e": "D07",
		"\u0456": "D08",
		"\u00ab": "D09",
		"\u00bb": "D10",
		"\u201c": "D11",
		"\u045f": "B01",
		"\u0455": "C02",
		"\u0452": "C03",
		"\u0192": "C04",
		"\u0453": "C05",
		"\u0458": "C07",
		"\u045c": "C08",
		"\u0459": "C09",
		"\u201e": "C10",
		"\u2019": "C11",
		"\u2248": "B02",
		"\u00a9": "B03",
		"\u221a": "B04",
		"\u2116": "B05",
		"\u045a": "B06",
		"\u00b5": "B07",
		"\u2264": "B08",
		"\u2265": "B09",
		"\u00f7": "B10",
		"\u00a0": "A03"
	},
	"opt+shift": {
		"`": "C11",
		"\u0407": "C01",
		"\u0401": "D03",
		"\u0404": "D13",
		"\u0490": "C06",
		"\u2122": "D06",
		"&": "E06",
		"\u2116": "B05",
		"\u00b0": "E08",
		"{": "E09",
		"}": "E10",
		"\u2014": "E11",
		"+": "E12",
		"\u00b1": "D01",
		"\u0429": "D02",
		"\u00ae": "D04",
		"\u040b": "D05",
		"\u040e": "D07",
		"\u0406": "D08",
		"\u2018": "D09",
		"\u2019": "C10",
		"\u201d": "D11",
		"\u040f": "B01",
		"\u0405": "C02",
		"\u0402": "C03",
		"\u2206": "C04",
		"\u0403": "C05",
		"\u0408": "C07",
		"\u040c": "C08",
		"\u0409": "C09",
		"\u00a9": "B03",
		"\u2020": "B04",
		"\u040a": "B06",
		"\u00b5": "B07",
		"\u00f7": "B08",
		"\u2026": "B09",
		"\\": "B10",
		"\u00a0": "A03"
	},
	"ctrl": {
		"`": "E00",
		"1": "E01",
		"2": "E02",
		"3": "E03",
		"4": "E04",
		"5": "E05",
		"6": "E06",
		"7": "E07",
		"8": "E08",
		"9": "E09",
		"0": "B00",
		"\u001f": "E11",
		"+": "E12",
		"\u0011": "D01",
		"\u0017": "D02",
		"\u0005": "D03",
		"\u0012": "D04",
		"\u0014": "D05",
		"\u0019": "D06",
		"\u0015": "D07",
		"\t": "D08",
		"\u000f": "D09",
		"\u0010": "D10",
		"\u001b": "D11",
		"\u001d": "D12",
		"\u001c": "D13",
		"\u0001": "C01",
		"\u0013": "C02",
		"\u0004": "C03",
		"\u0006": "C04",
		"\u0007": "C05",
		"\b": "C06",
		"\n": "C07",
		"\u000b": "C08",
		"\f": "C09",
		":": "C10",
		"\"": "C11",
		"\u001a": "B01",
		"\u0018": "B02",
		"\u0003": "B03",
		"\u0016": "B04",
		"\u0002": "B05",
		"\u000e": "B06",
		"\r": "B07",
		",": "B08",
		".": "B09",
		"/": "B10",
		" ": "A03"
	},
	"cmd": {
		"`": "E00",
		"1": "E01",
		"2": "E02",
		"3": "E03",
		"4": "E04",
		"5": "E05",
		"6": "E06",
		"7": "E07",
		"8": "E08",
		"9": "E09",
		"0": "E10",
		"-": "E11",
		"=": "E12",
		"q": "D01",
		"w": "D02",
		"e": "D03",
		"r": "D04",
		"t": "D05",
		"y": "D06",
		"u": "D07",
		"i": "D08",
		"o": "D09",
		"p": "D10",
		"[": "D11",
		"]": "D12",
		"\\": "D13",
		"a": "C01",
		"s": "C02",
		"d": "C03",
		"f": "C04",
		"g": "C05",
		"h": "C06",
		"j": "C07",
		"k": "C08",
		"l": "C09",
		";": "C10",
		"'": "C11",
		"z": "B01",
		"x": "B02",
		"c": "B03",
		"v": "B04",
		"b": "B05",
		"n": "B06",
		"m": "B07",
		",": "B08",
		".": "B09",
		"/": "B10",
		" ": "A03"
	},
	"cmd+optR": {
		"\u0429": "E00",
		"!": "E01",
		"@": "E02",
		"#": "E03",
		"$": "E04",
		"%": "E05",
		"^": "E06",
		"&": "E07",
		"*": "E08",
		"(": "E09",
		")": "E10",
		"\u2014": "E11",
		"+": "E12",
		"\u042f": "D01",
		"\u0428": "D02",
		"\u0415": "D03",
		"\u0420": "D04",
		"\u0422": "D05",
		"\u042b": "D06",
		"\u0423": "D07",
		"\u0418": "D08",
		"\u041e": "D09",
		"\u041f": "D10",
		"\u042e": "D11",
		"\u0416": "D12",
		"|": "D13",
		"\u0410": "C01",
		"\u0421": "C02",
		"\u0414": "C03",
		"\u0424": "C04",
		"\u0413": "C05",
		"\u0427": "C06",
		"\u0419": "C07",
		"\u041a": "C08",
		"\u041b": "C09",
		":": "C10",
		"\"": "C11",
		"<": "B08",
		"\u0417": "B01",
		"\u0425": "B02",
		"\u0426": "B03",
		"\u0412": "B04",
		"\u0411": "B05",
		"\u041d": "B06",
		"\u041c": "B07",
		">": "B09",
		"?": "B10",
		" ": "A03"
	}
}