{
	"lang": "Kannada (macOS)",
	"": {
		"\u0cca": "E00",
		"\u0ce7": "E01",
		"\u0ce8": "E02",
		"\u0ce9": "E03",
		"\u0cea": "E04",
		"\u0ceb": "E05",
		"\u0cec": "E06",
		"\u0ced": "E07",
		"\u0cee": "E08",
		"\u0cef": "E09",
		"\u0ce6": "E10",
		"-": "E11",
		"\u0cc3": "E12",
		"\u0ccc": "D01",
		"\u0cc8": "D02",
		"\u0cbe": "D03",
		"\u0cc0": "D04",
		"\u0cc2": "D05",
		"\u0cac": "D06",
		"\u0cb9": "D07",
		"\u0c97": "D08",
		"\u0ca6": "D09",
		"\u0c9c": "D10",
		"\u0ca1": "D11",
		"\u0ccb": "C01",
		"\u0cc7": "C02",
		"\u0ccd": "C03",
		"\u0cbf": "C04",
		"\u0cc1": "C05",
		"\u0caa": "C06",
		"\u0cb0": "C07",
		"\u0c95": "C08",
		"\u0ca4": "C09",
		"\u0c9a": "C10",
		"\u0c9f": "C11",
		"\u0cc6": "B01",
		"\u0c82": "B02",
		"\u0cae": "B03",
		"\u0ca8": "B04",
		"\u0cb5": "B05",
		"\u0cb2": "B06",
		"\u0cb8": "B07",
		",": "B08",
		".": "B09",
		"\u0caf": "B10",
		" ": "A03"
	},
	"shift": {
		"\u0c92": "E00",
		"\u0ccd\u0cb0": "E03",
		"\u0cb0\u0ccd": "E04",
		"\u0c9c\u0ccd\u0c9e": "E05",
		"\u0ca4\u0ccd\u0cb0": "E06",
		"\u0c95\u0ccd\u0cb7": "E07",
		"\u0cb6\u0ccd\u0cb0": "E08",
		"(": "E09",
		")": "E10",
		"\u0c83": "E11",
		"\u0c8b": "E12",
		"\u0c94": "D01",
		"\u0c90": "D02",
		"\u0c86": "D03",
		"\u0c88": "D04",
		"\u0c8a": "D05",
		"\u0cad": "D06",
		"\u0c99": "D07",
		"\u0c98": "D08",
		"\u0ca7": "D09",
		"\u0c9d": "D10",
		"\u0ca2": "D11",
		"\u0c9e": "D12",
		"\u0c93": "C01",
		"\u0c8f": "C02",
		"\u0c85": "C03",
		"\u0c87": "C04",
		"\u0c89": "C05",
		"\u0cab": "C06",
		"\u0cb1": "C07",
		"\u0c96": "C08",
		"\u0ca5": "C09",
		"\u0c9b": "C10",
		"\u0ca0": "C11",
		"\u0c8e": "B01",
		"\u0ca3": "B03",
		"\u0cb3": "B06",
		"\u0cb6": "B07",
		"\u0cb7": "B08",
		" ": "A03"
	},
	"caps": {
		"\u0cca": "E00",
		"1": "E01",
		"2": "E02",
		"3": "E03",
		"4": "E04",
		"5": "E05",
		"6": "E06",
		"7": "E07",
		"8": "E08",
		"9": "E09",
		"0": "E10",
		"-": "E11",
		"\u0cc3": "E12",
		"\u0ccc": "D01",
		"\u0cc8": "D02",
		"\u0cbe": "D03",
		"\u0cc0": "D04",
		"\u0cc2": "D05",
		"\u0cac": "D06",
		"\u0cb9": "D07",
		"\u0c97": "D08",
		"\u0ca6": "D09",
		"\u0c9c": "D10",
		"\u0ca1": "D11",
		"\u0ccb": "C01",
		"\u0cc7": "C02",
		"\u0ccd": "C03",
		"\u0cbf": "C04",
		"\u0cc1": "C05",
		"\u0caa": "C06",
		"\u0cb0": "C07",
		"\u0c95": "C08",
		"\u0ca4": "C09",
		"\u0c9a": "C10",
		"\u0c9f": "C11",
		"\u0cc6": "B01",
		"\u0c82": "B02",
		"\u0cae": "B03",
		"\u0ca8": "B04",
		"\u0cb5": "B05",
		"\u0cb2": "B06",
		"\u0cb8": "B07",
		",": "B08",
		".": "B09",
		"\u0caf": "B10",
		" ": "A03"
	},
	"opt": {
		"`": "E00",
		"1": "E01",
		"2": "E02",
		"3": "E03",
		"4": "E04",
		"5": "E05",
		"6": "E06",
		"7": "E07",
		"8": "E08",
		"9": "E09",
		"0": "E10",
		"\u2014": "E11",
		"=": "E12",
		"q": "D01",
		"w": "D02",
		"e": "D03",
		"r": "D04",
		"t": "D05",
		"y": "D06",
		"u": "D07",
		"i": "D08",
		"o": "D09",
		"p": "D10",
		"[": "D11",
		"]": "D12",
		"\\": "D13",
		"a": "C01",
		"s": "C02",
		"d": "C03",
		"f": "C04",
		"g": "C05",
		"h": "C06",
		"j": "C07",
		"k": "C08",
		"l": "C09",
		";": "C10",
		"'": "C11",
		"z": "B01",
		"x": "B02",
		"c": "B03",
		"v": "B04",
		"b": "B05",
		"n": "B06",
		"m": "B07",
		",": "B08",
		".": "B09",
		"/": "B10",
		" ": "A03"
	},
	"opt+shift": {
		"~": "E00",
		"!": "E01",
		"@": "E02",
		"#": "E03",
		"$": "E04",
		"%": "E05",
		"^": "E06",
		"&": "E07",
		"*": "E08",
		"(": "E09",
		")": "E10",
		"_": "E11",
		"+": "E12",
		"Q": "D01",
		"W": "D02",
		"E": "D03",
		"R": "D04",
		"T": "D05",
		"Y": "D06",
		"U": "D07",
		"I": "D08",
		"O": "D09",
		"P": "D10",
		"{": "D11",
		"}": "D12",
		"|": "D13",
		"A": "C01",
		"S": "C02",
		"D": "C03",
		"F": "C04",
		"G": "C05",
		"H": "C06",
		"J": "C07",
		"K": "C08",
		"L": "C09",
		":": "C10",
		"\"": "C11",
		"Z": "B01",
		"X": "B02",
		"C": "B03",
		"V": "B04",
		"B": "B05",
		"N": "B06",
		"M": "B07",
		"<": "B08",
		">": "B09",
		"?": "B10",
		" ": "A03"
	},
	"ctrlL": {
		"`": "E00",
		"1": "E01",
		"2": "E02",
		"3": "E03",
		"4": "E04",
		"5": "E05",
		"6": "E06",
		"7": "E07",
		"8": "E08",
		"9": "E09",
		"0": "B00",
		"\u001f": "E11",
		"=": "E12",
		"\u0011": "D01",
		"\u0017": "D02",
		"\u0005": "D03",
		"\u0012": "D04",
		"\u0014": "D05",
		"\u0019": "D06",
		"\u0015": "D07",
		"\t": "D08",
		"\u000f": "D09",
		"\u0010": "D10",
		"\u001b": "D11",
		"\u001d": "D12",
		"\u001c": "D13",
		"\u0001": "C01",
		"\u0013": "C02",
		"\u0004": "C03",
		"\u0006": "C04",
		"\u0007": "C05",
		"\b": "C06",
		"\n": "C07",
		"\u000b": "C08",
		"\f": "C09",
		";": "C10",
		"'": "C11",
		"\u001a": "B01",
		"\u0018": "B02",
		"\u0003": "B03",
		"\u0016": "B04",
		"\u0002": "B05",
		"\u000e": "B06",
		"\r": "B07",
		",": "B08",
		".": "B09",
		"/": "B10",
		" ": "A03"
	},
	"cmd": {
		"`": "E00",
		"1": "E01",
		"2": "E02",
		"3": "E03",
		"4": "E04",
		"5": "E05",
		"6": "E06",
		"7": "E07",
		"8": "E08",
		"9": "E09",
		"0": "E10",
		"-": "E11",
		"=": "E12",
		"q": "D01",
		"w": "D02",
		"e": "D03",
		"r": "D04",
		"t": "D05",
		"y": "D06",
		"u": "D07",
		"i": "D08",
		"o": "D09",
		"p": "D10",
		"[": "D11",
		"]": "D12",
		"\\": "D13",
		"a": "C01",
		"s": "C02",
		"d": "C03",
		"f": "C04",
		"g": "C05",
		"h": "C06",
		"j": "C07",
		"k": "C08",
		"l": "C09",
		";": "C10",
		"'": "C11",
		"z": "B01",
		"x": "B02",
		"c": "B03",
		"v": "B04",
		"b": "B05",
		"n": "B06",
		"m": "B07",
		",": "B08",
		".": "B09",
		"/": "B10",
		" ": "A03"
	}
}