{
	"lang": "Hebrew (macOS)",
	"": {
		";": "E00",
		"1": "E01",
		"2": "E02",
		"3": "E03",
		"4": "E04",
		"5": "E05",
		"6": "E06",
		"7": "E07",
		"8": "E08",
		"9": "E09",
		"0": "E10",
		"-": "E11",
		"=": "E12",
		"/": "D01",
		"\u05f3": "D02",
		"\u05e7": "D03",
		"\u05e8": "D04",
		"\u05d0": "D05",
		"\u05d8": "D06",
		"\u05d5": "D07",
		"\u05df": "D08",
		"\u05dd": "D09",
		"\u05e4": "D10",
		"]": "D11",
		"[": "D12",
		"\u05bf": "D13",
		"\u05e9": "C01",
		"\u05d3": "C02",
		"\u05d2": "C03",
		"\u05db": "C04",
		"\u05e2": "C05",
		"\u05d9": "C06",
		"\u05d7": "C07",
		"\u05dc": "C08",
		"\u05da": "C09",
		"\u05e3": "C10",
		",": "C11",
		"\u0003": "B00",
		"\u05d6": "B01",
		"\u05e1": "B02",
		"\u05d1": "B03",
		"\u05d4": "B04",
		"\u05e0": "B05",
		"\u05de": "B06",
		"\u05e6": "B07",
		"\u05ea": "B08",
		"\u05e5": "B09",
		".": "B10",
		" ": "A03"
	},
	"shift": {
		"~": "E00",
		"!": "E01",
		"@": "E02",
		"#": "E03",
		"$": "E04",
		"%": "E05",
		"^": "E06",
		"\u20aa": "E07",
		"*": "E08",
		")": "E09",
		"(": "E10",
		"_": "E11",
		"+": "E12",
		"\u05d5\u05b9": "D07",
		"}": "D11",
		"{": "D12",
		"|": "D13",
		"\u05e9\u05c1": "C01",
		"\u201e": "C03",
		"\u05dc\u05b9": "B03",
		":": "C10",
		"\u05f4": "C11",
		">": "B08",
		"<": "B09",
		"?": "B10",
		" ": "A03"
	},
	"cmd": {
		"`": "E00",
		"1": "E01",
		"2": "E02",
		"3": "E03",
		"4": "E04",
		"5": "E05",
		"6": "E06",
		"7": "E07",
		"8": "E08",
		"9": "E09",
		"0": "E10",
		"-": "E11",
		"=": "E12",
		"q": "D01",
		"w": "D02",
		"e": "D03",
		"r": "D04",
		"t": "D05",
		"y": "D06",
		"u": "D07",
		"i": "D08",
		"o": "D09",
		"p": "D10",
		"[": "D11",
		"]": "D12",
		"\\": "D13",
		"a": "C01",
		"s": "C02",
		"d": "C03",
		"f": "C04",
		"g": "C05",
		"h": "C06",
		"j": "C07",
		"k": "C08",
		"l": "C09",
		";": "C10",
		"'": "C11",
		"z": "B01",
		"x": "B02",
		"c": "B03",
		"v": "B04",
		"b": "B05",
		"n": "B06",
		"m": "B07",
		",": "B08",
		".": "B09",
		"/": "B10",
		" ": "A03"
	},
	"caps+shift": {
		"~": "E00",
		"!": "E01",
		"@": "E02",
		"#": "E03",
		"$": "E04",
		"%": "E05",
		"^": "E06",
		"&": "E07",
		"*": "E08",
		"(": "E09",
		")": "E10",
		"_": "E11",
		"+": "E12",
		"Q": "D01",
		"W": "D02",
		"E": "D03",
		"R": "D04",
		"T": "D05",
		"Y": "D06",
		"U": "D07",
		"I": "D08",
		"O": "D09",
		"P": "D10",
		"{": "D11",
		"}": "D12",
		"|": "D13",
		"A": "C01",
		"S": "C02",
		"D": "C03",
		"F": "C04",
		"G": "C05",
		"H": "C06",
		"J": "C07",
		"K": "C08",
		"L": "C09",
		":": "C10",
		"\"": "C11",
		"Z": "B01",
		"X": "B02",
		"C": "B03",
		"V": "B04",
		"B": "B05",
		"N": "B06",
		"M": "B07",
		"<": "B08",
		">": "B09",
		"?": "B10",
		" ": "A03"
	},
	"opt": {
		"\u05b2": "C11",
		"\u05b3": "E02",
		"\u05b1": "E03",
		"\u05b4": "E04",
		"\u05b5": "E05",
		"\u05b7": "E06",
		"\u05b8": "D02",
		"\u05bb": "E08",
		"\u05b6": "E09",
		"\u05b0": "E10",
		"-": "E11",
		"\u05b9": "E12",
		"\u2026": "D01",
		"\u05d5\u05bc": "D07",
		"\u05be": "D13",
		"\u05e9\u05c2": "C01",
		"\u200e": "C02",
		"\u200f": "C03",
		"\u20ac": "C04",
		"\u059e": "C05",
		"\u05f2\u05b7": "C06",
		"\u201d": "B04",
		"\u059c": "C08",
		"\u2019": "B06",
		";": "C10",
		"\u0003": "B00",
		"\u2013": "B01",
		"\u2014": "B02",
		"\u201c": "B03",
		"\u2018": "B05",
		"\u05e9\u05c1": "B07",
		"\u05bc": "B08",
		"\u00a0": "A03"
	},
	"opt+shift": {
		"\u05b2": "C11",
		"\u05b3": "E02",
		"\u05b1": "E03",
		"\u05b4": "E04",
		"\u05b5": "E05",
		"\u05b7": "E06",
		"\u05b8": "D02",
		"\u05bb": "E08",
		"\u05b6": "E09",
		"\u05b0": "E10",
		"-": "E11",
		"\u05b9": "E12",
		"\u2026": "D01",
		"\u05d5\u05bc": "D07",
		"\u05be": "D13",
		"\u05e9\u05c2": "C01",
		"\u20ac": "C04",
		"\u05f2\u05b7": "C06",
		";": "C10",
		"\u0003": "B00",
		"\u2013": "B01",
		"\u2014": "B02",
		"\u059e": "B03",
		"\u201d": "B04",
		"\u059c": "B05",
		"\u2019": "B06",
		"\u05e9\u05c1": "B07",
		"\u05bc": "B08",
		"\u00a0": "A03"
	},
	"ctrlL": {
		"`": "E00",
		"1": "E01",
		"2": "E02",
		"3": "E03",
		"4": "E04",
		"5": "E05",
		"6": "E06",
		"7": "E07",
		"8": "E08",
		"9": "E09",
		"0": "B00",
		"\u001f": "E11",
		"=": "E12",
		"\u0011": "D01",
		"\u0017": "D02",
		"\u0005": "D03",
		"\u0012": "D04",
		"\u0014": "D05",
		"\u0019": "D06",
		"\u0015": "D07",
		"\t": "D08",
		"\u000f": "D09",
		"\u0010": "D10",
		"\u001b": "D11",
		"\u001d": "D12",
		"\u001c": "D13",
		"\u0001": "C01",
		"\u0013": "C02",
		"\u0004": "C03",
		"\u0006": "C04",
		"\u0007": "C05",
		"\b": "C06",
		"\n": "C07",
		"\u000b": "C08",
		"\f": "C09",
		";": "C10",
		"\u05f3": "C11",
		"\u001a": "B01",
		"\u0018": "B02",
		"\u0003": "B03",
		"\u0016": "B04",
		"\u0002": "B05",
		"\u000e": "B06",
		"\r": "B07",
		",": "B08",
		".": "B09",
		"/": "B10",
		" ": "A03"
	}
}