{
	"lang": "British (macOS)",
	"": {
		"`": "E00",
		"1": "E01",
		"2": "E02",
		"3": "E03",
		"4": "E04",
		"5": "E05",
		"6": "E06",
		"7": "E07",
		"8": "E08",
		"9": "E09",
		"0": "E10",
		"-": "E11",
		"=": "E12",
		"q": "D01",
		"w": "D02",
		"e": "D03",
		"r": "D04",
		"t": "D05",
		"y": "D06",
		"u": "D07",
		"i": "D08",
		"o": "D09",
		"p": "D10",
		"[": "D11",
		"]": "D12",
		"\\": "D13",
		"a": "C01",
		"s": "C02",
		"d": "C03",
		"f": "C04",
		"g": "C05",
		"h": "C06",
		"j": "C07",
		"k": "C08",
		"l": "C09",
		";": "C10",
		"'": "C11",
		"\u00a7": "B00",
		"z": "B01",
		"x": "B02",
		"c": "B03",
		"v": "B04",
		"b": "B05",
		"n": "B06",
		"m": "B07",
		",": "B08",
		".": "B09",
		"/": "B10",
		" ": "A03"
	},
	"shift": {
		"~": "E00",
		"!": "E01",
		"@": "E02",
		"\u00a3": "E03",
		"$": "E04",
		"%": "E05",
		"^": "E06",
		"&": "E07",
		"*": "E08",
		"(": "E09",
		")": "E10",
		"_": "E11",
		"+": "E12",
		"Q": "D01",
		"W": "D02",
		"E": "D03",
		"R": "D04",
		"T": "D05",
		"Y": "D06",
		"U": "D07",
		"I": "D08",
		"O": "D09",
		"P": "D10",
		"{": "D11",
		"}": "D12",
		"|": "D13",
		"A": "C01",
		"S": "C02",
		"D": "C03",
		"F": "C04",
		"G": "C05",
		"H": "C06",
		"J": "C07",
		"K": "C08",
		"L": "C09",
		":": "C10",
		"\"": "C11",
		"\u00b1": "B00",
		"Z": "B01",
		"X": "B02",
		"C": "B03",
		"V": "B04",
		"B": "B05",
		"N": "B06",
		"M": "B07",
		"<": "B08",
		">": "B09",
		"?": "B10",
		" ": "A03"
	},
	"caps": {
		"`": "E00",
		"1": "E01",
		"2": "E02",
		"3": "E03",
		"4": "E04",
		"5": "E05",
		"6": "E06",
		"7": "E07",
		"8": "E08",
		"9": "E09",
		"0": "E10",
		"-": "E11",
		"=": "E12",
		"Q": "D01",
		"W": "D02",
		"E": "D03",
		"R": "D04",
		"T": "D05",
		"Y": "D06",
		"U": "D07",
		"I": "D08",
		"O": "D09",
		"P": "D10",
		"[": "D11",
		"]": "D12",
		"\\": "D13",
		"A": "C01",
		"S": "C02",
		"D": "C03",
		"F": "C04",
		"G": "C05",
		"H": "C06",
		"J": "C07",
		"K": "C08",
		"L": "C09",
		";": "C10",
		"'": "C11",
		"\u00a7": "B00",
		"Z": "B01",
		"X": "B02",
		"C": "B03",
		"V": "B04",
		"B": "B05",
		"N": "B06",
		"M": "B07",
		",": "B08",
		".": "B09",
		"/": "B10",
		" ": "A03"
	},
	"opt": {
		"`": "E00",
		"\u00a1": "E01",
		"\u20ac": "E02",
		"#": "E03",
		"\u00a2": "E04",
		"\u221e": "E05",
		"\u00a7": "E06",
		"\u00b6": "E07",
		"\u2022": "E08",
		"\u00aa": "E09",
		"\u00ba": "E10",
		"\u2013": "E11",
		"\u2260": "E12",
		"\u0153": "D01",
		"\u2211": "D02",
		"\u00b4": "D03",
		"\u00ae": "D04",
		"\u2020": "D05",
		"\u00a5": "D06",
		"\u00a8": "D07",
		"^": "D08",
		"\u00f8": "D09",
		"\u03c0": "D10",
		"\u201c": "D11",
		"\u2018": "D12",
		"\u00ab": "D13",
		"\u00e5": "C01",
		"\u00df": "C02",
		"\u2202": "C03",
		"\u0192": "C04",
		"\u00a9": "C05",
		"\u02d9": "C06",
		"\u2206": "C07",
		"\u02da": "C08",
		"\u00ac": "C09",
		"\u2026": "C10",
		"\u00e6": "C11",
		"\u03a9": "B01",
		"\u2248": "B02",
		"\u00e7": "B03",
		"\u221a": "B04",
		"\u222b": "B05",
		"~": "B06",
		"\u00b5": "B07",
		"\u2264": "B08",
		"\u2265": "B09",
		"\u00f7": "B10",
		"\u00a0": "A03"
	},
	"opt+shift": {
		"\u0178": "E00",
		"\u2044": "E01",
		"\u2122": "E02",
		"\u2039": "E03",
		"\u203a": "E04",
		"\ufb01": "E05",
		"\ufb02": "E06",
		"\u2021": "E07",
		"\u00b0": "E08",
		"\u00b7": "E09",
		"\u201a": "E10",
		"\u2014": "E11",
		"\u00b1": "E12",
		"\u0152": "D01",
		"\u201e": "D02",
		"\u2030": "D03",
		"\u00c2": "D04",
		"\u00ca": "D05",
		"\u00c1": "D06",
		"\u00cb": "D07",
		"\u00c8": "D08",
		"\u00d8": "D09",
		"\u220f": "D10",
		"\u201d": "D11",
		"\u2019": "D12",
		"\u00bb": "D13",
		"\u00c5": "C01",
		"\u00cd": "C02",
		"\u00ce": "C03",
		"\u00cf": "C04",
		"\u00cc": "C05",
		"\u00d3": "C06",
		"\u00d4": "C07",
		"\uf8ff": "C08",
		"\u00d2": "C09",
		"\u00da": "C10",
		"\u00c6": "C11",
		"\u00db": "B01",
		"\u00d9": "B02",
		"\u00c7": "B03",
		"\u25ca": "B04",
		"\u0131": "B05",
		"\u02c6": "B06",
		"\u02dc": "B07",
		"\u00af": "B08",
		"\u02d8": "B09",
		"\u00bf": "B10",
		"\u00a0": "A03"
	},
	"opt+caps": {
		"`": "E00",
		"\u00a1": "E01",
		"\u2122": "E02",
		"#": "E03",
		"\u00a2": "E04",
		"\u221e": "E05",
		"\u00a7": "E06",
		"\u00b6": "E07",
		"\u2022": "E08",
		"\u00aa": "E09",
		"\u00ba": "E10",
		"\u2013": "E11",
		"\u2260": "E12",
		"\u0152": "D01",
		"\u201e": "D02",
		"\u2030": "D03",
		"\u00c2": "D04",
		"\u00ca": "D05",
		"\u00c1": "D06",
		"\u00cb": "D07",
		"\u00c8": "D08",
		"\u00d8": "D09",
		"\u220f": "D10",
		"\u201c": "D11",
		"\u2018": "D12",
		"\u00ab": "D13",
		"\u00c5": "C01",
		"\u00cd": "C02",
		"\u00ce": "C03",
		"\u00cf": "C04",
		"\u00cc": "C05",
		"\u00d3": "C06",
		"\u00d4": "C07",
		"\uf8ff": "C08",
		"\u00d2": "C09",
		"\u2026": "C10",
		"\u00c6": "C11",
		"\u00db": "B01",
		"\u00d9": "B02",
		"\u00c7": "B03",
		"\u25ca": "B04",
		"\u0131": "B05",
		"\u02c6": "B06",
		"\u02dc": "B07",
		"\u2264": "B08",
		"\u2265": "B09",
		"\u00f7": "B10",
		"\u00a0": "A03"
	},
	"ctrl": {
		"`": "B00",
		"1": "E01",
		"2": "E02",
		"3": "E03",
		"4": "E04",
		"5": "E05",
		"6": "E06",
		"7": "E07",
		"8": "E08",
		"9": "E09",
		"0": "E10",
		"\u001f": "E11",
		"=": "E12",
		"\u0011": "D01",
		"\u0017": "D02",
		"\u0005": "D03",
		"\u0012": "D04",
		"\u0014": "D05",
		"\u0019": "D06",
		"\u0015": "D07",
		"\t": "D08",
		"\u000f": "D09",
		"\u0010": "D10",
		"\u001b": "D11",
		"\u001d": "D12",
		"\u001c": "D13",
		"\u0001": "C01",
		"\u0013": "C02",
		"\u0004": "C03",
		"\u0006": "C04",
		"\u0007": "C05",
		"\b": "C06",
		"\n": "C07",
		"\u000b": "C08",
		"\f": "C09",
		":": "C10",
		"\"": "C11",
		"\u001a": "B01",
		"\u0018": "B02",
		"\u0003": "B03",
		"\u0016": "B04",
		"\u0002": "B05",
		"\u000e": "B06",
		"\r": "B07",
		",": "B08",
		".": "B09",
		"/": "B10",
		" ": "A03"
	},
	"cmd+opt": {
		"`": "E00",
		"\u00a1": "E01",
		"\u20ac": "E02",
		"\u00a3": "E03",
		"\u00a2": "E04",
		"\u221e": "E05",
		"\u00a7": "E06",
		"\u00b6": "E07",
		"\u2022": "E08",
		"\u00aa": "E09",
		"\u00ba": "E10",
		"\u2013": "E11",
		"\u2260": "E12",
		"\u0153": "D01",
		"\u2211": "D02",
		"\u00b4": "D03",
		"\u00ae": "D04",
		"\u2020": "D05",
		"\u00a5": "D06",
		"\u00a8": "D07",
		"^": "D08",
		"\u00f8": "D09",
		"\u03c0": "D10",
		"\u201c": "D11",
		"\u2018": "D12",
		"\u00ab": "D13",
		"\u00e5": "C01",
		"\u00df": "C02",
		"\u2202": "C03",
		"\u0192": "C04",
		"\u00a9": "C05",
		"\u02d9": "C06",
		"\u2206": "C07",
		"\u02da": "C08",
		"\u00ac": "C09",
		"\u2026": "C10",
		"\u00e6": "C11",
		"\u00b0": "B00",
		"\u03a9": "B01",
		"\u2248": "B02",
		"\u00e7": "B03",
		"\u221a": "B04",
		"\u222b": "B05",
		"~": "B06",
		"\u00b5": "B07",
		"\u2264": "B08",
		"\u2265": "B09",
		"\u00f7": "B10",
		"\u00a0": "A03"
	}
}