{
	"lang": "Greek Polytonic (macOS)",
	"": {
		"`": "E00",
		"1": "E01",
		"2": "E02",
		"3": "E03",
		"4": "E04",
		"5": "E05",
		"6": "E06",
		"7": "E07",
		"8": "E08",
		"9": "E09",
		"0": "E10",
		"\u1fcf": "E11",
		"\u1fcd": "E12",
		";": "D01",
		"\u03c2": "D02",
		"\u03b5": "D03",
		"\u03c1": "D04",
		"\u03c4": "D05",
		"\u03c5": "D06",
		"\u03b8": "D07",
		"\u03b9": "D08",
		"\u03bf": "D09",
		"\u03c0": "D10",
		"\u1fc0": "D11",
		"\u1fef": "D12",
		"\\": "D13",
		"\u03b1": "C01",
		"\u03c3": "C02",
		"\u03b4": "C03",
		"\u03c6": "C04",
		"\u03b3": "C05",
		"\u03b7": "C06",
		"\u03be": "C07",
		"\u03ba": "C08",
		"\u03bb": "C09",
		"\u00b4": "C10",
		"\u1fbd": "C11",
		"\u00a7": "B00",
		"\u03b6": "B01",
		"\u03c7": "B02",
		"\u03c8": "B03",
		"\u03c9": "B04",
		"\u03b2": "B05",
		"\u03bd": "B06",
		"\u03bc": "B07",
		",": "B08",
		".": "B09",
		"\u1fce": "B10",
		" ": "A03"
	},
	"shift": {
		"~": "E00",
		"!": "E01",
		"@": "E02",
		"#": "E03",
		"$": "E04",
		"%": "E05",
		"^": "E06",
		"&": "E07",
		"*": "E08",
		"(": "E09",
		")": "E10",
		"\u1fdf": "E11",
		"\u1fdd": "E12",
		":": "D01",
		"\u1fee": "D02",
		"\u0395": "D03",
		"\u03a1": "D04",
		"\u03a4": "D05",
		"\u03a5": "D06",
		"\u0398": "D07",
		"\u0399": "D08",
		"\u039f": "D09",
		"\u03a0": "D10",
		"\u1fbe": "D11",
		"\u1fef": "D12",
		"|": "D13",
		"\u0391": "C01",
		"\u03a3": "C02",
		"\u0394": "C03",
		"\u03a6": "C04",
		"\u0393": "C05",
		"\u0397": "C06",
		"\u039e": "C07",
		"\u039a": "C08",
		"\u039b": "C09",
		"\u00a8": "C10",
		"\u1ffe": "C11",
		"\u00b1": "B00",
		"\u0396": "B01",
		"\u03a7": "B02",
		"\u03a8": "B03",
		"\u03a9": "B04",
		"\u0392": "B05",
		"\u039d": "B06",
		"\u039c": "B07",
		"<": "B08",
		">": "B09",
		"\u1fde": "B10",
		" ": "A03"
	},
	"caps": {
		"`": "E00",
		"1": "E01",
		"2": "E02",
		"3": "E03",
		"4": "E04",
		"5": "E05",
		"6": "E06",
		"7": "E07",
		"8": "E08",
		"9": "E09",
		"0": "E10",
		"-": "E11",
		"=": "E12",
		";": "D01",
		"\u03a3": "C02",
		"\u0395": "D03",
		"\u03a1": "D04",
		"\u03a4": "D05",
		"\u03a5": "D06",
		"\u0398": "D07",
		"\u0399": "D08",
		"\u039f": "D09",
		"\u03a0": "D10",
		"[": "D11",
		"]": "D12",
		"\\": "D13",
		"\u0391": "C01",
		"\u0394": "C03",
		"\u03a6": "C04",
		"\u0393": "C05",
		"\u0397": "C06",
		"\u039e": "C07",
		"\u039a": "C08",
		"\u039b": "C09",
		"\u00b4": "C10",
		"'": "C11",
		"\u00a7": "B00",
		"\u0396": "B01",
		"\u03a7": "B02",
		"\u03a8": "B03",
		"\u03a9": "B04",
		"\u0392": "B05",
		"\u039d": "B06",
		"\u039c": "B07",
		",": "B08",
		".": "B09",
		"/": "B10",
		" ": "A03"
	},
	"opt": {
		"\u037e": "E00",
		"\u00b9": "E01",
		"\u00b2": "E02",
		"\u00b3": "E03",
		"\u00a3": "E04",
		"\u00a7": "B00",
		"\u00b6": "E06",
		"\u03d7": "E07",
		"\u2022": "E08",
		"\u00b7": "E09",
		"\u00b0": "E10",
		"-": "E11",
		"=": "E12",
		"\u03d9": "D01",
		"\u03dd": "D02",
		"\u20ac": "D03",
		"\u03f1": "D04",
		"\u2122": "D05",
		"\u00a5": "D06",
		"\u03d1": "D07",
		"\u1fbe": "D08",
		"\u03db": "D09",
		"\u03d6": "D10",
		"[": "D11",
		"]": "D12",
		"\u00a6": "D13",
		"\u2026": "C01",
		"\u03f2": "C02",
		"\u00f7": "C03",
		"\u03d5": "C04",
		"\u00a9": "C05",
		"\u00ac": "C06",
		"\u03f3": "C07",
		"\u03f0": "C08",
		"\u02d8": "C09",
		";": "C10",
		"'": "C11",
		"\u03df": "B01",
		"\u03f8": "B02",
		"\u03e1": "B03",
		"\u2018": "B04",
		"\u03d0": "B05",
		"\u2019": "B06",
		"\u03fb": "B07",
		"\u00ab": "B08",
		"\u00bb": "B09",
		"/": "B10",
		"\u00a0": "A03"
	},
	"opt+shift": {
		"\u0387": "E00",
		"\u0374": "E01",
		"\u00bd": "E02",
		"\u03f6": "E03",
		"\u00a2": "E04",
		"_": "E11",
		"+": "E12",
		"\u03d8": "D01",
		"\u03dc": "D02",
		"\u03f5": "D03",
		"\u2020": "D05",
		"\u03d2": "D06",
		"\u03f4": "D07",
		"\u03da": "D09",
		"\u2248": "D10",
		"{": "D11",
		"}": "D12",
		"\u03f9": "C02",
		"\u00ae": "C05",
		"\u00af": "C09",
		":": "C10",
		"\"": "C11",
		"\u00b1": "B00",
		"\u03de": "B01",
		"\u03f7": "B02",
		"\u03e0": "B03",
		"\u201c": "B04",
		"\u201d": "B06",
		"\u03fa": "B07",
		"\u2264": "B08",
		"\u2265": "B09",
		"?": "B10",
		"\u00a0": "A03"
	},
	"ctrlL": {
		"`": "E00",
		"1": "E01",
		"2": "E02",
		"3": "E03",
		"4": "E04",
		"5": "E05",
		"6": "E06",
		"7": "E07",
		"8": "E08",
		"9": "E09",
		"0": "B00",
		"\u001f": "E11",
		"+": "E12",
		"\u0011": "D01",
		"\u0017": "D02",
		"\u0005": "D03",
		"\u0012": "D04",
		"\u0014": "D05",
		"\u0019": "D06",
		"\u0015": "D07",
		"\t": "D08",
		"\u000f": "D09",
		"\u0010": "D10",
		"\u001b": "D11",
		"\u001d": "D12",
		"\u001c": "D13",
		"\u0001": "C01",
		"\u0013": "C02",
		"\u0004": "C03",
		"\u0006": "C04",
		"\u0007": "C05",
		"\b": "C06",
		"\n": "C07",
		"\u000b": "C08",
		"\f": "C09",
		":": "C10",
		"\"": "C11",
		"\u001a": "B01",
		"\u0018": "B02",
		"\u0003": "B03",
		"\u0016": "B04",
		"\u0002": "B05",
		"\u000e": "B06",
		"\r": "B07",
		",": "B08",
		".": "B09",
		"/": "B10",
		" ": "A03"
	},
	"cmd": {
		"`": "E00",
		"1": "E01",
		"2": "E02",
		"3": "E03",
		"4": "E04",
		"5": "E05",
		"6": "E06",
		"7": "E07",
		"8": "E08",
		"9": "E09",
		"0": "E10",
		"-": "E11",
		"=": "E12",
		"q": "D01",
		"w": "D02",
		"e": "D03",
		"r": "D04",
		"t": "D05",
		"y": "D06",
		"u": "D07",
		"i": "D08",
		"o": "D09",
		"p": "D10",
		"[": "D11",
		"]": "D12",
		"\\": "D13",
		"a": "C01",
		"s": "C02",
		"d": "C03",
		"f": "C04",
		"g": "C05",
		"h": "C06",
		"j": "C07",
		"k": "C08",
		"l": "C09",
		";": "C10",
		"'": "C11",
		"\u039b": "B00",
		"z": "B01",
		"x": "B02",
		"c": "B03",
		"v": "B04",
		"b": "B05",
		"n": "B06",
		"m": "B07",
		",": "B08",
		".": "B09",
		"/": "B10",
		" ": "A03"
	},
	"cmd+shift": {
		"~": "E00",
		"!": "E01",
		"@": "E02",
		"#": "E03",
		"$": "E04",
		"%": "E05",
		"^": "E06",
		"&": "E07",
		"*": "E08",
		"(": "E09",
		")": "E10",
		"_": "E11",
		"+": "E12",
		"Q": "D01",
		"W": "D02",
		"E": "D03",
		"R": "D04",
		"T": "D05",
		"Y": "D06",
		"U": "D07",
		"I": "D08",
		"O": "D09",
		"P": "D10",
		"{": "D11",
		"}": "D12",
		"|": "D13",
		"A": "C01",
		"S": "C02",
		"D": "C03",
		"F": "C04",
		"G": "C05",
		"H": "C06",
		"J": "C07",
		"K": "C08",
		"L": "C09",
		":": "C10",
		"\"": "C11",
		"Z": "B01",
		"X": "B02",
		"C": "B03",
		"V": "B04",
		"B": "B05",
		"N": "B06",
		"M": "B07",
		"<": "B08",
		">": "B09",
		"?": "B10",
		" ": "A03"
	},
	"cmd+caps": {
		"`": "E00",
		"1": "E01",
		"2": "E02",
		"3": "E03",
		"4": "E04",
		"5": "E05",
		"6": "E06",
		"7": "E07",
		"8": "E08",
		"9": "E09",
		"0": "E10",
		"-": "E11",
		"=": "E12",
		"Q": "D01",
		"W": "D02",
		"E": "D03",
		"R": "D04",
		"T": "D05",
		"Y": "D06",
		"U": "D07",
		"I": "D08",
		"O": "D09",
		"P": "D10",
		"[": "D11",
		"]": "D12",
		"\\": "D13",
		"A": "C01",
		"S": "C02",
		"D": "C03",
		"F": "C04",
		"G": "C05",
		"H": "C06",
		"J": "C07",
		"K": "C08",
		"L": "C09",
		";": "C10",
		"'": "C11",
		"\u039b": "B00",
		"Z": "B01",
		"X": "B02",
		"C": "B03",
		"V": "B04",
		"B": "B05",
		"N": "B06",
		"M": "B07",
		",": "B08",
		".": "B09",
		"/": "B10",
		" ": "A03"
	},
	"cmd+opt": {
		"`": "E00",
		"\u039d": "E01",
		"\u03a3": "E02",
		"\u0398": "E03",
		"\u0394": "E04",
		"\u0391": "E05",
		"\u039b": "E06",
		"\u03a0": "E07",
		"\u039e": "E08",
		"\u039c": "E09",
		"\u03a6": "E10",
		"\u2013": "E11",
		"\u2260": "E12",
		"\u0153": "D01",
		"\u0396": "D02",
		"\u03aa": "D03",
		"\u00ae": "D04",
		"\u2020": "D05",
		"\u00a5": "D06",
		"\u00a7": "D07",
		"^": "D08",
		"\u03a9": "D09",
		"\u0399": "D10",
		"\u201c": "D11",
		"\u2018": "D12",
		"\u00ab": "D13",
		"\u00a8": "C01",
		"\u00df": "C02",
		"\u0395": "C03",
		"\u03a1": "C04",
		"\u00a9": "C05",
		"\u03b6": "C06",
		"\u03a4": "C07",
		"\u03ca": "C08",
		"\u00ac": "C09",
		"\u2026": "C10",
		"\u03a8": "C11",
		"\u03ab": "B01",
		"\u2248": "B02",
		"\u00e7": "B03",
		"\u039f": "B04",
		"\u039a": "B05",
		"~": "B06",
		"\u0392": "B07",
		"\u2264": "B08",
		"\u2265": "B09",
		"\u00f7": "B10",
		"\u00a0": "A03"
	}
}