{
	"lang": "Malayalam-QWERTY (macOS)",
	"": {
		"\u0d46": "E00",
		"\u0d67": "E01",
		"\u0d68": "E02",
		"\u0d69": "E03",
		"\u0d6a": "E04",
		"\u0d6b": "E05",
		"\u0d6c": "E06",
		"\u0d6d": "E07",
		"\u0d6e": "E08",
		"\u0d6f": "E09",
		"\u0d66": "E10",
		"-": "E11",
		"=": "E12",
		"\u0d05": "D02",
		"\u0d47": "D03",
		"\u0d30": "D12",
		"\u0d24": "D05",
		"\u0d2f": "D06",
		"\u0d41": "D07",
		"\u0d3f": "D08",
		"\u0d4b": "D09",
		"\u0d2a": "D10",
		"\u0d4a": "D13",
		"\u0d3e": "C01",
		"\u0d38": "C02",
		"\u0d26": "C03",
		"\u0d4d": "C04",
		"\u0d17": "C05",
		"\u0d39": "C06",
		"\u0d1c": "C07",
		"\u0d15": "C08",
		"\u0d32": "C09",
		";": "C10",
		"'": "C11",
		"\u0d19": "B01",
		"\u0d37": "B02",
		"\u0d1a": "B03",
		"\u0d35": "B04",
		"\u0d2c": "B05",
		"\u0d28": "B06",
		"\u0d2e": "B07",
		",": "B08",
		".": "B09",
		"/": "B10",
		" ": "A03"
	},
	"shift": {
		"\u0d0e": "E00",
		"!": "E01",
		"@": "E02",
		"#": "E03",
		"$": "E04",
		"%": "E05",
		"^": "E06",
		"&": "E07",
		"*": "E08",
		"(": "E09",
		")": "E10",
		"_": "E11",
		"+": "E12",
		"\u0d06": "D02",
		"\u0d48": "D03",
		"\u0d43": "D04",
		"\u0d25": "D05",
		"\u0d42": "D07",
		"\u0d40": "D08",
		"\u0d4c": "D09",
		"\u0d2b": "D10",
		"[": "D11",
		"]": "D12",
		"\u0d12": "D13",
		"\u0d3e": "C01",
		"\u0d36": "C02",
		"\u0d27": "C03",
		"\u0d18": "C05",
		"\u0d03": "C06",
		"\u0d1d": "C07",
		"\u0d16": "C08",
		"\u0d33": "C09",
		":": "C10",
		"\"": "C11",
		"\u0d15\u0d4d\u0d37": "B02",
		"\u0d1b": "B03",
		"\u0d2d": "B05",
		"\u0d23": "B06",
		"\u0d02": "B07",
		"<": "B08",
		">": "B09",
		"?": "B10",
		" ": "A03"
	},
	"caps": {
		"`": "E00",
		"1": "E01",
		"2": "E02",
		"3": "E03",
		"4": "E04",
		"5": "E05",
		"6": "E06",
		"7": "E07",
		"8": "E08",
		"9": "E09",
		"0": "E10",
		"-": "E11",
		"=": "E12",
		"q": "D01",
		"w": "D02",
		"e": "D03",
		"r": "D04",
		"t": "D05",
		"y": "D06",
		"u": "D07",
		"i": "D08",
		"o": "D09",
		"p": "D10",
		"[": "D11",
		"]": "D12",
		"\\": "D13",
		"a": "C01",
		"s": "C02",
		"d": "C03",
		"f": "C04",
		"g": "C05",
		"h": "C06",
		"j": "C07",
		"k": "C08",
		"l": "C09",
		";": "C10",
		"'": "C11",
		"z": "B01",
		"x": "B02",
		"c": "B03",
		"v": "B04",
		"b": "B05",
		"n": "B06",
		"m": "B07",
		",": "B08",
		".": "B09",
		"/": "B10",
		" ": "A03"
	},
	"caps+shift": {
		"~": "E00",
		"!": "E01",
		"@": "E02",
		"#": "E03",
		"$": "E04",
		"%": "E05",
		"^": "E06",
		"&": "E07",
		"*": "E08",
		"(": "E09",
		")": "E10",
		"_": "E11",
		"+": "E12",
		"Q": "D01",
		"W": "D02",
		"E": "D03",
		"R": "D04",
		"T": "D05",
		"Y": "D06",
		"U": "D07",
		"I": "D08",
		"O": "D09",
		"P": "D10",
		"{": "D11",
		"}": "D12",
		"|": "D13",
		"A": "C01",
		"S": "C02",
		"D": "C03",
		"F": "C04",
		"G": "C05",
		"H": "C06",
		"J": "C07",
		"K": "C08",
		"L": "C09",
		":": "C10",
		"\"": "C11",
		"Z": "B01",
		"X": "B02",
		"C": "B03",
		"V": "B04",
		"B": "B05",
		"N": "B06",
		"M": "B07",
		"<": "B08",
		">": "B09",
		"?": "B10",
		" ": "A03"
	},
	"opt": {
		"`": "E00",
		"1": "E01",
		"2": "E02",
		"3": "E03",
		"4": "E04",
		"5": "E05",
		"6": "E06",
		"7": "E07",
		"8": "E08",
		"9": "E09",
		"0": "E10",
		"_": "E11",
		"=": "E12",
		"\u0d0f": "D03",
		"\u0d0b": "D04",
		"\u0d1f": "D05",
		"\u0d09": "D07",
		"\u0d07": "D08",
		"\u0d13": "D09",
		"[": "D11",
		"]": "D12",
		"\\": "D13",
		"\u0d05": "C01",
		"\u0d36\u0d4d\u0d30": "C02",
		"\u0d21": "C03",
		"\u0d1c\u0d4d\u0d1e": "C07",
		"\u0d34": "C09",
		";": "C10",
		"\u0d1e": "B06",
		".": "B09",
		" ": "A03"
	},
	"opt+shift": {
		"~": "E00",
		"\u2026": "E01",
		"\u00a9": "E02",
		"\u00ae": "E03",
		"\u2122": "E04",
		"\u2019": "E05",
		"\u2018": "E06",
		"\u2013": "E07",
		"\u2022": "E08",
		"\u2014": "E09",
		"\u00d7": "E10",
		"\u2212": "E11",
		"+": "E12",
		"\u0d10": "D03",
		"\u0d31": "D04",
		"\u0d20": "D05",
		"\u0d0a": "D07",
		"\u0d08": "D08",
		"\u0d14": "D09",
		"{": "D11",
		"}": "D12",
		"|": "D13",
		"\u0d06": "C01",
		"\u0d37": "C02",
		"\u0d22": "C03",
		":": "C10",
		"\"": "C11",
		"\u0d12": "B01",
		" ": "A03"
	},
	"ctrlL": {
		"`": "E00",
		"1": "E01",
		"2": "E02",
		"3": "E03",
		"4": "E04",
		"5": "E05",
		"6": "E06",
		"7": "E07",
		"8": "E08",
		"9": "E09",
		"0": "B00",
		"\u001f": "E11",
		"=": "E12",
		"\u0011": "D01",
		"\u0017": "D02",
		"\u0005": "D03",
		"\u0012": "D04",
		"\u0014": "D05",
		"\u0019": "D06",
		"\u0015": "D07",
		"\t": "D08",
		"\u000f": "D09",
		"\u0010": "D10",
		"\u001b": "D11",
		"\u001d": "D12",
		"\u001c": "D13",
		"\u0001": "C01",
		"\u0013": "C02",
		"\u0004": "C03",
		"\u0006": "C04",
		"\u0007": "C05",
		"\b": "C06",
		"\n": "C07",
		"\u000b": "C08",
		"\f": "C09",
		";": "C10",
		"'": "C11",
		"\u001a": "B01",
		"\u0018": "B02",
		"\u0003": "B03",
		"\u0016": "B04",
		"\u0002": "B05",
		"\u000e": "B06",
		"\r": "B07",
		",": "B08",
		".": "B09",
		"/": "B10",
		" ": "A03"
	}
}