{
	"lang": "French - numerical (macOS)",
	"": {
		"<": "E00",
		"&": "E01",
		"\u00e9": "E02",
		"\"": "E03",
		"'": "E04",
		"(": "E05",
		"\u00a7": "E06",
		"\u00e8": "E07",
		"!": "E08",
		"\u00e7": "E09",
		"\u00e0": "E10",
		")": "E11",
		"-": "E12",
		"a": "D01",
		"z": "D02",
		"e": "D03",
		"r": "D04",
		"t": "D05",
		"y": "D06",
		"u": "D07",
		"i": "D08",
		"o": "D09",
		"p": "D10",
		"^": "D11",
		"$": "D12",
		"`": "D13",
		"q": "C01",
		"s": "C02",
		"d": "C03",
		"f": "C04",
		"g": "C05",
		"h": "C06",
		"j": "C07",
		"k": "C08",
		"l": "C09",
		"m": "C10",
		"\u00f9": "C11",
		"@": "B00",
		"w": "B01",
		"x": "B02",
		"c": "B03",
		"v": "B04",
		"b": "B05",
		"n": "B06",
		",": "B07",
		";": "B08",
		":": "B09",
		"=": "B10",
		" ": "A03"
	},
	"shift": {
		">": "E00",
		"1": "E01",
		"2": "E02",
		"3": "E03",
		"4": "E04",
		"5": "E05",
		"6": "E06",
		"7": "E07",
		"8": "E08",
		"9": "E09",
		"0": "E10",
		"\u00b0": "E11",
		"_": "E12",
		"A": "D01",
		"Z": "D02",
		"E": "D03",
		"R": "D04",
		"T": "D05",
		"Y": "D06",
		"U": "D07",
		"I": "D08",
		"O": "D09",
		"P": "D10",
		"\u00a8": "D11",
		"*": "D12",
		"\u00a3": "D13",
		"Q": "C01",
		"S": "C02",
		"D": "C03",
		"F": "C04",
		"G": "C05",
		"H": "C06",
		"J": "C07",
		"K": "C08",
		"L": "C09",
		"M": "C10",
		"%": "C11",
		"#": "B00",
		"W": "B01",
		"X": "B02",
		"C": "B03",
		"V": "B04",
		"B": "B05",
		"N": "B06",
		"?": "B07",
		".": "B08",
		"/": "B09",
		"+": "B10",
		" ": "A03"
	},
	"caps": {
		">": "E00",
		"1": "E01",
		"2": "E02",
		"3": "E03",
		"4": "E04",
		"5": "E05",
		"6": "E06",
		"7": "E07",
		"8": "E08",
		"9": "E09",
		"0": "E10",
		"\u00b0": "E11",
		"_": "E12",
		"A": "D01",
		"Z": "D02",
		"E": "D03",
		"R": "D04",
		"T": "D05",
		"Y": "D06",
		"U": "D07",
		"I": "D08",
		"O": "D09",
		"P": "D10",
		"\u00a8": "D11",
		"*": "D12",
		"\u00a3": "D13",
		"Q": "C01",
		"S": "C02",
		"D": "C03",
		"F": "C04",
		"G": "C05",
		"H": "C06",
		"J": "C07",
		"K": "C08",
		"L": "C09",
		"M": "C10",
		"%": "C11",
		"#": "B00",
		"W": "B01",
		"X": "B02",
		"C": "B03",
		"V": "B04",
		"B": "B05",
		"N": "B06",
		",": "B07",
		".": "B08",
		"/": "B09",
		"+": "B10",
		" ": "A03"
	},
	"caps+shiftL": {
		"<": "E00",
		"&": "E01",
		"\u00e9": "E02",
		"\"": "E03",
		"'": "E04",
		"(": "E05",
		"\u00a7": "E06",
		"\u00e8": "E07",
		"!": "E08",
		"\u00e7": "E09",
		"\u00e0": "E10",
		")": "E11",
		"-": "E12",
		"a": "D01",
		"z": "D02",
		"e": "D03",
		"r": "D04",
		"t": "D05",
		"y": "D06",
		"u": "D07",
		"i": "D08",
		"o": "D09",
		"p": "D10",
		"^": "D11",
		"$": "D12",
		"`": "D13",
		"q": "C01",
		"s": "C02",
		"d": "C03",
		"f": "C04",
		"g": "C05",
		"h": "C06",
		"j": "C07",
		"k": "C08",
		"l": "C09",
		"m": "C10",
		"\u00f9": "C11",
		"@": "B00",
		"w": "B01",
		"x": "B02",
		"c": "B03",
		"v": "B04",
		"b": "B05",
		"n": "B06",
		"?": "B07",
		";": "B08",
		":": "B09",
		"=": "B10",
		" ": "A03"
	},
	"opt": {
		"\u2264": "E00",
		"\uf8ff": "E01",
		"\u00eb": "E02",
		"\u201c": "E03",
		"\u2018": "E04",
		"{": "E05",
		"\u00b6": "E06",
		"\u00ab": "E07",
		"\u00a1": "E08",
		"\u00c7": "E09",
		"\u00f8": "E10",
		"}": "E11",
		"\u2014": "E12",
		"\u00e6": "D01",
		"\u00c2": "D02",
		"\u00ea": "D03",
		"\u00ae": "D04",
		"\u2020": "D05",
		"\u00da": "D06",
		"\u00ba": "D07",
		"\u00ee": "D08",
		"\u0153": "D09",
		"\u03c0": "D10",
		"\u00f4": "D11",
		"\u20ac": "D12",
		"@": "D13",
		"\u2021": "C01",
		"\u00d2": "C02",
		"\u2202": "C03",
		"\u0192": "C04",
		"\ufb01": "C05",
		"\u00cc": "C06",
		"\u00cf": "C07",
		"\u00c8": "C08",
		"\u00ac": "C09",
		"\u00b5": "C10",
		"\u00d9": "C11",
		"\u2022": "B00",
		"\u2039": "B01",
		"\u2248": "B02",
		"\u00a9": "B03",
		"\u25ca": "B04",
		"\u00df": "B05",
		"~": "B06",
		"\u221e": "B07",
		"\u2026": "B08",
		"\u00f7": "B09",
		"\u2260": "B10",
		"\u00a0": "A03"
	},
	"opt+shift": {
		"\u2265": "E00",
		"\u00b4": "E01",
		"\u201e": "E02",
		"\u201d": "E03",
		"\u2019": "E04",
		"[": "E05",
		"\u00e5": "E06",
		"\u00bb": "E07",
		"\u00db": "E08",
		"\u00c1": "E09",
		"\u00d8": "E10",
		"]": "E11",
		"\u2013": "E12",
		"\u00c6": "D01",
		"\u00c5": "D02",
		"\u00ca": "D03",
		"\u201a": "D04",
		"\u2122": "D05",
		"\u0178": "B00",
		"\u00aa": "D07",
		"\u00ef": "D08",
		"\u0152": "D09",
		"\u220f": "D10",
		"\u00d4": "D11",
		"\u00a5": "D12",
		"#": "D13",
		"\u03a9": "C01",
		"\u2211": "C02",
		"\u2206": "C03",
		"\u00b7": "C04",
		"\ufb02": "C05",
		"\u00ce": "C06",
		"\u00cd": "C07",
		"\u00cb": "C08",
		"|": "C09",
		"\u00d3": "C10",
		"\u2030": "C11",
		"\u203a": "B01",
		"\u2044": "B02",
		"\u00a2": "B03",
		"\u221a": "B04",
		"\u222b": "B05",
		"\u0131": "B06",
		"\u00bf": "B07",
		"\u2022": "B08",
		"\\": "B09",
		"\u00b1": "B10",
		"\u00a0": "A03"
	},
	"opt+caps": {
		"\u2264": "E00",
		"\uf8ff": "E01",
		"\u00eb": "E02",
		"\u201c": "E03",
		"\u2018": "E04",
		"{": "E05",
		"\u00b6": "E06",
		"\u00ab": "E07",
		"\u00a1": "E08",
		"\u00c7": "E09",
		"\u00f8": "E10",
		"}": "E11",
		"\u2014": "E12",
		"\u00c6": "D01",
		"\u00c5": "D02",
		"\u00ca": "D03",
		"\u00ae": "D04",
		"\u2122": "D05",
		"\u0178": "D06",
		"\u00aa": "D07",
		"\u00ef": "D08",
		"\u0152": "D09",
		"\u220f": "D10",
		"\u00f4": "D11",
		"\u20ac": "D12",
		"@": "D13",
		"\u03a9": "C01",
		"\u2211": "C02",
		"\u2206": "C03",
		"\u00b7": "C04",
		"\ufb02": "C05",
		"\u00ce": "C06",
		"\u00cd": "C07",
		"\u00cb": "C08",
		"|": "C09",
		"\u00d3": "C10",
		"\u00d9": "C11",
		"\u2022": "B00",
		"\u203a": "B01",
		"\u2044": "B02",
		"\u00a2": "B03",
		"\u221a": "B04",
		"\u222b": "B05",
		"\u0131": "B06",
		"\u221e": "B07",
		"\u2026": "B08",
		"\u00f7": "B09",
		"\u2260": "B10",
		"\u00a0": "A03"
	},
	"ctrl": {
		"`": "E00",
		"1": "E01",
		"2": "E02",
		"3": "E03",
		"4": "E04",
		"5": "E05",
		"6": "E06",
		"7": "E07",
		"8": "E08",
		"9": "E09",
		"0": "B00",
		"\u001f": "E11",
		"=": "E12",
		"\u0001": "D01",
		"\u001a": "D02",
		"\u0005": "D03",
		"\u0012": "D04",
		"\u0014": "D05",
		"\u0019": "D06",
		"\u0015": "D07",
		"\t": "D08",
		"\u000f": "D09",
		"\u0010": "D10",
		"\u001b": "D11",
		"\u001d": "D12",
		"\u001c": "D13",
		"\u0011": "C01",
		"\u0013": "C02",
		"\u0004": "C03",
		"\u0006": "C04",
		"\u0007": "C05",
		"\b": "C06",
		"\n": "C07",
		"\u000b": "C08",
		"\f": "C09",
		"\r": "C10",
		"\"": "C11",
		"\u0017": "B01",
		"\u0018": "B02",
		"\u0003": "B03",
		"\u0016": "B04",
		"\u0002": "B05",
		"\u000e": "B06",
		",": "B07",
		";": "B08",
		".": "B09",
		"/": "B10",
		" ": "A03"
	},
	"cmd+caps": {
		"<": "E00",
		"&": "E01",
		"\u00e9": "E02",
		"\"": "E03",
		"'": "E04",
		"(": "E05",
		"\u00a7": "E06",
		"\u00e8": "E07",
		"!": "E08",
		"\u00e7": "E09",
		"\u00e0": "E10",
		")": "E11",
		"-": "E12",
		"A": "D01",
		"Z": "D02",
		"E": "D03",
		"R": "D04",
		"T": "D05",
		"Y": "D06",
		"U": "D07",
		"I": "D08",
		"O": "D09",
		"P": "D10",
		"^": "D11",
		"$": "D12",
		"`": "D13",
		"Q": "C01",
		"S": "C02",
		"D": "C03",
		"F": "C04",
		"G": "C05",
		"H": "C06",
		"J": "C07",
		"K": "C08",
		"L": "C09",
		"M": "C10",
		"\u00f9": "C11",
		"@": "B00",
		"W": "B01",
		"X": "B02",
		"C": "B03",
		"V": "B04",
		"B": "B05",
		"N": "B06",
		",": "B07",
		";": "B08",
		":": "B09",
		"=": "B10",
		" ": "A03"
	},
	"cmd+opt": {
		"\u2264": "E00",
		"\uf8ff": "E01",
		"\u00eb": "E02",
		"\u201c": "E03",
		"\u2018": "E04",
		"{": "E05",
		"\u00b6": "E06",
		"\u00ab": "E07",
		"\u00a1": "E08",
		"\u00c7": "E09",
		"\u00f8": "E10",
		"}": "E11",
		"\u2014": "E12",
		"\u00e6": "D01",
		"\u00c2": "D02",
		"\u00ea": "D03",
		"\u00ae": "D04",
		"\u2020": "D05",
		"\u00da": "D06",
		"\u00ba": "D07",
		"\u00ee": "D08",
		"\u0153": "D09",
		"\u03c0": "D10",
		"\u00f4": "D11",
		"\u20ac": "D12",
		"@": "D13",
		"\u2021": "C01",
		"\u00d2": "C02",
		"\u2202": "C03",
		"\u0192": "C04",
		"\ufb01": "C05",
		"\u00cc": "C06",
		"\u00cf": "C07",
		"\u00c8": "C08",
		"\u00ac": "C09",
		"\u00b5": "C10",
		"\u00d9": "C11",
		"\u2022": "B00",
		"\u2039": "B01",
		"\u2248": "B02",
		"\u00a9": "B03",
		"\u25ca": "B04",
		"\u00df": "B05",
		"~": "B06",
		"\u221e": "B07",
		"\u2026": "B08",
		"\u00f7": "B09",
		"\u2260": "B10",
		"\u00a0": "A03"
	}
}