{
	"lang": "Turkish (macOS)",
	"": {
		"w": "E00",
		"1": "E01",
		"2": "E02",
		"3": "E03",
		"4": "E04",
		"5": "E05",
		"6": "E06",
		"7": "E07",
		"8": "E08",
		"9": "E09",
		"0": "E10",
		"x": "E11",
		"q": "E12",
		"f": "D01",
		"g": "D02",
		"\u011f": "D03",
		"\u0131": "D04",
		"o": "D05",
		"d": "D06",
		"r": "D07",
		"n": "D08",
		"h": "D09",
		"p": "D10",
		";": "D11",
		">": "D12",
		"=": "D13",
		"u": "C01",
		"i": "C02",
		"e": "C03",
		"a": "C04",
		"\u00fc": "C05",
		"t": "C06",
		"k": "C07",
		"m": "C08",
		"l": "C09",
		"y": "C10",
		"\u015f": "C11",
		"\u00a7": "B00",
		"j": "B01",
		"\u00f6": "B02",
		"v": "B03",
		"c": "B04",
		"\u00e7": "B05",
		"z": "B06",
		"s": "B07",
		"b": "B08",
		".": "B09",
		",": "B10",
		" ": "A03"
	},
	"shift": {
		"W": "E00",
		"!": "E01",
		"*": "E02",
		"\"": "E03",
		"'": "E04",
		"(": "E05",
		"/": "E06",
		")": "E07",
		"_": "E08",
		"%": "E09",
		":": "E10",
		"X": "E11",
		"Q": "E12",
		"F": "D01",
		"G": "D02",
		"\u011e": "D03",
		"I": "D04",
		"O": "D05",
		"D": "D06",
		"R": "D07",
		"N": "D08",
		"H": "D09",
		"P": "D10",
		"$": "D11",
		"<": "D12",
		"+": "D13",
		"U": "C01",
		"\u0130": "C02",
		"E": "C03",
		"A": "C04",
		"\u00dc": "C05",
		"T": "C06",
		"K": "C07",
		"M": "C08",
		"L": "C09",
		"Y": "C10",
		"\u015e": "C11",
		"\u00b1": "B00",
		"J": "B01",
		"\u00d6": "B02",
		"V": "B03",
		"C": "B04",
		"\u00c7": "B05",
		"Z": "B06",
		"S": "B07",
		"B": "B08",
		"?": "B09",
		"-": "B10",
		" ": "A03"
	},
	"caps": {
		"W": "E00",
		"1": "E01",
		"2": "E02",
		"3": "E03",
		"4": "E04",
		"5": "E05",
		"6": "E06",
		"7": "E07",
		"8": "E08",
		"9": "E09",
		"0": "E10",
		"X": "E11",
		"Q": "E12",
		"F": "D01",
		"G": "D02",
		"\u011e": "D03",
		"I": "D04",
		"O": "D05",
		"D": "D06",
		"R": "D07",
		"N": "D08",
		"H": "D09",
		"P": "D10",
		";": "D11",
		">": "D12",
		"=": "D13",
		"U": "C01",
		"\u0130": "C02",
		"E": "C03",
		"A": "C04",
		"\u00dc": "C05",
		"T": "C06",
		"K": "C07",
		"M": "C08",
		"L": "C09",
		"Y": "C10",
		"\u015e": "C11",
		"\u00a7": "B00",
		"J": "B01",
		"\u00d6": "B02",
		"V": "B03",
		"C": "B04",
		"\u00c7": "B05",
		"Z": "B06",
		"S": "B07",
		"B": "B08",
		".": "B09",
		",": "B10",
		" ": "A03"
	},
	"opt": {
		"\u2211": "E00",
		"\u00a1": "E01",
		"\u2122": "E02",
		"\u201c": "E03",
		"\u2018": "E04",
		"[": "E05",
		"|": "E06",
		"]": "E07",
		"\u2022": "E08",
		"\u00ab": "E09",
		"\u00ba": "E10",
		"\u2248": "E11",
		"\u0153": "E12",
		"\u0192": "D01",
		"\u00b6": "D02",
		"#": "D03",
		"^": "D09",
		"\u00f8": "D05",
		"\u2202": "D06",
		"\u00ae": "D07",
		"~": "D08",
		"\u03c0": "D10",
		"\u2026": "D11",
		"\u2265": "D12",
		"\u2260": "D13",
		"\uf8ff": "C01",
		"`": "C02",
		"\u00b4": "C03",
		"\u00e5": "C04",
		"@": "C05",
		"\u2020": "C06",
		"\u00a8": "B02",
		"\u00b5": "C08",
		"\u00ac": "C09",
		"\u00a5": "C10",
		"\u00e6": "C11",
		"\u2206": "B01",
		"\u221a": "B03",
		"\u00e7": "B04",
		"\u00af": "B05",
		"\u03a9": "B06",
		"\u00a7": "B07",
		"\u222b": "B08",
		"&": "B09",
		"\u2013": "B10",
		"\u00a0": "A03"
	},
	"opt+shift": {
		"\u201e": "E00",
		"\u00b7": "E01",
		"\u20ac": "E02",
		"\u201d": "E03",
		"\u2019": "E04",
		"{": "E05",
		"\\": "E06",
		"}": "E07",
		"\u00b0": "E08",
		"\u00bb": "E09",
		"\u00f7": "E10",
		"\u00d9": "E11",
		"\u0152": "E12",
		"\u00cf": "D01",
		"`": "D02",
		"\u00b4": "D03",
		"\u00c8": "D04",
		"\u00d8": "D05",
		"\u00ce": "D06",
		"\u00c2": "D07",
		"\u02c6": "D08",
		"\u00d3": "D09",
		"\u220f": "D10",
		"\u00a2": "D11",
		"\u2264": "D12",
		"\u00b1": "D13",
		"\u00cb": "C01",
		"\u221e": "C02",
		"\u2030": "C03",
		"\u00c5": "C04",
		"\u00aa": "C05",
		"\u00ca": "C06",
		"\u00a9": "C07",
		"\u02dc": "C08",
		"\u00a3": "C09",
		"\u00c1": "C10",
		"\u00c6": "C11",
		"\u00d4": "B01",
		"\u0178": "B02",
		"\u25ca": "B03",
		"\u02da": "B04",
		"\u02d9": "B05",
		"\u00db": "B06",
		"~": "B07",
		"\u00df": "B08",
		"\u00bf": "B09",
		"\u2014": "B10",
		"\u00a0": "A03"
	},
	"opt+caps": {
		"\u201e": "E00",
		"\u00a1": "E01",
		"\u2122": "E02",
		"\u201c": "E03",
		"\u2018": "E04",
		"[": "E05",
		"|": "E06",
		"]": "E07",
		"\u2022": "E08",
		"\u00ab": "E09",
		"\u00ba": "E10",
		"\u00d9": "E11",
		"\u0152": "E12",
		"\u00cf": "D01",
		"\u00b6": "D02",
		"#": "D03",
		"^": "D04",
		"\u00d8": "D05",
		"\u00ce": "D06",
		"\u00c2": "D07",
		"\u02c6": "D08",
		"\u00d3": "D09",
		"\u220f": "D10",
		"\u2026": "D11",
		"\u2265": "D12",
		"\u2260": "D13",
		"\uf8ff": "C07",
		"I": "C02",
		"\u2030": "C03",
		"\u00c5": "C04",
		"@": "C05",
		"\u00ca": "C06",
		"\u02dc": "C08",
		"\u00d2": "C09",
		"\u00c1": "C10",
		"\u00c6": "C11",
		"\u00d4": "B01",
		"\u00a8": "B02",
		"\u25ca": "B03",
		"\u00c7": "B04",
		"\u02d8": "B05",
		"\u00db": "B06",
		"\u00a7": "B07",
		"\u201a": "B08",
		"&": "B09",
		"\u2013": "B10",
		"\u00a0": "A03"
	},
	"ctrlL": {
		"\u0017": "E00",
		"1": "E01",
		"2": "E02",
		"3": "E03",
		"4": "E04",
		"5": "E05",
		"6": "E06",
		"7": "E07",
		"8": "E08",
		"9": "E09",
		"0": "B00",
		"\u0018": "E11",
		"\u0011": "E12",
		"\u0006": "D01",
		"\u0007": "D03",
		"\t": "C02",
		"\u000f": "B02",
		"\u0004": "D06",
		"\u0012": "D07",
		"\u000e": "D08",
		"\b": "D09",
		"\u0010": "D10",
		";": "D11",
		"\u001d": "D12",
		"+": "D13",
		"\u0015": "C05",
		"\u0005": "C03",
		"\u0001": "C04",
		"\u0014": "C06",
		"\u000b": "C07",
		"\r": "C08",
		"\f": "C09",
		"\u0019": "C10",
		"\u0013": "B07",
		"\n": "B01",
		"\u0016": "B03",
		"\u0003": "B05",
		"\u001a": "B06",
		"\u0002": "B08",
		".": "B09",
		",": "B10",
		" ": "A03"
	},
	"cmd+opt": {
		"\u2211": "E00",
		"\u00a1": "E01",
		"\u2122": "E02",
		"\u00a3": "E03",
		"\u00a2": "E04",
		"\u221e": "E05",
		"\u00a7": "E06",
		"\u00b6": "E07",
		"\u2022": "E08",
		"\u00aa": "E09",
		"\u00ba": "E10",
		"\u2248": "E11",
		"\u0153": "E12",
		"\u0192": "D01",
		"\u00a9": "D03",
		"^": "C02",
		"\u00f8": "B02",
		"\u2202": "D06",
		"\u00ae": "D07",
		"~": "D08",
		"\u02d9": "D09",
		"\u03c0": "D10",
		"\u2026": "D11",
		"\u2265": "B09",
		"\u2260": "D13",
		"\u00a8": "C05",
		"\u00b4": "C03",
		"\u00e5": "C04",
		"\u2020": "C06",
		"\u02da": "C07",
		"\u00b5": "C08",
		"\u00ac": "C09",
		"\u00a5": "C10",
		"\u00e6": "C11",
		"\u2206": "B01",
		"\u221a": "B03",
		"\u00e7": "B05",
		"\u03a9": "B06",
		"\u00df": "B07",
		"\u222b": "B08",
		"\u2264": "B10",
		"\u00a0": "A03"
	}
}