{
	"lang": "Sinhala (macOS)",
	"": {
		"\u0dca\u200d\u0dbb": "E00",
		"1": "E01",
		"2": "E02",
		"3": "E03",
		"4": "E04",
		"5": "E05",
		"6": "E06",
		"7": "E07",
		"8": "E08",
		"9": "E09",
		"0": "E10",
		"-": "E11",
		"=": "E12",
		"\u0dd4": "D01",
		"\u0d85": "D02",
		"\u0dd0": "D03",
		"\u0dbb": "D04",
		"\u0d91": "D05",
		"\u0dc4": "D06",
		"\u0db8": "D07",
		"\u0dc3": "D08",
		"\u0daf": "D09",
		"\u0da0": "D10",
		"\u0da4": "D11",
		";": "D12",
		"\u0dca\u200d": "D13",
		"\u0dca": "C01",
		"\u0dd2": "C02",
		"\u0dcf": "C03",
		"\u0dd9": "C04",
		"\u0da7": "C05",
		"\u0dba": "C06",
		"\u0dc0": "C07",
		"\u0db1": "C08",
		"\u0d9a": "C09",
		"\u0dad": "C10",
		".": "C11",
		"'": "B01",
		"\u0d82": "B02",
		"\u0da2": "B03",
		"\u0da9": "B04",
		"\u0d89": "B05",
		"\u0db6": "B06",
		"\u0db4": "B07",
		"\u0dbd": "B08",
		"\u0d9c": "B09",
		"/": "B10",
		" ": "A03"
	},
	"shift": {
		"\u0dbb\u0dca\u200d": "E00",
		"!": "E01",
		"@": "E02",
		"#": "E03",
		"$": "E04",
		"%": "E05",
		"^": "E06",
		"&": "E07",
		"*": "E08",
		"(": "E09",
		")": "E10",
		"_": "E11",
		"+": "E12",
		"\u0dd6": "D01",
		"\u0d8b": "D02",
		"\u0dd1": "D03",
		"\u0d8d": "D04",
		"\u0d94": "D05",
		"\u0dc1": "D06",
		"\u0db9": "D07",
		"\u0dc2": "D08",
		"\u0db0": "D09",
		"\u0da1": "D10",
		"\u0da5": "D11",
		":": "D12",
		"\u200d\u0dca": "D13",
		"\u0ddf": "C01",
		"\u0dd3": "C02",
		"\u0dd8": "C03",
		"\u0dc6": "C04",
		"\u0da8": "C05",
		"\u0dca\u200d\u0dba": "C06",
		"\u0dc5\u0dd4": "C07",
		"\u0dab": "C08",
		"\u0d9b": "C09",
		"\u0dae": "C10",
		",": "C11",
		"\"": "B01",
		"\u0d9e": "B02",
		"\u0da3": "B03",
		"\u0daa": "B04",
		"\u0d8a": "B05",
		"\u0db7": "B06",
		"\u0db5": "B07",
		"\u0dc5": "B08",
		"\u0d9d": "B09",
		"?": "B10",
		"\u00a0": "A03"
	},
	"caps": {
		"`": "E00",
		"1": "E01",
		"2": "E02",
		"3": "E03",
		"4": "E04",
		"5": "E05",
		"6": "E06",
		"7": "E07",
		"8": "E08",
		"9": "E09",
		"0": "E10",
		"-": "E11",
		"=": "E12",
		"q": "D01",
		"w": "D02",
		"e": "D03",
		"r": "D04",
		"t": "D05",
		"y": "D06",
		"u": "D07",
		"i": "D08",
		"o": "D09",
		"p": "D10",
		"[": "D11",
		"]": "D12",
		"\\": "D13",
		"a": "C01",
		"s": "C02",
		"d": "C03",
		"f": "C04",
		"g": "C05",
		"h": "C06",
		"j": "C07",
		"k": "C08",
		"l": "C09",
		";": "C10",
		"'": "C11",
		"z": "B01",
		"x": "B02",
		"c": "B03",
		"v": "B04",
		"b": "B05",
		"n": "B06",
		"m": "B07",
		",": "B08",
		".": "B09",
		"/": "B10",
		" ": "A03"
	},
	"caps+shift": {
		"~": "E00",
		"!": "E01",
		"@": "E02",
		"#": "E03",
		"$": "E04",
		"%": "E05",
		"^": "E06",
		"&": "E07",
		"*": "E08",
		"(": "E09",
		")": "E10",
		"_": "E11",
		"+": "E12",
		"Q": "D01",
		"W": "D02",
		"E": "D03",
		"R": "D04",
		"T": "D05",
		"Y": "D06",
		"U": "D07",
		"I": "D08",
		"O": "D09",
		"P": "D10",
		"{": "D11",
		"}": "D12",
		"|": "D13",
		"A": "C01",
		"S": "C02",
		"D": "C03",
		"F": "C04",
		"G": "C05",
		"H": "C06",
		"J": "C07",
		"K": "C08",
		"L": "C09",
		":": "C10",
		"\"": "C11",
		"Z": "B01",
		"X": "B02",
		"C": "B03",
		"V": "B04",
		"B": "B05",
		"N": "B06",
		"M": "B07",
		"<": "B08",
		">": "B09",
		"?": "B10",
		" ": "A03"
	},
	"opt": {
		"`": "E00",
		"1": "E01",
		"2": "E02",
		"3": "E03",
		"4": "E04",
		"5": "E05",
		"6": "E06",
		"7": "E07",
		"8": "E08",
		"9": "E09",
		"0": "E10",
		"_": "E11",
		"=": "E12",
		"\u0dc1": "D08",
		"\u0db3": "D09",
		"[": "D11",
		"]": "D12",
		"\u200d": "D13",
		"\u0df3": "C01",
		";": "C10",
		"\u0df4": "C11",
		"\u0d83": "B02",
		"\u0da6": "B03",
		"\u0dac": "B04",
		"\u0da4": "B06",
		"\u0d8f": "B08",
		"\u0d9f": "B09",
		"\u25cc": "A03"
	},
	"opt+shift": {
		"~": "E00",
		"\u2026": "E01",
		"\u00a9": "E02",
		"\u00ae": "E03",
		"\u2122": "E04",
		"\u2019": "E05",
		"\u2018": "E06",
		"\u2013": "E07",
		"\u2022": "E08",
		"\u2014": "E09",
		"\u00d7": "E10",
		"\u2212": "E11",
		"+": "E12",
		"{": "D11",
		"}": "D12",
		"|": "D13",
		":": "C10",
		"\"": "C11",
		" ": "A03"
	},
	"ctrlL": {
		"`": "E00",
		"1": "E01",
		"2": "E02",
		"3": "E03",
		"4": "E04",
		"5": "E05",
		"6": "E06",
		"7": "E07",
		"8": "E08",
		"9": "E09",
		"0": "B00",
		"\u001f": "E11",
		"=": "E12",
		"\u0011": "D01",
		"\u0017": "D02",
		"\u0005": "D03",
		"\u0012": "D04",
		"\u0014": "D05",
		"\u0019": "D06",
		"\u0015": "D07",
		"\t": "D08",
		"\u000f": "D09",
		"\u0010": "D10",
		"\u001b": "D11",
		"\u001d": "D12",
		"\u001c": "D13",
		"\u0001": "C01",
		"\u0013": "C02",
		"\u0004": "C03",
		"\u0006": "C04",
		"\u0007": "C05",
		"\b": "C06",
		"\n": "C07",
		"\u000b": "C08",
		"\f": "C09",
		";": "C10",
		"'": "C11",
		"\u001a": "B01",
		"\u0018": "B02",
		"\u0003": "B03",
		"\u0016": "B04",
		"\u0002": "B05",
		"\u000e": "B06",
		"\r": "B07",
		",": "B08",
		".": "B09",
		"/": "B10",
		" ": "A03"
	}
}