{
	"lang": "Kurdish-Sorani (macOS)",
	"": {
		"`": "E00",
		"\u0661": "E01",
		"\u0662": "E02",
		"\u0663": "E03",
		"\u0664": "E04",
		"\u0665": "E05",
		"\u0666": "E06",
		"\u0667": "E07",
		"\u0668": "E08",
		"\u0669": "E09",
		"\u0660": "E10",
		"-": "E11",
		"=": "E12",
		"\u0642": "D01",
		"\u0648": "D07",
		"\u0647\u200c": "D03",
		"\u0631": "D04",
		"\u062a": "D05",
		"\u06cc": "D08",
		"\u06c6": "D09",
		"\u067e": "D10",
		"]": "D11",
		"[": "D12",
		"\\": "B10",
		"\u0627": "C01",
		"\u0633": "C02",
		"\u062f": "C03",
		"\u0641": "C04",
		"\u06af": "C05",
		"\u0647": "C06",
		"\u0698": "C07",
		"\u0643": "C08",
		"\u0644": "C09",
		"\u061b": "C10",
		"\u0639": "C11",
		"\u0003": "B00",
		"\u0632": "B01",
		"\u062e": "B02",
		"\u062c": "B03",
		"\u06a4": "B04",
		"\u0628": "B05",
		"\u0646": "B06",
		"\u0645": "B07",
		"\u060c": "B08",
		".": "B09",
		" ": "A03"
	},
	"shift": {
		"~": "E00",
		"!": "E01",
		"@": "E02",
		"#": "E03",
		"$": "E04",
		"%": "E05",
		"^": "E06",
		"&": "E07",
		"\u0649": "D08",
		")": "E09",
		"(": "E10",
		"_": "E11",
		"+": "E12",
		"\u0651": "D02",
		"\u06ce": "D03",
		"\u0695": "D04",
		"\u062b": "D05",
		"\u0648\u0648": "D07",
		"}": "D11",
		"{": "D12",
		"|": "D13",
		"\u0626": "C01",
		"\u0634": "C02",
		"\u0630": "C03",
		"\u062d": "C06",
		"\u06b5": "C09",
		":": "C10",
		"\u063a": "B02",
		"\u0003": "B00",
		"\u0636": "B01",
		"\u0686": "B03",
		">": "B08",
		"<": "B09",
		"\u061f": "B10",
		" ": "A03"
	},
	"caps": {
		"\u0640": "E00",
		"1": "E01",
		"2": "E02",
		"3": "E03",
		"4": "E04",
		"5": "E05",
		"6": "E06",
		"7": "E07",
		"8": "E08",
		"9": "E09",
		"0": "E10",
		"-": "E11",
		"=": "E12",
		"\u0642": "D01",
		"\u0634": "D02",
		"\u0639": "D03",
		"\u0631": "D04",
		"\u062a": "D05",
		"\u0637": "D06",
		"\u0648": "D07",
		"\u064a": "D08",
		"\u0647": "D09",
		"\u0629": "D10",
		"\u062b": "D11",
		"\u0638": "D12",
		"\u0621": "D13",
		"\u0627": "C01",
		"\u0633": "C02",
		"\u062f": "C03",
		"\u0641": "C04",
		"\u063a": "C05",
		"\u062d": "C06",
		"\u062c": "C07",
		"\u0643": "C08",
		"\u0644": "C09",
		"\u061b": "C10",
		"'": "C11",
		"\u0003": "B00",
		"\u0632": "B01",
		"\u062e": "B02",
		"\u0635": "B03",
		"\u0630": "B04",
		"\u0628": "B05",
		"\u0646": "B06",
		"\u0645": "B07",
		"\u060c": "B08",
		".": "B09",
		"\\": "B10",
		" ": "A03"
	},
	"opt": {
		">": "E00",
		"1": "E01",
		"2": "E02",
		"3": "E03",
		"4": "E04",
		"5": "E05",
		"6": "E06",
		"7": "E07",
		"9": "E08",
		"(": "E09",
		")": "E10",
		"_": "E11",
		"+": "E12",
		"\u0637": "D05",
		"\u064a": "D06",
		"\u0650": "D08",
		"]": "D11",
		"[": "D12",
		"\u0622": "C01",
		"\u0635": "C02",
		"\u0636": "C03",
		"\u063a": "C05",
		"'": "C11",
		"\u0003": "B00",
		"\u0638": "B01",
		"\u00bb": "B08",
		"\u00ab": "B09",
		"/": "B10",
		"\u00a0": "A03"
	},
	"opt+shift": {
		"<": "E00",
		"!": "E01",
		"\u274a": "E02",
		"#": "E03",
		"\u20ac": "E04",
		"\u066a": "E05",
		"&": "E06",
		"^": "E07",
		"*": "E08",
		")": "E09",
		"(": "E10",
		"_": "E11",
		"+": "E12",
		"\"": "C11",
		"\u0003": "B00",
		"\\": "B10",
		"\u00a0": "A03"
	},
	"ctrl": {
		"`": "E00",
		"1": "E01",
		"2": "E02",
		"3": "E03",
		"4": "E04",
		"5": "E05",
		"6": "E06",
		"7": "E07",
		"8": "E08",
		"9": "E09",
		"0": "B00",
		"\u001f": "E11",
		"=": "E12",
		"\u0011": "D01",
		"\u0017": "D02",
		"\u0005": "D03",
		"\u0012": "D04",
		"\u0014": "D05",
		"\u0019": "D06",
		"\u0015": "D07",
		"\t": "D08",
		"\u000f": "D09",
		"\u0010": "D10",
		"\u001b": "D11",
		"\u001d": "D12",
		"\u001c": "D13",
		"\u0001": "C01",
		"\u0013": "C02",
		"\u0004": "C03",
		"\u0006": "C04",
		"\u0007": "C05",
		"\b": "C06",
		"\n": "C07",
		"\u000b": "C08",
		"\f": "C09",
		";": "C10",
		"'": "C11",
		"\u001a": "B01",
		"\u0018": "B02",
		"\u0003": "B03",
		"\u0016": "B04",
		"\u0002": "B05",
		"\u000e": "B06",
		"\r": "B07",
		",": "B08",
		".": "B09",
		"/": "B10",
		" ": "A03"
	},
	"cmd": {
		"`": "E00",
		"1": "E01",
		"2": "E02",
		"3": "E03",
		"4": "E04",
		"5": "E05",
		"6": "E06",
		"7": "E07",
		"8": "E08",
		"9": "E09",
		"0": "E10",
		"-": "E11",
		"=": "E12",
		"q": "D01",
		"w": "D02",
		"e": "D03",
		"r": "D04",
		"t": "D05",
		"y": "D06",
		"u": "D07",
		"i": "D08",
		"o": "D09",
		"p": "D10",
		"[": "D11",
		"]": "D12",
		"\\": "D13",
		"a": "C01",
		"s": "C02",
		"d": "C03",
		"f": "C04",
		"g": "C05",
		"h": "C06",
		"j": "C07",
		"k": "C08",
		"l": "C09",
		";": "C10",
		"'": "C11",
		"z": "B01",
		"x": "B02",
		"c": "B03",
		"v": "B04",
		"b": "B05",
		"n": "B06",
		"m": "B07",
		",": "B08",
		".": "B09",
		"/": "B10",
		" ": "A03"
	},
	"cmd+shift": {
		"~": "E00",
		"!": "E01",
		"@": "E02",
		"#": "E03",
		"$": "E04",
		"%": "E05",
		"^": "E06",
		"&": "E07",
		"*": "E08",
		"(": "E09",
		")": "E10",
		"_": "E11",
		"+": "E12",
		"Q": "D01",
		"W": "D02",
		"E": "D03",
		"R": "D04",
		"T": "D05",
		"Y": "D06",
		"U": "D07",
		"I": "D08",
		"O": "D09",
		"P": "D10",
		"{": "D11",
		"}": "D12",
		"|": "D13",
		"A": "C01",
		"S": "C02",
		"D": "C03",
		"F": "C04",
		"G": "C05",
		"H": "C06",
		"J": "C07",
		"K": "C08",
		"L": "C09",
		":": "C10",
		"\"": "C11",
		"Z": "B01",
		"X": "B02",
		"C": "B03",
		"V": "B04",
		"B": "B05",
		"N": "B06",
		"M": "B07",
		"<": "B08",
		">": "B09",
		"?": "B10",
		" ": "A03"
	}
}