{
	"lang": "Bangla (macOS)",
	"": {
		"\u09e7": "E01",
		"\u09e8": "E02",
		"\u09e9": "E03",
		"\u09ea": "E04",
		"\u09eb": "E05",
		"\u09ec": "E06",
		"\u09ed": "E07",
		"\u09ee": "E08",
		"\u09ef": "E09",
		"\u09e6": "E10",
		"-": "E11",
		"\u09c3": "E12",
		"\u09cc": "D01",
		"\u09c8": "D02",
		"\u09be": "D03",
		"\u09c0": "D04",
		"\u09c2": "D05",
		"\u09ac": "D06",
		"\u09b9": "D07",
		"\u0997": "D08",
		"\u09a6": "D09",
		"\u099c": "D10",
		"\u09a1": "D11",
		"\u09bc": "D12",
		"\u09cb": "C01",
		"\u09c7": "C02",
		"\u09cd": "C03",
		"\u09bf": "C04",
		"\u09c1": "C05",
		"\u09aa": "C06",
		"\u09b0": "C07",
		"\u0995": "C08",
		"\u09a4": "C09",
		"\u099a": "C10",
		"\u099f": "C11",
		"\u0982": "B02",
		"\u09ae": "B03",
		"\u09a8": "B04",
		"\u09b2": "B06",
		"\u09b8": "B07",
		",": "B08",
		".": "B09",
		"\u09af": "B10",
		" ": "A03"
	},
	"shift": {
		"\u09cd\u09b0": "E03",
		"\u09b0\u09cd": "E04",
		"\u099c\u09cd\u099e": "E05",
		"\u09a4\u09cd\u09b0": "E06",
		"\u0995\u09cd\u09b7": "E07",
		"\u09b6\u09cd\u09b0": "E08",
		"(": "E09",
		")": "E10",
		"\u0983": "E11",
		"\u098b": "E12",
		"\u0994": "D01",
		"\u0990": "D02",
		"\u0986": "D03",
		"\u0988": "D04",
		"\u098a": "D05",
		"\u09ad": "D06",
		"\u0999": "D07",
		"\u0998": "D08",
		"\u09a7": "D09",
		"\u099d": "D10",
		"\u09a2": "D11",
		"\u099e": "D12",
		"\u0993": "C01",
		"\u098f": "C02",
		"\u0985": "C03",
		"\u0987": "C04",
		"\u0989": "C05",
		"\u09ab": "C06",
		"\u0996": "C08",
		"\u09a5": "C09",
		"\u099b": "C10",
		"\u09a0": "C11",
		"\u0981": "B02",
		"\u09a3": "B03",
		"\u09b6": "B07",
		"\u09b7": "B08",
		"\u0964": "B09",
		"\u09df": "B10",
		" ": "A03"
	},
	"caps": {
		"1": "E01",
		"2": "E02",
		"3": "E03",
		"4": "E04",
		"5": "E05",
		"6": "E06",
		"7": "E07",
		"8": "E08",
		"9": "E09",
		"0": "E10",
		"-": "E11",
		"\u09c3": "E12",
		"\u09cc": "D01",
		"\u09c8": "D02",
		"\u09be": "D03",
		"\u09c0": "D04",
		"\u09c2": "D05",
		"\u09ac": "D06",
		"\u09b9": "D07",
		"\u0997": "D08",
		"\u09a6": "D09",
		"\u099c": "D10",
		"\u09a1": "D11",
		"\u09bc": "D12",
		"\u09cb": "C01",
		"\u09c7": "C02",
		"\u09cd": "C03",
		"\u09bf": "C04",
		"\u09c1": "C05",
		"\u09aa": "C06",
		"\u09b0": "C07",
		"\u0995": "C08",
		"\u09a4": "C09",
		"\u099a": "C10",
		"\u099f": "C11",
		"\u0982": "B02",
		"\u09ae": "B03",
		"\u09a8": "B04",
		"\u09b2": "B06",
		"\u09b8": "B07",
		",": "B08",
		".": "B09",
		"\u09af": "B10",
		" ": "A03"
	},
	"opt": {
		"`": "E00",
		"1": "E01",
		"2": "E02",
		"3": "E03",
		"4": "E04",
		"5": "E05",
		"6": "E06",
		"7": "E07",
		"8": "E08",
		"9": "E09",
		"0": "E10",
		"\u2014": "E11",
		"=": "E12",
		"q": "D01",
		"w": "D02",
		"e": "D03",
		"r": "D04",
		"t": "D05",
		"y": "D06",
		"u": "D07",
		"i": "D08",
		"o": "D09",
		"p": "D10",
		"[": "D11",
		"]": "D12",
		"\\": "D13",
		"a": "C01",
		"s": "C02",
		"d": "C03",
		"f": "C04",
		"g": "C05",
		"h": "C06",
		"j": "C07",
		"k": "C08",
		"l": "C09",
		";": "C10",
		"'": "C11",
		"z": "B01",
		"x": "B02",
		"c": "B03",
		"v": "B04",
		"b": "B05",
		"n": "B06",
		"m": "B07",
		",": "B08",
		".": "B09",
		"/": "B10",
		" ": "A03"
	},
	"opt+shift": {
		"~": "E00",
		"!": "E01",
		"@": "E02",
		"#": "E03",
		"$": "E04",
		"%": "E05",
		"^": "E06",
		"&": "E07",
		"*": "E08",
		"(": "E09",
		")": "E10",
		"_": "E11",
		"+": "E12",
		"Q": "D01",
		"W": "D02",
		"E": "D03",
		"R": "D04",
		"T": "D05",
		"Y": "D06",
		"U": "D07",
		"I": "D08",
		"O": "D09",
		"P": "D10",
		"{": "D11",
		"}": "D12",
		"|": "D13",
		"A": "C01",
		"S": "C02",
		"D": "C03",
		"F": "C04",
		"G": "C05",
		"H": "C06",
		"J": "C07",
		"K": "C08",
		"L": "C09",
		":": "C10",
		"\"": "C11",
		"Z": "B01",
		"X": "B02",
		"C": "B03",
		"V": "B04",
		"B": "B05",
		"N": "B06",
		"M": "B07",
		"<": "B08",
		">": "B09",
		"?": "B10",
		" ": "A03"
	},
	"ctrlL": {
		"`": "E00",
		"1": "E01",
		"2": "E02",
		"3": "E03",
		"4": "E04",
		"5": "E05",
		"6": "E06",
		"7": "E07",
		"8": "E08",
		"9": "E09",
		"0": "B00",
		"\u001f": "E11",
		"=": "E12",
		"\u0011": "D01",
		"\u0017": "D02",
		"\u0005": "D03",
		"\u0012": "D04",
		"\u0014": "D05",
		"\u0019": "D06",
		"\u0015": "D07",
		"\t": "D08",
		"\u000f": "D09",
		"\u0010": "D10",
		"\u001b": "D11",
		"\u001d": "D12",
		"\u001c": "D13",
		"\u0001": "C01",
		"\u0013": "C02",
		"\u0004": "C03",
		"\u0006": "C04",
		"\u0007": "C05",
		"\b": "C06",
		"\n": "C07",
		"\u000b": "C08",
		"\f": "C09",
		";": "C10",
		"'": "C11",
		"\u001a": "B01",
		"\u0018": "B02",
		"\u0003": "B03",
		"\u0016": "B04",
		"\u0002": "B05",
		"\u000e": "B06",
		"\r": "B07",
		",": "B08",
		".": "B09",
		"/": "B10",
		" ": "A03"
	},
	"cmd": {
		"`": "E00",
		"1": "E01",
		"2": "E02",
		"3": "E03",
		"4": "E04",
		"5": "E05",
		"6": "E06",
		"7": "E07",
		"8": "E08",
		"9": "E09",
		"0": "E10",
		"-": "E11",
		"=": "E12",
		"q": "D01",
		"w": "D02",
		"e": "D03",
		"r": "D04",
		"t": "D05",
		"y": "D06",
		"u": "D07",
		"i": "D08",
		"o": "D09",
		"p": "D10",
		"[": "D11",
		"]": "D12",
		"\\": "D13",
		"a": "C01",
		"s": "C02",
		"d": "C03",
		"f": "C04",
		"g": "C05",
		"h": "C06",
		"j": "C07",
		"k": "C08",
		"l": "C09",
		";": "C10",
		"'": "C11",
		"z": "B01",
		"x": "B02",
		"c": "B03",
		"v": "B04",
		"b": "B05",
		"n": "B06",
		"m": "B07",
		",": "B08",
		".": "B09",
		"/": "B10",
		" ": "A03"
	}
}