{
	"lang": "Devanagari-QWERTY (macOS)",
	"": {
		"\u0946": "E00",
		"\u0967": "E01",
		"\u0968": "E02",
		"\u0969": "E03",
		"\u096a": "E04",
		"\u096b": "E05",
		"\u096c": "E06",
		"\u096d": "E07",
		"\u096e": "E08",
		"\u096f": "E09",
		"\u0966": "E10",
		"-": "E11",
		"=": "E12",
		"\u0945": "D01",
		"\u0905": "D02",
		"\u0947": "D03",
		"\u0930": "D04",
		"\u0924": "D05",
		"\u092f": "D06",
		"\u0941": "D07",
		"\u093f": "D08",
		"\u094b": "D09",
		"\u092a": "D10",
		"\u0970": "D11",
		"\u20b9": "D12",
		"\u094a": "D13",
		"\u093e": "C01",
		"\u0938": "C02",
		"\u0926": "C03",
		"\u094d": "C04",
		"\u0917": "C05",
		"\u0939": "C06",
		"\u091c": "C07",
		"\u0915": "C08",
		"\u0932": "C09",
		";": "C10",
		"'": "C11",
		"\u0919": "B01",
		"\u0937": "B02",
		"\u091a": "B03",
		"\u0935": "B04",
		"\u092c": "B05",
		"\u0928": "B06",
		"\u092e": "B07",
		",": "B08",
		"\u0964": "B09",
		"/": "B10",
		" ": "A03"
	},
	"shift": {
		"\u090e": "E00",
		"!": "E01",
		"@": "E02",
		"#": "E03",
		"$": "E04",
		"%": "E05",
		"^": "E06",
		"&": "E07",
		"*": "E08",
		"(": "E09",
		")": "E10",
		"_": "E11",
		"+": "E12",
		"\u0949": "D01",
		"\u0906": "D02",
		"\u0948": "D03",
		"\u0943": "D04",
		"\u0925": "D05",
		"\u095f": "D06",
		"\u0942": "D07",
		"\u0940": "D08",
		"\u094c": "D09",
		"\u092b": "D10",
		"[": "D11",
		"]": "D12",
		"\u0912": "D13",
		"\u093e": "C01",
		"\u0936": "C02",
		"\u0927": "C03",
		"\u093c": "C04",
		"\u0918": "C05",
		"\u0903": "C06",
		"\u091d": "C07",
		"\u0916": "C08",
		"\u0933": "C09",
		":": "C10",
		"\"": "C11",
		"\u0901": "B01",
		"\u0915\u094d\u0937": "B02",
		"\u091b": "B03",
		"\u092d": "B05",
		"\u0923": "B06",
		"\u0902": "B07",
		"<": "B08",
		">": "B09",
		"?": "B10",
		" ": "A03"
	},
	"caps": {
		"`": "E00",
		"1": "E01",
		"2": "E02",
		"3": "E03",
		"4": "E04",
		"5": "E05",
		"6": "E06",
		"7": "E07",
		"8": "E08",
		"9": "E09",
		"0": "E10",
		"-": "E11",
		"=": "E12",
		"q": "D01",
		"w": "D02",
		"e": "D03",
		"r": "D04",
		"t": "D05",
		"y": "D06",
		"u": "D07",
		"i": "D08",
		"o": "D09",
		"p": "D10",
		"[": "D11",
		"]": "D12",
		"\\": "D13",
		"a": "C01",
		"s": "C02",
		"d": "C03",
		"f": "C04",
		"g": "C05",
		"h": "C06",
		"j": "C07",
		"k": "C08",
		"l": "C09",
		";": "C10",
		"'": "C11",
		"z": "B01",
		"x": "B02",
		"c": "B03",
		"v": "B04",
		"b": "B05",
		"n": "B06",
		"m": "B07",
		",": "B08",
		".": "B09",
		"/": "B10",
		" ": "A03"
	},
	"caps+shift": {
		"~": "E00",
		"!": "E01",
		"@": "E02",
		"#": "E03",
		"$": "E04",
		"%": "E05",
		"^": "E06",
		"&": "E07",
		"*": "E08",
		"(": "E09",
		")": "E10",
		"_": "E11",
		"+": "E12",
		"Q": "D01",
		"W": "D02",
		"E": "D03",
		"R": "D04",
		"T": "D05",
		"Y": "D06",
		"U": "D07",
		"I": "D08",
		"O": "D09",
		"P": "D10",
		"{": "D11",
		"}": "D12",
		"|": "D13",
		"A": "C01",
		"S": "C02",
		"D": "C03",
		"F": "C04",
		"G": "C05",
		"H": "C06",
		"J": "C07",
		"K": "C08",
		"L": "C09",
		":": "C10",
		"\"": "C11",
		"Z": "B01",
		"X": "B02",
		"C": "B03",
		"V": "B04",
		"B": "B05",
		"N": "B06",
		"M": "B07",
		"<": "B08",
		">": "B09",
		"?": "B10",
		" ": "A03"
	},
	"opt": {
		"`": "E00",
		"1": "E01",
		"2": "E02",
		"3": "E03",
		"4": "E04",
		"5": "E05",
		"6": "E06",
		"7": "E07",
		"8": "E08",
		"9": "E09",
		"0": "E10",
		"_": "E11",
		"=": "E12",
		"\u090d": "D01",
		"\u090f": "D03",
		"\u090b": "D04",
		"\u091f": "D05",
		"\u095f": "D06",
		"\u0909": "D07",
		"\u0907": "D08",
		"\u0913": "D09",
		"[": "D11",
		"]": "D12",
		"\\": "D13",
		"\u0905": "C01",
		"\u0936\u094d\u0930": "C02",
		"\u0921": "C03",
		"\u093c": "C04",
		"\u091c\u094d\u091e": "C07",
		"\u0934": "C09",
		";": "C10",
		"\u093d": "C11",
		"\u091e": "B06",
		"\u0901": "B07",
		".": "B09",
		" ": "A03"
	},
	"opt+shift": {
		"~": "E00",
		"\u2026": "E01",
		"\u00a9": "E02",
		"\u00ae": "E03",
		"\u2122": "E04",
		"\u2019": "E05",
		"\u2018": "E06",
		"\u2013": "E07",
		"\u2022": "E08",
		"\u2014": "E09",
		"\u00d7": "E10",
		"\u2212": "E11",
		"+": "E12",
		"\u0911": "D01",
		"\u0910": "D03",
		"\u0931": "D04",
		"\u0920": "D05",
		"\u090a": "D07",
		"\u0908": "D08",
		"\u0914": "D09",
		"{": "D11",
		"}": "D12",
		"|": "D13",
		"\u0906": "C01",
		"\u0937": "C02",
		"\u0922": "C03",
		"\u0979": "C07",
		":": "C10",
		"\"": "C11",
		"\u0912": "B01",
		"\u0929": "B06",
		"\u0950": "B07",
		"\u0965": "B09",
		" ": "A03"
	},
	"ctrlL": {
		"`": "E00",
		"1": "E01",
		"2": "E02",
		"3": "E03",
		"4": "E04",
		"5": "E05",
		"6": "E06",
		"7": "E07",
		"8": "E08",
		"9": "E09",
		"0": "B00",
		"\u001f": "E11",
		"=": "E12",
		"\u0011": "D01",
		"\u0017": "D02",
		"\u0005": "D03",
		"\u0012": "D04",
		"\u0014": "D05",
		"\u0019": "D06",
		"\u0015": "D07",
		"\t": "D08",
		"\u000f": "D09",
		"\u0010": "D10",
		"\u001b": "D11",
		"\u001d": "D12",
		"\u001c": "D13",
		"\u0001": "C01",
		"\u0013": "C02",
		"\u0004": "C03",
		"\u0006": "C04",
		"\u0007": "C05",
		"\b": "C06",
		"\n": "C07",
		"\u000b": "C08",
		"\f": "C09",
		";": "C10",
		"'": "C11",
		"\u001a": "B01",
		"\u0018": "B02",
		"\u0003": "B03",
		"\u0016": "B04",
		"\u0002": "B05",
		"\u000e": "B06",
		"\r": "B07",
		",": "B08",
		".": "B09",
		"/": "B10",
		" ": "A03"
	}
}