{
	"lang": "Italian (macOS)",
	"": {
		"<": "E00",
		"&": "E01",
		"\"": "E02",
		"'": "E03",
		"(": "E04",
		"\u00e7": "E05",
		"\u00e8": "E06",
		")": "E07",
		"\u00a3": "E08",
		"\u00e0": "E09",
		"\u00e9": "E10",
		"-": "E11",
		"=": "E12",
		"q": "D01",
		"z": "D02",
		"e": "D03",
		"r": "D04",
		"t": "D05",
		"y": "D06",
		"u": "D07",
		"i": "D08",
		"o": "D09",
		"p": "D10",
		"\u00ec": "D11",
		"$": "D12",
		"\u00a7": "D13",
		"a": "C01",
		"s": "C02",
		"d": "C03",
		"f": "C04",
		"g": "C05",
		"h": "C06",
		"j": "C07",
		"k": "C08",
		"l": "C09",
		"m": "C10",
		"\u00f9": "C11",
		"@": "B00",
		"w": "B01",
		"x": "B02",
		"c": "B03",
		"v": "B04",
		"b": "B05",
		"n": "B06",
		",": "B07",
		";": "B08",
		":": "B09",
		"\u00f2": "B10",
		" ": "A03"
	},
	"shift": {
		">": "E00",
		"1": "E01",
		"2": "E02",
		"3": "E03",
		"4": "E04",
		"5": "E05",
		"6": "E06",
		"7": "E07",
		"8": "E08",
		"9": "E09",
		"0": "E10",
		"_": "E11",
		"+": "E12",
		"Q": "D01",
		"Z": "D02",
		"E": "D03",
		"R": "D04",
		"T": "D05",
		"Y": "D06",
		"U": "D07",
		"I": "D08",
		"O": "D09",
		"P": "D10",
		"^": "D11",
		"*": "D12",
		"\u00b0": "D13",
		"A": "C01",
		"S": "C02",
		"D": "C03",
		"F": "C04",
		"G": "C05",
		"H": "C06",
		"J": "C07",
		"K": "C08",
		"L": "C09",
		"M": "C10",
		"%": "C11",
		"#": "B00",
		"W": "B01",
		"X": "B02",
		"C": "B03",
		"V": "B04",
		"B": "B05",
		"N": "B06",
		"?": "B07",
		".": "B08",
		"/": "B09",
		"!": "B10",
		" ": "A03"
	},
	"caps": {
		"<": "E00",
		"1": "E01",
		"2": "E02",
		"3": "E03",
		"4": "E04",
		"5": "E05",
		"6": "E06",
		"7": "E07",
		"8": "E08",
		"9": "E09",
		"0": "E10",
		"-": "E11",
		"=": "E12",
		"Q": "D01",
		"Z": "D02",
		"E": "D03",
		"R": "D04",
		"T": "D05",
		"Y": "D06",
		"U": "D07",
		"I": "D08",
		"O": "D09",
		"P": "D10",
		"\u00ec": "D11",
		"$": "D12",
		"\u00a7": "D13",
		"A": "C01",
		"S": "C02",
		"D": "C03",
		"F": "C04",
		"G": "C05",
		"H": "C06",
		"J": "C07",
		"K": "C08",
		"L": "C09",
		"M": "C10",
		"\u00f9": "C11",
		"@": "B00",
		"W": "B01",
		"X": "B02",
		"C": "B03",
		"V": "B04",
		"B": "B05",
		"N": "B06",
		",": "B07",
		";": "B08",
		":": "B09",
		"\u00f2": "B10",
		" ": "A03"
	},
	"opt": {
		"\u2264": "E00",
		"\u00ab": "E01",
		"\u201c": "E02",
		"\u2018": "E03",
		"{": "E04",
		"\u00c7": "E05",
		"\u00b6": "E06",
		"}": "E07",
		"\u221e": "E08",
		"`": "E09",
		"\u00b4": "E10",
		"\u2013": "E11",
		"\u2260": "E12",
		"\u2044": "D01",
		"\u03a9": "D02",
		"\u2122": "D03",
		"\u00ae": "D04",
		"\u2020": "D05",
		"\u00a5": "D06",
		"\u00a8": "D07",
		"\u20ac": "D08",
		"\u00f8": "D09",
		"\u03c0": "D10",
		"\u0153": "D11",
		"\u00a2": "D12",
		"@": "B00",
		"\u00e5": "C01",
		"\u00df": "C02",
		"\u2202": "C03",
		"\u0192": "C04",
		"\u0178": "C05",
		"\u2206": "C06",
		"\u00aa": "C07",
		"\u00ba": "C08",
		"\u00ac": "C09",
		"\u00b5": "C10",
		"\u00e6": "C11",
		"\u2211": "B01",
		"\u2248": "B02",
		"\u00a9": "B03",
		"\u221a": "B04",
		"\u222b": "B05",
		"~": "B06",
		"\u00bf": "B07",
		"\u2026": "B08",
		"|": "B09",
		"\u00a1": "B10",
		"\u00a0": "A03"
	},
	"opt+shift": {
		"\u2265": "E00",
		"\u00bb": "E01",
		"\u201d": "E02",
		"\u2019": "E03",
		"[": "E04",
		"\u00cc": "E05",
		"\u2022": "E06",
		"]": "E07",
		"\uf8ff": "E08",
		"\u00d4": "E09",
		"\u00d2": "E10",
		"\u2014": "E11",
		"\u00b1": "E12",
		"\u00c1": "D01",
		"\u00cb": "D02",
		"\u00c8": "D03",
		"\u00cd": "D04",
		"\u00cf": "D05",
		"\u00ce": "D06",
		"\u00db": "D07",
		"\u00d9": "D08",
		"\u00d8": "D09",
		"\u220f": "D10",
		"\u0152": "D11",
		"\u00da": "D12",
		"#": "B00",
		"\u00c5": "C01",
		"\ufb01": "C02",
		"\ufb02": "C03",
		"\u2021": "C04",
		"\u201a": "C05",
		"\u00b7": "C06",
		"\u02c6": "C07",
		"\u02dc": "C08",
		"\u0131": "C09",
		"\u00af": "C10",
		"\u00c6": "C11",
		"\u201e": "B01",
		"\u2030": "B02",
		"\u00c2": "B03",
		"\u25ca": "B04",
		"\u00ca": "B05",
		"\u02d9": "B06",
		"\u02da": "B07",
		"\u00f7": "B08",
		"\\": "B09",
		"\u02d8": "B10",
		"\u00a0": "A03"
	},
	"opt+caps": {
		"\u02c7": "E00",
		"\u00ab": "E01",
		"\u201c": "E02",
		"\u2018": "E03",
		"{": "E04",
		"\u00c7": "E05",
		"\u00ea": "E06",
		"}": "E07",
		"\u221e": "E08",
		"`": "E09",
		"\u00b4": "E10",
		"\u2013": "E11",
		"\u2260": "E12",
		"\u203a": "D01",
		"\u00eb": "D02",
		"\u00c9": "D03",
		"\u00ae": "D04",
		"\u02db": "D05",
		"\u00ff": "D06",
		"\u00a8": "D07",
		"\u00ee": "D08",
		"\u00d6": "D09",
		"\u00d5": "D10",
		"\u00ed": "D11",
		"\u00ef": "D12",
		"@": "B00",
		"\u00c4": "C01",
		"\u00c0": "C02",
		"\u00c3": "C03",
		"\u00e1": "C04",
		"\u00e4": "C05",
		"\u00e2": "C06",
		"\u00e3": "C07",
		"\u00dc": "C08",
		"\u00fa": "C09",
		"\u00fb": "C10",
		"\u00fc": "C11",
		"\u2039": "B01",
		"\u02da": "B02",
		"\u00b8": "B03",
		"\u00d1": "B04",
		"\u00f1": "B05",
		"~": "B06",
		"\u00f6": "B07",
		"\u00f3": "B08",
		"\u00f5": "B09",
		"\u00f4": "B10",
		"\u00a0": "A03"
	},
	"ctrl": {
		"\u001c": "B00",
		"1": "E01",
		"2": "E02",
		"3": "E03",
		"4": "E04",
		"5": "E05",
		"6": "E06",
		"7": "E07",
		"8": "E08",
		"9": "E09",
		"0": "E10",
		"\u001f": "E11",
		"=": "E12",
		"\u0011": "D01",
		"\u001a": "D02",
		"\u0005": "D03",
		"\u0012": "D04",
		"\u0014": "D05",
		"\u0019": "D06",
		"\u0015": "D07",
		"\t": "D08",
		"\u000f": "D09",
		"\u0010": "D10",
		"\u001e": "D11",
		"\u001d": "D12",
		"\u00b0": "D13",
		"\u0001": "C01",
		"\u0013": "C02",
		"\u0004": "C03",
		"\u0006": "C04",
		"\u0007": "C05",
		"\b": "C06",
		"\n": "C07",
		"\u000b": "C08",
		"\f": "C09",
		"\r": "C10",
		"%": "C11",
		"\u0017": "B01",
		"\u0018": "B02",
		"\u0003": "B03",
		"\u0016": "B04",
		"\u0002": "B05",
		"\u000e": "B06",
		"?": "B07",
		".": "B08",
		"/": "B09",
		"!": "B10",
		" ": "A03"
	},
	"cmd+opt": {
		"\u2264": "E00",
		"\u00ab": "E01",
		"\u201c": "E02",
		"\u2018": "E03",
		"{": "E04",
		"\u00c7": "E05",
		"\u00b6": "E06",
		"}": "E07",
		"\u221e": "E08",
		"`": "E09",
		"\u00b4": "E10",
		"\u2013": "E11",
		"\u2260": "E12",
		"\u2044": "D01",
		"\u03a9": "D02",
		"\u2122": "D03",
		"\u00ae": "D04",
		"\u2020": "D05",
		"\u00a5": "D06",
		"\u00a8": "D07",
		"\u20ac": "D08",
		"\u00f8": "D09",
		"\u03c0": "D10",
		"\u0153": "D11",
		"\u00a2": "D12",
		"@": "D13",
		"\u00e5": "C01",
		"\u00df": "C02",
		"\u2202": "C03",
		"\u0192": "C04",
		"\u0178": "C05",
		"\u2206": "C06",
		"\u00aa": "C07",
		"\u00ba": "C08",
		"\u00ac": "C09",
		"\u00b5": "C10",
		"\u00e6": "C11",
		"#": "B00",
		"\u2211": "B01",
		"\u2248": "B02",
		"\u00a9": "B03",
		"\u221a": "B04",
		"\u222b": "B05",
		"~": "B06",
		"\u00bf": "B07",
		"\u2026": "B08",
		"|": "B09",
		"\u00a1": "B10",
		"\u00a0": "A03"
	}
}