{
	"lang": "Dvorak - Right (macOS)",
	"": {
		"`": "E00",
		"1": "E01",
		"2": "E02",
		"3": "E03",
		"4": "E04",
		"j": "E05",
		"l": "E06",
		"m": "E07",
		"f": "E08",
		"p": "E09",
		"/": "E10",
		"[": "E11",
		"]": "E12",
		"5": "D01",
		"6": "D02",
		"q": "D03",
		".": "D04",
		"o": "D05",
		"r": "D06",
		"s": "D07",
		"u": "D08",
		"y": "D09",
		"b": "D10",
		";": "D11",
		"=": "D12",
		"\\": "D13",
		"7": "C01",
		"8": "C02",
		"z": "C03",
		"a": "C04",
		"e": "C05",
		"h": "C06",
		"t": "C07",
		"d": "C08",
		"c": "C09",
		"k": "C10",
		"-": "C11",
		"\u00a7": "B00",
		"9": "B01",
		"0": "B02",
		"x": "B03",
		",": "B04",
		"i": "B05",
		"n": "B06",
		"w": "B07",
		"v": "B08",
		"g": "B09",
		"'": "B10",
		" ": "A03"
	},
	"shift": {
		"~": "E00",
		"!": "E01",
		"@": "E02",
		"#": "E03",
		"$": "E04",
		"J": "E05",
		"L": "E06",
		"M": "E07",
		"F": "E08",
		"P": "E09",
		"?": "E10",
		"{": "E11",
		"}": "E12",
		"%": "D01",
		"^": "D02",
		"Q": "D03",
		">": "D04",
		"O": "D05",
		"R": "D06",
		"S": "D07",
		"U": "D08",
		"Y": "D09",
		"B": "D10",
		":": "D11",
		"+": "D12",
		"|": "D13",
		"&": "C01",
		"*": "C02",
		"Z": "C03",
		"A": "C04",
		"E": "C05",
		"H": "C06",
		"T": "C07",
		"D": "C08",
		"C": "C09",
		"K": "C10",
		"_": "C11",
		"\u00b1": "B00",
		"(": "B01",
		")": "B02",
		"X": "B03",
		"<": "B04",
		"I": "B05",
		"N": "B06",
		"W": "B07",
		"V": "B08",
		"G": "B09",
		"\"": "B10",
		" ": "A03"
	},
	"caps": {
		"`": "E00",
		"1": "E01",
		"2": "E02",
		"3": "E03",
		"4": "E04",
		"J": "E05",
		"L": "E06",
		"M": "E07",
		"F": "E08",
		"P": "E09",
		"/": "E10",
		"[": "E11",
		"]": "E12",
		"5": "D01",
		"6": "D02",
		"Q": "D03",
		".": "D04",
		"O": "D05",
		"R": "D06",
		"S": "D07",
		"U": "D08",
		"Y": "D09",
		"B": "D10",
		";": "D11",
		"=": "D12",
		"\\": "D13",
		"7": "C01",
		"8": "C02",
		"Z": "C03",
		"A": "C04",
		"E": "C05",
		"H": "C06",
		"T": "C07",
		"D": "C08",
		"C": "C09",
		"K": "C10",
		"-": "C11",
		"\u00a7": "B00",
		"9": "B01",
		"0": "B02",
		"X": "B03",
		",": "B04",
		"I": "B05",
		"N": "B06",
		"W": "B07",
		"V": "B08",
		"G": "B09",
		"'": "B10",
		" ": "A03"
	},
	"opt": {
		"`": "E00",
		"\u00a1": "E01",
		"\u2122": "E02",
		"\u00a3": "E03",
		"\u00a2": "E04",
		"\u2206": "E05",
		"\u00ac": "E06",
		"\u00b5": "E07",
		"\u0192": "E08",
		"\u03c0": "E09",
		"\u00f7": "E10",
		"\u201c": "E11",
		"\u2018": "E12",
		"\u221e": "D01",
		"\u00a7": "B00",
		"\u0153": "D03",
		"\u2265": "D04",
		"\u00f8": "D05",
		"\u00ae": "D06",
		"\u00df": "D07",
		"\u00a8": "D08",
		"\u00a5": "D09",
		"\u222b": "D10",
		"\u2026": "D11",
		"\u2260": "D12",
		"\u00ab": "D13",
		"\u00b6": "C01",
		"\u2022": "C02",
		"\u03a9": "C03",
		"\u00e5": "C04",
		"\u00b4": "C05",
		"\u02d9": "C06",
		"\u2020": "C07",
		"\u2202": "C08",
		"\u00e7": "C09",
		"\u02da": "C10",
		"\u2013": "C11",
		"\u00aa": "B01",
		"\u00ba": "B02",
		"\u2248": "B03",
		"\u2264": "B04",
		"\u02c6": "B05",
		"\u02dc": "B06",
		"\u2211": "B07",
		"\u221a": "B08",
		"\u00a9": "B09",
		"\u00e6": "B10",
		"\u00a0": "A03"
	},
	"opt+shift": {
		"`": "E00",
		"\u2044": "E01",
		"\u20ac": "E02",
		"\u2039": "E03",
		"\u203a": "E04",
		"\u00d4": "E05",
		"\u00d2": "E06",
		"\u00c2": "E07",
		"\u00cf": "E08",
		"\u220f": "E09",
		"\u00bf": "E10",
		"\u201d": "E11",
		"\u2019": "E12",
		"\ufb01": "D01",
		"\ufb02": "D02",
		"\u0152": "D03",
		"\u02d8": "D04",
		"\u00d8": "D05",
		"\u2030": "D06",
		"\u00cd": "D07",
		"\u00a8": "D08",
		"\u00c1": "D09",
		"\u0131": "D10",
		"\u00da": "D11",
		"\u00b1": "B00",
		"\u00bb": "D13",
		"\u2021": "C01",
		"\u00b0": "C02",
		"\u00b8": "C03",
		"\u00c5": "C04",
		"\u00b4": "C05",
		"\u00d3": "C06",
		"\u02c7": "C07",
		"\u00ce": "C08",
		"\u00c7": "C09",
		"\uf8ff": "C10",
		"\u2014": "C11",
		"\u00b7": "B01",
		"\u201a": "B02",
		"\u02db": "B03",
		"\u00af": "B04",
		"\u02c6": "B05",
		"\u02dc": "B06",
		"\u201e": "B07",
		"\u25ca": "B08",
		"\u02dd": "B09",
		"\u00c6": "B10",
		"\u00a0": "A03"
	},
	"opt+caps": {
		"`": "E00",
		"\u00a1": "E01",
		"\u2122": "E02",
		"\u00a3": "E03",
		"\u00a2": "E04",
		"\u00d4": "E05",
		"\u00d2": "E06",
		"\u00c2": "E07",
		"\u00cf": "E08",
		"\u220f": "E09",
		"\u00f7": "E10",
		"\u201c": "E11",
		"\u2018": "E12",
		"\u221e": "D01",
		"\u00a7": "B00",
		"\u0152": "D03",
		"\u2265": "D04",
		"\u00d8": "D05",
		"\u00ae": "D06",
		"\u00cd": "D07",
		"\u00a8": "D08",
		"\u00c1": "D09",
		"\u0131": "D10",
		"\u2026": "D11",
		"\u2260": "D12",
		"\u00ab": "D13",
		"\u00b6": "C01",
		"\u2022": "C02",
		"\u03a9": "C03",
		"\u00c5": "C04",
		"\u00b4": "C05",
		"\u00d3": "C06",
		"\u2020": "C07",
		"\u00ce": "C08",
		"\u00c7": "C09",
		"\u02da": "C10",
		"\u2013": "C11",
		"\u00aa": "B01",
		"\u00ba": "B02",
		"\u2248": "B03",
		"\u2264": "B04",
		"\u02c6": "B05",
		"\u02dc": "B06",
		"\u2211": "B07",
		"\u221a": "B08",
		"\u00a9": "B09",
		"\u00c6": "B10",
		"\u00a0": "A03"
	},
	"ctrl": {
		"`": "E00",
		"1": "E01",
		"2": "E02",
		"3": "E03",
		"4": "E04",
		"\n": "E05",
		"\f": "E06",
		"\r": "E07",
		"\u0006": "E08",
		"\u0010": "E09",
		"/": "E10",
		"\u001b": "E11",
		"\u001d": "E12",
		"5": "D01",
		"6": "D02",
		"\u0011": "D03",
		".": "D04",
		"\u000f": "D05",
		"\u0012": "D06",
		"\u0013": "D07",
		"\u0015": "D08",
		"\u0019": "D09",
		"\u0002": "D10",
		";": "D11",
		"=": "D12",
		"\u001c": "D13",
		"7": "C01",
		"8": "C02",
		"\u001a": "C03",
		"\u0001": "C04",
		"\u0005": "C05",
		"\b": "C06",
		"\u0014": "C07",
		"\u0004": "C08",
		"\u0003": "C09",
		"\u000b": "C10",
		"\u001f": "C11",
		"0": "B02",
		"9": "B01",
		"\u0018": "B03",
		",": "B04",
		"\t": "B05",
		"\u000e": "B06",
		"\u0017": "B07",
		"\u0016": "B08",
		"\u0007": "B09",
		"'": "B10",
		" ": "A03"
	},
	"cmd+opt": {
		"`": "E00",
		"\u00a1": "E01",
		"\u2122": "E02",
		"\u00a3": "E03",
		"\u00a2": "E04",
		"\u2206": "E05",
		"\u00ac": "E06",
		"\u00b5": "E07",
		"\u0192": "E08",
		"\u03c0": "E09",
		"\u00f7": "E10",
		"\u201c": "E11",
		"\u2018": "E12",
		"\u221e": "D01",
		"\u00a7": "B00",
		"\u0153": "D03",
		"\u2265": "D04",
		"\u00f8": "D05",
		"\u00ae": "D06",
		"\u00df": "D07",
		"\u00a8": "D08",
		"\u00a5": "D09",
		"\u222b": "D10",
		"\u2026": "D11",
		"\u2260": "D12",
		"\u00ab": "D13",
		"\u00b6": "C01",
		"\u2022": "C02",
		"\u03a9": "C03",
		"\u00e5": "C04",
		"\u00b4": "C05",
		"\u02d9": "C06",
		"\u2020": "C07",
		"\u2202": "C08",
		"\u00e7": "C09",
		"\u02da": "C10",
		"\u2013": "C11",
		"\u00aa": "B01",
		"\u00ba": "B02",
		"\u2248": "B03",
		"\u2264": "B04",
		"\u02c6": "B05",
		"\u02dc": "B06",
		"\u2211": "B07",
		"\u221a": "B08",
		"\u00a9": "B09",
		"\u00e6": "B10",
		"\u00a0": "A03"
	}
}