{
	"lang": "Georgian-QWERTY (macOS)",
	"": {
		"\u201e": "E00",
		"1": "E01",
		"2": "E02",
		"3": "E03",
		"4": "E04",
		"5": "E05",
		"6": "E06",
		"7": "E07",
		"8": "E08",
		"9": "E09",
		"0": "E10",
		"-": "E11",
		"=": "E12",
		"\u10e5": "D01",
		"\u10ec": "D02",
		"\u10d4": "D03",
		"\u10e0": "D04",
		"\u10e2": "D05",
		"\u10e7": "D06",
		"\u10e3": "D07",
		"\u10d8": "D08",
		"\u10dd": "D09",
		"\u10de": "D10",
		"[": "D11",
		"]": "D12",
		"\\": "D13",
		"\u10d0": "C01",
		"\u10e1": "C02",
		"\u10d3": "C03",
		"\u10e4": "C04",
		"\u10d2": "C05",
		"\u10f0": "C06",
		"\u10ef": "C07",
		"\u10d9": "C08",
		"\u10da": "C09",
		";": "C10",
		"'": "C11",
		"\u00a7": "B00",
		"\u10d6": "B01",
		"\u10ee": "B02",
		"\u10ea": "B03",
		"\u10d5": "B04",
		"\u10d1": "B05",
		"\u10dc": "B06",
		"\u10db": "B07",
		",": "B08",
		".": "B09",
		"/": "B10",
		" ": "A03"
	},
	"shift": {
		"\u201c": "E00",
		"!": "E01",
		"@": "E02",
		"#": "E03",
		"$": "E04",
		"%": "E05",
		"^": "E06",
		"&": "E07",
		"*": "E08",
		"(": "E09",
		")": "E10",
		"_": "E11",
		"+": "E12",
		"\u10ed": "D02",
		"\u10e6": "D04",
		"\u10d7": "D05",
		"`": "D09",
		"~": "D10",
		"{": "D11",
		"}": "D12",
		"|": "D13",
		"\u10e8": "C02",
		"\u10df": "C07",
		":": "C10",
		"\"": "C11",
		"\u00b1": "B00",
		"\u10eb": "B01",
		"\u10e9": "B03",
		"<": "B08",
		">": "B09",
		"?": "B10",
		" ": "A03"
	},
	"caps": {
		"`": "E00",
		"1": "E01",
		"2": "E02",
		"3": "E03",
		"4": "E04",
		"5": "E05",
		"6": "E06",
		"7": "E07",
		"8": "E08",
		"9": "E09",
		"0": "E10",
		"-": "E11",
		"=": "E12",
		"q": "D01",
		"w": "D02",
		"e": "D03",
		"r": "D04",
		"t": "D05",
		"y": "D06",
		"u": "D07",
		"i": "D08",
		"o": "D09",
		"p": "D10",
		"[": "D11",
		"]": "D12",
		"\\": "D13",
		"a": "C01",
		"s": "C02",
		"d": "C03",
		"f": "C04",
		"g": "C05",
		"h": "C06",
		"j": "C07",
		"k": "C08",
		"l": "C09",
		";": "C10",
		"'": "C11",
		"z": "B01",
		"x": "B02",
		"c": "B03",
		"v": "B04",
		"b": "B05",
		"n": "B06",
		"m": "B07",
		",": "B08",
		".": "B09",
		"/": "B10",
		" ": "A03"
	},
	"caps+shift": {
		"~": "E00",
		"!": "E01",
		"@": "E02",
		"#": "E03",
		"$": "E04",
		"%": "E05",
		"^": "E06",
		"&": "E07",
		"*": "E08",
		"(": "E09",
		")": "E10",
		"_": "E11",
		"+": "E12",
		"Q": "D01",
		"W": "D02",
		"E": "D03",
		"R": "D04",
		"T": "D05",
		"Y": "D06",
		"U": "D07",
		"I": "D08",
		"O": "D09",
		"P": "D10",
		"{": "D11",
		"}": "D12",
		"|": "D13",
		"A": "C01",
		"S": "C02",
		"D": "C03",
		"F": "C04",
		"G": "C05",
		"H": "C06",
		"J": "C07",
		"K": "C08",
		"L": "C09",
		":": "C10",
		"\"": "C11",
		"Z": "B01",
		"X": "B02",
		"C": "B03",
		"V": "B04",
		"B": "B05",
		"N": "B06",
		"M": "B07",
		"<": "B08",
		">": "B09",
		"?": "B10",
		" ": "A03"
	},
	"opt": {
		"\u20ac": "E06",
		"\u00ba": "E09",
		"\u2014": "E11",
		"\u2013": "E12",
		"\u10f1": "D03",
		"\u00ae": "D04",
		"\u10f8": "D06",
		"\u10f2": "D08",
		"\u201c": "D11",
		"\u2018": "D12",
		"\u10fa": "C01",
		"\u10f6": "C04",
		"\u10f9": "C05",
		"\u10f5": "C06",
		"\u10f7": "C07",
		"\u00a7": "B00",
		"\u10f4": "B02",
		"\u00a9": "B03",
		"\u10f3": "B04",
		"\u10fc": "B06",
		"\u00ab": "B08",
		"\u00bb": "B09",
		"\u10fb": "B10",
		"\u00a0": "A03"
	},
	"opt+shift": {
		"\u0300": "E00",
		"\u2044": "E01",
		"\u20ac": "E02",
		"\u2039": "E03",
		"\u203a": "E04",
		"\u2020": "E05",
		"\u0302": "E06",
		"\u2021": "E07",
		"\u00b0": "E08",
		"\u00b7": "E09",
		"\u201a": "E10",
		"\u2014": "E11",
		"\u00b1": "B00",
		"\u201d": "D11",
		"\u2019": "D12",
		"\u00a0": "A03"
	},
	"opt+caps": {
		"`": "E00",
		"\u00a1": "E01",
		"\u2122": "E02",
		"\u00a3": "E03",
		"\u00a2": "E04",
		"\u00a7": "B00",
		"\u02c6": "E06",
		"\u00b6": "E07",
		"\u2022": "E08",
		"\u00aa": "E09",
		"\u00ba": "E10",
		"\u2013": "E11",
		"\u2260": "E12",
		"\u02d9": "D02",
		"\u00d8": "D09",
		"\u201c": "D11",
		"\u2018": "D12",
		"\u00ab": "D13",
		"\u00c6": "C11",
		"\u2264": "B08",
		"\u2265": "B09",
		"\u00f7": "B10",
		"\u00a0": "A03"
	},
	"ctrlL": {
		"`": "E00",
		"1": "E01",
		"2": "E02",
		"3": "E03",
		"4": "E04",
		"5": "E05",
		"6": "E06",
		"7": "E07",
		"8": "E08",
		"9": "E09",
		"0": "B00",
		"\u001f": "E11",
		"=": "E12",
		"\u0011": "D01",
		"\u0017": "D02",
		"\u0005": "D03",
		"\u0012": "D04",
		"\u0014": "D05",
		"\u0019": "D06",
		"\u0015": "D07",
		"\t": "D08",
		"\u000f": "D09",
		"\u0010": "D10",
		"\u001b": "D11",
		"\u001d": "D12",
		"\u001c": "D13",
		"\u0001": "C01",
		"\u0013": "C02",
		"\u0004": "C03",
		"\u0006": "C04",
		"\u0007": "C05",
		"\b": "C06",
		"\n": "C07",
		"\u000b": "C08",
		"\f": "C09",
		";": "C10",
		"'": "C11",
		"\u001a": "B01",
		"\u0018": "B02",
		"\u0003": "B03",
		"\u0016": "B04",
		"\u0002": "B05",
		"\u000e": "B06",
		"\r": "B07",
		",": "B08",
		".": "B09",
		"/": "B10",
		" ": "A03"
	},
	"cmd+opt": {
		"`": "E00",
		"\u00a1": "E01",
		"\u2122": "E02",
		"\u00a3": "E03",
		"\u00a2": "E04",
		"\u00a7": "B00",
		"\u02c6": "E06",
		"\u00b6": "E07",
		"\u2022": "E08",
		"\u00aa": "E09",
		"\u00ba": "E10",
		"\u2013": "E11",
		"\u2260": "E12",
		"\u0153": "D01",
		"\u02d9": "D02",
		"\u00b4": "D03",
		"\u00ae": "D04",
		"\u00fe": "D05",
		"\u00a5": "D06",
		"\u00a8": "D07",
		"\u2019": "B01",
		"\u00f8": "D09",
		",": "D10",
		"\u201c": "D11",
		"\u2018": "D12",
		"\u00ab": "D13",
		"\u00af": "C01",
		"\u00df": "C02",
		"\u00f0": "C03",
		"\u0192": "C04",
		"\u00a9": "C05",
		"\u02cd": "C06",
		"\u02dd": "C07",
		"\u02da": "C08",
		"-": "C09",
		"\u2026": "C10",
		"\u00e6": "C11",
		".": "B02",
		"\u00b8": "B03",
		"\u02c7": "B04",
		"\u02d8": "B05",
		"\u02dc": "B06",
		"\u02db": "B07",
		"\u2264": "B08",
		"\u2265": "B09",
		"\u00f7": "B10",
		"\u00a0": "A03"
	}
}