{
	"lang": "TibetanOtaniUS (macOS)",
	"": {
		"\u0f88": "E00",
		"\u0f21": "E01",
		"\u0f22": "E02",
		"\u0f23": "E03",
		"\u0f24": "E04",
		"\u0f25": "E05",
		"\u0f26": "E06",
		"\u0f27": "E07",
		"\u0f28": "E08",
		"\u0f29": "E09",
		"\u0f20": "E10",
		"\u0f37": "E11",
		"\u0f04": "E12",
		"\u0f68": "D01",
		"\u0f5d": "D02",
		"\u0f7a": "D03",
		"\u0f62": "D04",
		"\u0f4f": "D05",
		"\u0f61": "D06",
		"\u0f74": "D07",
		"\u0f72": "D08",
		"\u0f7c": "D09",
		"\u0f54": "D10",
		"\u0f3c": "D11",
		"\u0f3d": "D12",
		"\u0fbe": "D13",
		"\u0f60": "C01",
		"\u0f66": "C02",
		"\u0f51": "C03",
		"\u0f84": "C10",
		"\u0f42": "C05",
		"\u0f67": "C06",
		"\u0f47": "C07",
		"\u0f40": "C08",
		"\u0f63": "C09",
		" ": "C11",
		"\u0f5f": "B01",
		"\u0f5b": "B02",
		"\u0f45": "B03",
		"\u0f59": "B04",
		"\u0f56": "B05",
		"\u0f53": "B06",
		"\u0f58": "B07",
		"\u0f44": "B08",
		"\u0f49": "B09",
		"\u0f0d": "B10",
		"\u0f0b": "A03"
	},
	"shift": {
		"\u0f85": "E03",
		"\u0f38": "E07",
		"\u0f7f": "E08",
		"\u0f34": "E09",
		"\u0f35": "E11",
		"\u0f05": "E12",
		"\u0f50": "D05",
		"\u0f55": "D10",
		"\u0f11": "D13",
		"\u0f64": "C02",
		"\u0f84": "C04",
		"\u0f43": "C05",
		"\u0f41": "C08",
		"\u0f5e": "B01",
		"\u0f5c": "B02",
		"\u0f46": "B03",
		"\u0f5a": "B04",
		"\u0f57": "B05",
		"\u0f0f": "B10",
		" ": "A03"
	},
	"caps": {
		"`": "E00",
		"1": "E01",
		"2": "E02",
		"3": "E03",
		"4": "E04",
		"5": "E05",
		"6": "E06",
		"7": "E07",
		"8": "E08",
		"9": "E09",
		"0": "E10",
		"-": "E11",
		"=": "E12",
		"q": "D01",
		"w": "D02",
		"e": "D03",
		"r": "D04",
		"t": "D05",
		"y": "D06",
		"u": "D07",
		"i": "D08",
		"o": "D09",
		"p": "D10",
		"[": "D11",
		"]": "D12",
		"\\": "D13",
		"a": "C01",
		"s": "C02",
		"d": "C03",
		"f": "C04",
		"g": "C05",
		"h": "C06",
		"j": "C07",
		"k": "C08",
		"l": "C09",
		";": "C10",
		"'": "C11",
		"z": "B01",
		"x": "B02",
		"c": "B03",
		"v": "B04",
		"b": "B05",
		"n": "B06",
		"m": "B07",
		",": "B08",
		".": "B09",
		"/": "B10",
		" ": "A03"
	},
	"caps+shift": {
		"~": "E00",
		"!": "E01",
		"@": "E02",
		"#": "E03",
		"$": "E04",
		"%": "E05",
		"^": "E06",
		"&": "E07",
		"*": "E08",
		"(": "E09",
		")": "E10",
		"_": "E11",
		"+": "E12",
		"Q": "D01",
		"W": "D02",
		"E": "D03",
		"R": "D04",
		"T": "D05",
		"Y": "D06",
		"U": "D07",
		"I": "D08",
		"O": "D09",
		"P": "D10",
		"{": "D11",
		"}": "D12",
		"|": "D13",
		"A": "C01",
		"S": "C02",
		"D": "C03",
		"F": "C04",
		"G": "C05",
		"H": "C06",
		"J": "C07",
		"K": "C08",
		"L": "C09",
		":": "C10",
		"\"": "C11",
		"Z": "B01",
		"X": "B02",
		"C": "B03",
		"V": "B04",
		"B": "B05",
		"N": "B06",
		"M": "B07",
		"<": "B08",
		">": "B09",
		"?": "B10",
		" ": "A03"
	},
	"opt": {
		"\u0f14": "E08",
		"\u0f35": "E11",
		"\u0f85": "D01",
		"\u0f7b": "D03",
		"\u0f4a": "D05",
		"\u0f80": "D08",
		"\u0f7d": "D09",
		"\u0f3a": "D11",
		"\u0f3b": "D12",
		"\u0f39": "D13",
		"\u0f4c": "C03",
		"\u0f7f": "C06",
		"\u00a0": "C11",
		"\u0f4e": "B06",
		"\u0f7e": "B07",
		"\u0f0c": "A03"
	},
	"opt+shift": {
		"\u0f2a": "E01",
		"\u0f2b": "E02",
		"\u0f2c": "E03",
		"\u0f2d": "E04",
		"\u0f2e": "E05",
		"\u0f2f": "E06",
		"\u0f30": "E07",
		"\u0f31": "E08",
		"\u0f32": "E09",
		"\u0f33": "E10",
		"\u0f08": "E12",
		"\u0f4b": "D05",
		"\u0f3f": "D11",
		"\u0f3e": "D12",
		"\u0f65": "C02",
		"\u0f69": "C08",
		"\u0f83": "B07",
		"\u0f10": "B10"
	},
	"ctrlL": {
		"`": "E00",
		"1": "E01",
		"2": "E02",
		"3": "E03",
		"4": "E04",
		"5": "E05",
		"6": "E06",
		"7": "E07",
		"8": "E08",
		"9": "E09",
		"0": "B00",
		"\u001f": "E11",
		"=": "E12",
		"\u0011": "D01",
		"\u0017": "D02",
		"\u0005": "D03",
		"\u0012": "D04",
		"\u0014": "D05",
		"\u0019": "D06",
		"\u0015": "D07",
		"\t": "D08",
		"\u000f": "D09",
		"\u0010": "D10",
		"\u001b": "D11",
		"\u001d": "D12",
		"\u001c": "D13",
		"\u0001": "C01",
		"\u0013": "C02",
		"\u0004": "C03",
		"\u0006": "C04",
		"\u0007": "C05",
		"\b": "C06",
		"\n": "C07",
		"\u000b": "C08",
		"\f": "C09",
		";": "C10",
		"'": "C11",
		"\u001a": "B01",
		"\u0018": "B02",
		"\u0003": "B03",
		"\u0016": "B04",
		"\u0002": "B05",
		"\u000e": "B06",
		"\r": "B07",
		",": "B08",
		".": "B09",
		"/": "B10",
		" ": "A03"
	}
}