{
	"lang": "Khmer (macOS)",
	"": {
		"\u00ab": "E00",
		"\u17e1": "E01",
		"\u17e2": "E02",
		"\u17e3": "E03",
		"\u17e4": "E04",
		"\u17e5": "E05",
		"\u17e6": "E06",
		"\u17e7": "E07",
		"\u17e8": "E08",
		"\u17e9": "E09",
		"\u17e0": "E10",
		"\u17a5": "E11",
		"\u17b2": "E12",
		"\u1786": "D01",
		"\u17b9": "D02",
		"\u17c1": "D03",
		"\u179a": "D04",
		"\u178f": "D05",
		"\u1799": "D06",
		"\u17bb": "D07",
		"\u17b7": "D08",
		"\u17c4": "D09",
		"\u1795": "D10",
		"\u17c0": "D11",
		"\u17aa": "D12",
		"\u17ad": "D13",
		"\u17b6": "C01",
		"\u179f": "C02",
		"\u178a": "C03",
		"\u1790": "C04",
		"\u1784": "C05",
		"\u17a0": "C06",
		"\u17d2": "C07",
		"\u1780": "C08",
		"\u179b": "C09",
		"\u17be": "C10",
		"\u17cb": "C11",
		"\u178b": "B01",
		"\u1781": "B02",
		"\u1785": "B03",
		"\u179c": "B04",
		"\u1794": "B05",
		"\u1793": "B06",
		"\u1798": "B07",
		"\u17a6": "B08",
		"\u17d4": "B09",
		"\u17ca": "B10",
		" ": "A03"
	},
	"shift": {
		"\u00bb": "E00",
		"!": "E01",
		"\u17d7": "E02",
		"\"": "E03",
		"\u17db": "E04",
		"%": "E05",
		"\u17cd": "E06",
		"\u17d0": "E07",
		"\u17cf": "E08",
		"\u17b0": "E09",
		"\u17b3": "E10",
		"\u17cc": "E11",
		"\u17ce": "E12",
		"\u1788": "D01",
		"\u17ba": "D02",
		"\u17c2": "D03",
		"\u17ac": "D04",
		"\u1791": "D05",
		"\u17bd": "D06",
		"\u17bc": "D07",
		"\u17b8": "D08",
		"\u17c5": "D09",
		"\u1797": "D10",
		"\u17bf": "D11",
		"\u17a7": "D12",
		"\u17ae": "D13",
		"\u17ab": "C01",
		"\u17c3": "C02",
		"\u178c": "C03",
		"\u1792": "C04",
		"\u17a2": "C05",
		"\u17c7": "C06",
		"\u1789": "C07",
		"\u1782": "C08",
		"\u17a1": "C09",
		"\u17d6": "C10",
		"\u17c9": "C11",
		"\u178d": "B01",
		"\u1783": "B02",
		"\u1787": "B03",
		"\u17c8": "B04",
		"\u1796": "B05",
		"\u178e": "B06",
		"\u17c6": "B07",
		"\u17b1": "B08",
		"\u17d5": "B09",
		"\u17af": "B10",
		"\u200b": "A03"
	},
	"caps": {
		"`": "E00",
		"1": "E01",
		"2": "E02",
		"3": "E03",
		"4": "E04",
		"5": "E05",
		"6": "E06",
		"7": "E07",
		"8": "E08",
		"9": "E09",
		"0": "E10",
		"-": "E11",
		"=": "E12",
		"q": "D01",
		"w": "D02",
		"e": "D03",
		"r": "D04",
		"t": "D05",
		"y": "D06",
		"u": "D07",
		"i": "D08",
		"o": "D09",
		"p": "D10",
		"[": "D11",
		"]": "D12",
		"\\": "D13",
		"a": "C01",
		"s": "C02",
		"d": "C03",
		"f": "C04",
		"g": "C05",
		"h": "C06",
		"j": "C07",
		"k": "C08",
		"l": "C09",
		";": "C10",
		"'": "C11",
		"z": "B01",
		"x": "B02",
		"c": "B03",
		"v": "B04",
		"b": "B05",
		"n": "B06",
		"m": "B07",
		",": "B08",
		".": "B09",
		"/": "B10",
		" ": "A03"
	},
	"caps+shift": {
		"~": "E00",
		"!": "E01",
		"@": "E02",
		"#": "E03",
		"$": "E04",
		"%": "E05",
		"^": "E06",
		"&": "E07",
		"*": "E08",
		"(": "E09",
		")": "E10",
		"_": "E11",
		"+": "E12",
		"Q": "D01",
		"W": "D02",
		"E": "D03",
		"R": "D04",
		"T": "D05",
		"Y": "D06",
		"U": "D07",
		"I": "D08",
		"O": "D09",
		"P": "D10",
		"{": "D11",
		"}": "D12",
		"|": "D13",
		"A": "C01",
		"S": "C02",
		"D": "C03",
		"F": "C04",
		"G": "C05",
		"H": "C06",
		"J": "C07",
		"K": "C08",
		"L": "C09",
		":": "C10",
		"\"": "C11",
		"Z": "B01",
		"X": "B02",
		"C": "B03",
		"V": "B04",
		"B": "B05",
		"N": "B06",
		"M": "B07",
		"<": "B08",
		">": "B09",
		"?": "B10",
		" ": "A03"
	},
	"opt": {
		"\u200d": "E00",
		"\u200c": "E01",
		"@": "E02",
		"\u17d1": "E03",
		"$": "E04",
		"\u20ac": "E05",
		"\u17d9": "E06",
		"\u17da": "E07",
		"*": "E08",
		"(": "E09",
		")": "E10",
		"+": "E11",
		"=": "E12",
		"\u1790": "D05",
		"\u17a8": "D11",
		"\u17a9": "D12",
		"\\": "D13",
		"\u17dc": "C01",
		"\u179d": "C02",
		"\u179e": "C03",
		";": "C10",
		"'": "C11",
		",": "B08",
		".": "B09",
		"?": "B10",
		" ": "A03"
	},
	"opt+shift": {
		"~": "E00",
		"\u2026": "E01",
		"\u00a9": "E02",
		"\u00ae": "E03",
		"\u2122": "E04",
		"\u2019": "E05",
		"\u2018": "E06",
		"\u2013": "E07",
		"\u2022": "E08",
		"\u2014": "E09",
		"\u00d7": "E10",
		"\u2212": "E11",
		"+": "E12",
		"\u179e": "C02",
		" ": "A03"
	},
	"ctrlL": {
		"`": "E00",
		"1": "E01",
		"2": "E02",
		"3": "E03",
		"4": "E04",
		"5": "E05",
		"6": "E06",
		"7": "E07",
		"8": "E08",
		"9": "E09",
		"0": "B00",
		"\u001f": "E11",
		"=": "E12",
		"\u0011": "D01",
		"\u0017": "D02",
		"\u0005": "D03",
		"\u0012": "D04",
		"\u0014": "D05",
		"\u0019": "D06",
		"\u0015": "D07",
		"\t": "D08",
		"\u000f": "D09",
		"\u0010": "D10",
		"\u001b": "D11",
		"\u001d": "D12",
		"\u001c": "D13",
		"\u0001": "C01",
		"\u0013": "C02",
		"\u0004": "C03",
		"\u0006": "C04",
		"\u0007": "C05",
		"\b": "C06",
		"\n": "C07",
		"\u000b": "C08",
		"\f": "C09",
		";": "C10",
		"'": "C11",
		"\u001a": "B01",
		"\u0018": "B02",
		"\u0003": "B03",
		"\u0016": "B04",
		"\u0002": "B05",
		"\u000e": "B06",
		"\r": "B07",
		",": "B08",
		".": "B09",
		"/": "B10",
		" ": "A03"
	}
}