{
	"lang": "Slovak (macOS)",
	"": {
		"\\": "E00",
		"+": "E01",
		"\u013e": "E02",
		"\u0161": "E03",
		"\u010d": "E04",
		"\u0165": "E05",
		"\u017e": "E06",
		"\u00fd": "E07",
		"\u00e1": "E08",
		"\u00ed": "E09",
		"\u00e9": "E10",
		"=": "E11",
		"'": "E12",
		"q": "D01",
		"w": "D02",
		"e": "D03",
		"r": "D04",
		"t": "D05",
		"z": "D06",
		"u": "D07",
		"i": "D08",
		"o": "D09",
		"p": "D10",
		"\u00fa": "D11",
		"\u00e4": "D12",
		"\u0148": "D13",
		"a": "C01",
		"s": "C02",
		"d": "C03",
		"f": "C04",
		"g": "C05",
		"h": "C06",
		"j": "C07",
		"k": "C08",
		"l": "C09",
		"\u00f4": "C10",
		"\u00a7": "C11",
		"<": "B00",
		"y": "B01",
		"x": "B02",
		"c": "B03",
		"v": "B04",
		"b": "B05",
		"n": "B06",
		"m": "B07",
		",": "B08",
		".": "B09",
		"-": "B10",
		" ": "A03"
	},
	"shift": {
		"|": "E00",
		"1": "E01",
		"2": "E02",
		"3": "E03",
		"4": "E04",
		"5": "E05",
		"6": "E06",
		"7": "E07",
		"8": "E08",
		"9": "E09",
		"0": "E10",
		"%": "E11",
		"\u02c7": "E12",
		"Q": "D01",
		"W": "D02",
		"E": "D03",
		"R": "D04",
		"T": "D05",
		"Z": "D06",
		"U": "D07",
		"I": "D08",
		"O": "D09",
		"P": "D10",
		"/": "D11",
		"(": "D12",
		")": "D13",
		"A": "C01",
		"S": "C02",
		"D": "C03",
		"F": "C04",
		"G": "C05",
		"H": "C06",
		"J": "C07",
		"K": "C08",
		"L": "C09",
		"\"": "C10",
		"!": "C11",
		">": "B00",
		"Y": "B01",
		"X": "B02",
		"C": "B03",
		"V": "B04",
		"B": "B05",
		"N": "B06",
		"M": "B07",
		"?": "B08",
		":": "B09",
		"_": "B10",
		" ": "A03"
	},
	"caps": {
		"\\": "E00",
		"+": "E01",
		"\u013d": "E02",
		"\u0160": "E03",
		"\u010c": "E04",
		"\u0164": "E05",
		"\u017d": "E06",
		"\u00dd": "E07",
		"\u00c1": "E08",
		"\u00cd": "E09",
		"\u00c9": "E10",
		"=": "E11",
		"'": "E12",
		"Q": "D01",
		"W": "D02",
		"E": "D03",
		"R": "D04",
		"T": "D05",
		"Z": "D06",
		"U": "D07",
		"I": "D08",
		"O": "D09",
		"P": "D10",
		"\u00da": "D11",
		"\u00c4": "D12",
		"\u0147": "D13",
		"A": "C01",
		"S": "C02",
		"D": "C03",
		"F": "C04",
		"G": "C05",
		"H": "C06",
		"J": "C07",
		"K": "C08",
		"L": "C09",
		"\u00d4": "C10",
		"\u00a7": "C11",
		"<": "B00",
		"Y": "B01",
		"X": "B02",
		"C": "B03",
		"V": "B04",
		"B": "B05",
		"N": "B06",
		"M": "B07",
		",": "B08",
		".": "B09",
		"-": "B10",
		" ": "A03"
	},
	"optR+caps": {
		"`": "E01",
		"@": "E02",
		"#": "E03",
		"$": "E04",
		"~": "E05",
		"^": "E12",
		"&": "E07",
		"*": "E08",
		"{": "E09",
		"}": "E10",
		"\u00b0": "E11",
		"\u0117": "D02",
		"\u0119": "D03",
		"\u20ac": "D04",
		"\u017c": "D06",
		"[": "D11",
		"]": "D12",
		"\u00a8": "D13",
		"\u0105": "C01",
		"\u00df": "C02",
		"\u2202": "C03",
		"\u2018": "C06",
		"\u2019": "C07",
		"\u0142": "C09",
		";": "C10",
		"'": "C11",
		"\u2264": "B00",
		"\u201a": "B06",
		"<": "B08",
		">": "B09",
		"\u2013": "B10",
		"\u00a0": "A03"
	},
	"optL+caps": {
		"`": "E01",
		"@": "E02",
		"#": "E03",
		"$": "E04",
		"~": "E05",
		"^": "E12",
		"&": "E07",
		"*": "E08",
		"{": "E09",
		"}": "E10",
		"\u00b0": "E11",
		"\u0116": "D02",
		"\u0118": "D03",
		"\u017b": "D06",
		"[": "D11",
		"]": "D12",
		"\u00a8": "D13",
		"\u0104": "C01",
		"\u2211": "C02",
		"\u2206": "C03",
		"\u2018": "C06",
		"\u2019": "C07",
		"\u0141": "C09",
		";": "C10",
		"'": "C11",
		"\u2264": "B00",
		"\u201a": "B06",
		"<": "B08",
		">": "B09",
		"\u2013": "B10",
		"\u00a0": "A03"
	},
	"opt+shift": {
		"\u00ac": "E01",
		"\u2022": "E02",
		"\u2260": "E03",
		"\u00a3": "E04",
		"\u25ca": "E05",
		"\u2020": "E06",
		"\u00b6": "E07",
		"\u00f7": "E08",
		"\u00ab": "E09",
		"\u00bb": "E10",
		",": "E11",
		"-": "E12",
		"\u0116": "D02",
		"\u0118": "D03",
		"\u00ae": "D04",
		"\u2122": "D05",
		"\u017b": "D06",
		"\u2039": "D11",
		"\u203a": "D12",
		"\"": "D13",
		"\u0104": "C01",
		"\u2211": "C02",
		"\u2206": "C03",
		"\u201c": "C06",
		"\u201d": "C07",
		"\u0141": "C09",
		"\u2026": "C10",
		"~": "C11",
		"\u2265": "B09",
		"\u00a9": "B03",
		"\u221a": "B04",
		"\u201e": "B06",
		"\u2264": "B08",
		"\u2014": "B10",
		"\u00a0": "A03"
	},
	"ctrl": {
		"\u001c": "E00",
		"1": "E01",
		"2": "E02",
		"3": "E03",
		"4": "E04",
		"5": "E05",
		"6": "E06",
		"7": "E07",
		"8": "E08",
		"9": "E09",
		"0": "B00",
		"=": "E11",
		"\u001e": "E12",
		"\u0011": "D01",
		"\u0017": "D02",
		"\u0005": "D03",
		"\u0012": "D04",
		"\u0014": "D05",
		"\u001a": "D06",
		"\u0015": "D07",
		"\t": "D08",
		"\u000f": "D09",
		"\u0010": "D10",
		"\u001b": "D11",
		"\u001d": "D12",
		"\u0001": "C01",
		"\u0013": "C02",
		"\u0004": "C03",
		"\u0006": "C04",
		"\u0007": "C05",
		"\b": "C06",
		"\n": "C07",
		"\u000b": "C08",
		"\f": "C09",
		";": "C10",
		"'": "C11",
		"\u0019": "B01",
		"\u0018": "B02",
		"\u0003": "B03",
		"\u0016": "B04",
		"\u0002": "B05",
		"\u000e": "B06",
		"\r": "B07",
		",": "B08",
		".": "B09",
		"\u001f": "B10",
		" ": "A03"
	},
	"cmd": {
		"\\": "E00",
		"1": "E01",
		"2": "E02",
		"3": "E03",
		"4": "E04",
		"5": "E05",
		"6": "E06",
		"7": "E07",
		"8": "E08",
		"9": "E09",
		"0": "E10",
		"=": "E11",
		"/": "E12",
		"q": "D01",
		"w": "D02",
		"e": "D03",
		"r": "D04",
		"t": "D05",
		"z": "D06",
		"u": "D07",
		"i": "D08",
		"o": "D09",
		"p": "D10",
		"[": "D11",
		"]": "D12",
		"`": "D13",
		"a": "C01",
		"s": "C02",
		"d": "C03",
		"f": "C04",
		"g": "C05",
		"h": "C06",
		"j": "C07",
		"k": "C08",
		"l": "C09",
		";": "C10",
		"'": "C11",
		"<": "B00",
		"y": "B01",
		"x": "B02",
		"c": "B03",
		"v": "B04",
		"b": "B05",
		"n": "B06",
		"m": "B07",
		",": "B08",
		".": "B09",
		"-": "B10",
		" ": "A03"
	},
	"cmd+optL": {
		"`": "E00",
		"\u0143": "E01",
		"\u2122": "E02",
		"\u00a3": "E03",
		"\u0118": "E04",
		"\u012f": "E05",
		"\u00a7": "B00",
		"\u00b6": "E07",
		"\u2022": "E08",
		"\u013d": "E09",
		"\u013e": "E10",
		"\u2013": "E11",
		"\u2260": "E12",
		"\u014c": "D01",
		"\u2211": "D02",
		"\u0119": "D03",
		"\u00ae": "D04",
		"\u2020": "D05",
		"\u0139": "D06",
		"\u00a8": "D07",
		"^": "D08",
		"\u0145": "D09",
		"\u013b": "D10",
		"\u201c": "D11",
		"\u2018": "D12",
		"\u00ab": "D13",
		"\u0106": "C01",
		"\u00df": "C02",
		"\u2202": "C03",
		"\u0144": "C04",
		"\u00a9": "C05",
		"\u0137": "C06",
		"\u2206": "C07",
		"\u017b": "C08",
		"\u00ac": "C09",
		"\u2026": "C10",
		"\u013a": "C11",
		"\u012b": "B01",
		"\u0147": "B02",
		"\u0107": "B03",
		"\u221a": "B04",
		"\u013c": "B05",
		"~": "B06",
		"\u0136": "B07",
		"\u2264": "B08",
		"\u2265": "B09",
		"\u00f7": "B10",
		"\u00a0": "A03"
	},
	"cmd+optL+shiftL": {
		"`": "E00",
		"\u0155": "E01",
		"\u0158": "E02",
		"\u2039": "E03",
		"\u203a": "E04",
		"\u0159": "E05",
		"\u0156": "E06",
		"\u0157": "E07",
		"\u00b0": "E08",
		"\u0160": "E09",
		"\u201a": "E10",
		"\u2014": "E11",
		"\u012a": "B00",
		"\u0151": "D01",
		"\u201e": "D02",
		"\u0119": "D03",
		"\u0161": "D04",
		"\u02c7": "D05",
		"\u0141": "D06",
		"\u00a8": "D07",
		"\u0172": "D08",
		"\u012e": "D09",
		"\u0142": "D10",
		"\u201d": "D11",
		"\u2019": "D12",
		"\u00bb": "D13",
		"\u0100": "C01",
		"\u00cd": "C02",
		"\u017d": "C03",
		"\u017e": "C04",
		"\u017c": "C05",
		"\u00d3": "C06",
		"\u00d4": "C07",
		"\u016b": "C08",
		"\u016e": "C09",
		"\u00da": "C10",
		"\u0123": "C11",
		"\u00c1": "B01",
		"\u0122": "B02",
		"\u0101": "B03",
		"\u25ca": "B04",
		"\u0171": "B05",
		"\u0173": "B06",
		"\u015a": "B07",
		"\u00dd": "B08",
		"\u00fd": "B09",
		"\u0146": "B10",
		"\u00a0": "A03"
	}
}