{
	"lang": "Thai-PattaChote (macOS)",
	"": {
		"\u0e3f": "E00",
		"\u0e52": "E02",
		"\u0e53": "E03",
		"\u0e54": "E04",
		"\u0e55": "E05",
		"\u0e39": "E06",
		"\u0e57": "E07",
		"\u0e58": "E08",
		"\u0e59": "E09",
		"\u0e50": "E10",
		"\u0e51": "E11",
		"\u0e56": "E12",
		"\u0e47": "D01",
		"\u0e15": "D02",
		"\u0e22": "D03",
		"\u0e2d": "D04",
		"\u0e23": "D05",
		"\u0e48": "D06",
		"\u0e14": "D07",
		"\u0e21": "D08",
		"\u0e27": "D09",
		"\u0e41": "D10",
		"\u0e43": "D11",
		"\u0e0c": "D12",
		"\u0e03": "D13",
		"\u0e49": "C01",
		"\u0e17": "C02",
		"\u0e07": "C03",
		"\u0e01": "C04",
		"\u0e31": "C05",
		"\u0e35": "C06",
		"\u0e32": "C07",
		"\u0e19": "C08",
		"\u0e40": "C09",
		"\u0e44": "C10",
		"\u0e02": "C11",
		"\u0e1a": "B01",
		"\u0e1b": "B02",
		"\u0e25": "B03",
		"\u0e2b": "B04",
		"\u0e34": "B05",
		"\u0e04": "B06",
		"\u0e2a": "B07",
		"\u0e30": "B08",
		"\u0e08": "B09",
		"\u0e1e": "B10",
		" ": "A03"
	},
	"shiftR": {
		"~": "E00",
		"!": "E01",
		"@": "E02",
		"#": "E03",
		"$": "E04",
		"%": "E05",
		"^": "E06",
		"&": "E07",
		"*": "E08",
		"(": "E09",
		")": "E10",
		"_": "E11",
		"+": "E12",
		"Q": "D01",
		"W": "D02",
		"E": "D03",
		"R": "D04",
		"T": "D05",
		"Y": "D06",
		"U": "D07",
		"I": "D08",
		"O": "D09",
		"P": "D10",
		"{": "D11",
		"}": "D12",
		"|": "D13",
		"A": "C01",
		"S": "C02",
		"D": "C03",
		"F": "C04",
		"G": "C05",
		"H": "C06",
		"J": "C07",
		"K": "C08",
		"L": "C09",
		":": "C10",
		"\"": "C11",
		"Z": "B01",
		"X": "B02",
		"C": "B03",
		"V": "B04",
		"B": "B05",
		"N": "B06",
		"M": "B07",
		"<": "B08",
		">": "B09",
		"?": "B10",
		" ": "A03"
	},
	"shiftL": {
		"\"": "E02",
		"/": "E03",
		",": "E04",
		"?": "E05",
		"\u0e38": "E06",
		"_": "E07",
		".": "E08",
		"(": "E09",
		")": "E10",
		"-": "E11",
		"%": "E12",
		"\u0e4a": "D01",
		"\u0e24": "D02",
		"\u0e46": "D03",
		"\u0e0d": "D04",
		"\u0e29": "D05",
		"\u0e36": "D06",
		"\u0e1d": "D07",
		"\u0e0b": "D08",
		"\u0e16": "D09",
		"\u0e12": "D10",
		"\u0e2f": "D11",
		"\u0e20": "B04",
		"\u0e05": "D13",
		"\u0e4b": "C01",
		"\u0e18": "C02",
		"\u0e33": "C03",
		"\u0e13": "C04",
		"\u0e4c": "C05",
		"\u0e37": "C06",
		"\u0e1c": "C07",
		"\u0e0a": "C08",
		"\u0e42": "C09",
		"\u0e06": "C10",
		"\u0e11": "C11",
		"\u0e0e": "B01",
		"\u0e0f": "B02",
		"\u0e10": "B03",
		"\u0e31": "B05",
		"\u0e28": "B06",
		"\u0e2e": "B07",
		"\u0e1f": "B08",
		"\u0e09": "B09",
		"\u0e2c": "B10",
		"\u200b": "A03"
	},
	"caps": {
		"`": "E00",
		"1": "E01",
		"2": "E02",
		"3": "E03",
		"4": "E04",
		"5": "E05",
		"6": "E06",
		"7": "E07",
		"8": "E08",
		"9": "E09",
		"0": "E10",
		"-": "E11",
		"=": "E12",
		"q": "D01",
		"w": "D02",
		"e": "D03",
		"r": "D04",
		"t": "D05",
		"y": "D06",
		"u": "D07",
		"i": "D08",
		"o": "D09",
		"p": "D10",
		"[": "D11",
		"]": "D12",
		"\\": "D13",
		"a": "C01",
		"s": "C02",
		"d": "C03",
		"f": "C04",
		"g": "C05",
		"h": "C06",
		"j": "C07",
		"k": "C08",
		"l": "C09",
		";": "C10",
		"'": "C11",
		"z": "B01",
		"x": "B02",
		"c": "B03",
		"v": "B04",
		"b": "B05",
		"n": "B06",
		"m": "B07",
		",": "B08",
		".": "B09",
		"/": "B10",
		" ": "A03"
	},
	"optR+caps": {
		"`": "E00",
		"\u0e21": "E01",
		"\u0e0a": "E02",
		"\u0e03": "E03",
		"\u0e02": "E04",
		"\u0e10": "E05",
		"\u0e04": "E06",
		"\u0e06": "E07",
		"\u0e05": "E08",
		"\u0e1b": "E09",
		"\u0e1c": "E10",
		"\u0e30": "E11",
		"\u0e0d": "E12",
		"\u0e2e": "D01",
		"\u0e43": "D02",
		"\u0e44": "D03",
		"\u0e45": "D04",
		"\u0e46": "D05",
		"\u0e47": "D06",
		"\u0e48": "D07",
		"\u0e49": "D08",
		"\u0e0f": "D09",
		"\u0e18": "D10",
		"\u0e32": "D11",
		"\u0e34": "D12",
		"\u0e27": "D13",
		"\u00bb": "C01",
		"\u0e4a": "C02",
		"\u0e4b": "C03",
		"\u0e4c": "C04",
		"\u0e4d": "C05",
		"\u2122": "C06",
		"\u0e4f": "C07",
		"\u0e50": "C08",
		"\u0e51": "C09",
		"\u0e29": "C10",
		"\u0e0e": "C11",
		"\u0e53": "B01",
		"\u0e54": "B02",
		"\u2026": "B03",
		"\u0e37": "B04",
		"\u0e55": "B05",
		"\u0e56": "B06",
		"\u0e57": "B07",
		"\u0e12": "B08",
		"\u0e13": "B09",
		"\u0e36": "B10",
		"\u0e2a": "A03"
	},
	"optL+caps": {
		"\u2122": "E02",
		"\u2022": "E08",
		"\u2013": "E11",
		"\u00ae": "D04",
		"\u201c": "D11",
		"\u2018": "D12",
		"\u00ab": "D13",
		"\u00a9": "C05",
		"\u2026": "C10",
		"\u00a0": "A03"
	},
	"opt+shift": {
		"\u2014": "E11",
		"\u201d": "D11",
		"\u2019": "D12",
		"\u00bb": "D13",
		"\ufeff": "A03"
	},
	"ctrlL": {
		"`": "E00",
		"1": "E01",
		"2": "E02",
		"3": "E03",
		"4": "E04",
		"5": "E05",
		"6": "E06",
		"7": "E07",
		"8": "E08",
		"9": "E09",
		"0": "B00",
		"\u001f": "E11",
		"=": "E12",
		"\u0011": "D01",
		"\u0017": "D02",
		"\u0005": "D03",
		"\u0012": "D04",
		"\u0014": "D05",
		"\u0019": "D06",
		"\u0015": "D07",
		"\t": "D08",
		"\u000f": "D09",
		"\u0010": "D10",
		"\u001b": "D11",
		"\u001d": "D12",
		"\u001c": "D13",
		"\u0001": "C01",
		"\u0013": "C02",
		"\u0004": "C03",
		"\u0006": "C04",
		"\u0007": "C05",
		"\b": "C06",
		"\n": "C07",
		"\u000b": "C08",
		"\f": "C09",
		";": "C10",
		"'": "C11",
		"\u001a": "B01",
		"\u0018": "B02",
		"\u0003": "B03",
		"\u0016": "B04",
		"\u0002": "B05",
		"\u000e": "B06",
		"\r": "B07",
		",": "B08",
		".": "B09",
		"/": "B10",
		" ": "A03"
	}
}