{
	"lang": "Hungarian-QWERTY (macOS)",
	"": {
		"\u00ed": "E00",
		"1": "E01",
		"2": "E02",
		"3": "E03",
		"4": "E04",
		"5": "E05",
		"6": "E06",
		"7": "E07",
		"8": "E08",
		"9": "E09",
		"\u00f6": "E10",
		"\u00fc": "E11",
		"\u00f3": "E12",
		"q": "D01",
		"w": "D02",
		"e": "D03",
		"r": "D04",
		"t": "D05",
		"y": "D06",
		"u": "D07",
		"i": "D08",
		"o": "D09",
		"p": "D10",
		"\u0151": "D11",
		"\u00fa": "D12",
		"\u0171": "D13",
		"a": "C01",
		"s": "C02",
		"d": "C03",
		"f": "C04",
		"g": "C05",
		"h": "C06",
		"j": "C07",
		"k": "C08",
		"l": "C09",
		"\u00e9": "C10",
		"\u00e1": "C11",
		"0": "B00",
		"z": "B01",
		"x": "B02",
		"c": "B03",
		"v": "B04",
		"b": "B05",
		"n": "B06",
		"m": "B07",
		",": "B08",
		".": "B09",
		"-": "B10",
		" ": "A03"
	},
	"shift": {
		"\u00cd": "E00",
		"'": "E01",
		"\"": "E02",
		"+": "E03",
		"!": "E04",
		"%": "E05",
		"/": "E06",
		"=": "E07",
		"(": "E08",
		")": "E09",
		"\u00d6": "E10",
		"\u00dc": "E11",
		"\u00d3": "E12",
		"Q": "D01",
		"W": "D02",
		"E": "D03",
		"R": "D04",
		"T": "D05",
		"Y": "D06",
		"U": "D07",
		"I": "D08",
		"O": "D09",
		"P": "D10",
		"\u0150": "D11",
		"\u00da": "D12",
		"\u0170": "D13",
		"A": "C01",
		"S": "C02",
		"D": "C03",
		"F": "C04",
		"G": "C05",
		"H": "C06",
		"J": "C07",
		"K": "C08",
		"L": "C09",
		"\u00c9": "C10",
		"\u00c1": "C11",
		"\u00a7": "B00",
		"Z": "B01",
		"X": "B02",
		"C": "B03",
		"V": "B04",
		"B": "B05",
		"N": "B06",
		"M": "B07",
		"?": "B08",
		":": "B09",
		"_": "B10",
		" ": "A03"
	},
	"caps": {
		"\u00cd": "E00",
		"1": "E01",
		"2": "E02",
		"3": "E03",
		"4": "E04",
		"5": "E05",
		"6": "E06",
		"7": "E07",
		"8": "E08",
		"9": "E09",
		"\u00d6": "E10",
		"\u00dc": "E11",
		"\u00d3": "E12",
		"Q": "D01",
		"W": "D02",
		"E": "D03",
		"R": "D04",
		"U": "D07",
		"I": "D08",
		"O": "D09",
		"P": "D10",
		"\u0150": "D11",
		"\u00da": "D12",
		"\u0170": "D13",
		"A": "C01",
		"S": "C02",
		"D": "C03",
		"F": "C04",
		"G": "C05",
		"H": "C06",
		"J": "C07",
		"K": "C08",
		"L": "C09",
		"\u00c9": "C10",
		"\u00c1": "C11",
		"0": "B00",
		"Z": "B01",
		"X": "B02",
		"C": "B03",
		"V": "B04",
		"B": "B05",
		"N": "B06",
		"M": "B07",
		",": "B08",
		".": "B09",
		"-": "B10",
		" ": "A03"
	},
	"opt": {
		"0": "E00",
		"~": "E01",
		"@": "E02",
		"#": "E03",
		"$": "E04",
		"\u00b6": "E05",
		"^": "E06",
		"&": "E07",
		"*": "E08",
		"\u00b0": "E09",
		"\u00d7": "E10",
		"\u00f7": "E11",
		"\u2260": "E12",
		"\u20ac": "D03",
		"\u00ae": "D04",
		"\u2122": "D05",
		"\u2026": "D06",
		"\u016f": "D07",
		"[": "D11",
		"]": "D12",
		"\\": "D13",
		"\u00e4": "C01",
		"\u00df": "C02",
		"\u0111": "C03",
		"\u2202": "C04",
		"\u2206": "C05",
		"\u00a3": "C08",
		"\u0142": "C09",
		"\u00a8": "C11",
		"\u00ac": "B00",
		"\u017c": "B01",
		"\u00a9": "B03",
		"\u201e": "B04",
		"\u201d": "B05",
		"<": "B08",
		">": "B09",
		"\u2013": "B10",
		"\u00a0": "A03"
	},
	"opt+shift": {
		"`": "E02",
		"~": "E01",
		"\u02c7": "E05",
		"^": "E06",
		"\u2022": "B00",
		"\u00af": "E11",
		"\u00b4": "D03",
		"\u2020": "D05",
		"\u016e": "D07",
		"{": "D11",
		"}": "D12",
		"|": "D13",
		"\u00c4": "C01",
		"\u0110": "C03",
		"\u0141": "C09",
		"\u00a8": "C11",
		"\u017b": "B01",
		"\u00b8": "B03",
		"\u201a": "B04",
		"\u2019": "B05",
		"\u02db": "B06",
		"\u00ab": "B08",
		"\u00bb": "B09",
		"\u2014": "B10",
		"\u00a0": "A03"
	},
	"opt+caps": {
		"`": "E00",
		"\u0143": "E01",
		"\u0148": "E02",
		"\u00a3": "E03",
		"\u0118": "E04",
		"\u012f": "E05",
		"\u0116": "E06",
		"\u0117": "E07",
		"\u2022": "E08",
		"\u013d": "E09",
		"\u013e": "E10",
		"\u011a": "E11",
		"\u011b": "E12",
		"\u0151": "D01",
		"\u0160": "D02",
		"\u0161": "D03",
		"\u015a": "D04",
		"\u015b": "D05",
		"\u0146": "D06",
		"\u0164": "D07",
		"\u0165": "D08",
		"\u00f4": "D09",
		"\u00f5": "D10",
		"\u201c": "D11",
		"\u2018": "D12",
		"\u0123": "D13",
		"\u0100": "C01",
		"\u013a": "C02",
		"\u010c": "C03",
		"\u010d": "C04",
		"\u010e": "C05",
		"\u010f": "C06",
		"\u0112": "C07",
		"\u016b": "C08",
		"\u0113": "C09",
		"\u00e4": "C10",
		"\u00c4": "C11",
		"0": "B00",
		"\u016f": "B01",
		"\u0170": "B02",
		"\u0101": "B03",
		"\u25ca": "B04",
		"\u0171": "B05",
		"\u0172": "B06",
		"\u0173": "B07",
		"\u2264": "B08",
		"\u2265": "B09",
		"\u00f7": "B10",
		"\u00a0": "A03"
	},
	"ctrl": {
		"`": "E00",
		"1": "E01",
		"2": "E02",
		"3": "E03",
		"4": "E04",
		"5": "E05",
		"6": "E06",
		"7": "E07",
		"8": "E08",
		"9": "E09",
		"0": "B00",
		"\u001f": "E11",
		"=": "E12",
		"\u0011": "D01",
		"\u0017": "D02",
		"\u0005": "D03",
		"\u0012": "D04",
		"\u0014": "D05",
		"\u0019": "D06",
		"\u0015": "D07",
		"\t": "D08",
		"\u000f": "D09",
		"\u0010": "D10",
		"\u001b": "D11",
		"\u001d": "D12",
		"\u001c": "D13",
		"\u0001": "C01",
		"\u0013": "C02",
		"\u0004": "C03",
		"\u0006": "C04",
		"\u0007": "C05",
		"\b": "C06",
		"\n": "C07",
		"\u000b": "C08",
		"\f": "C09",
		";": "C10",
		"'": "C11",
		"\u001a": "B01",
		"\u0018": "B02",
		"\u0003": "B03",
		"\u0016": "B04",
		"\u0002": "B05",
		"\u000e": "B06",
		"\r": "B07",
		",": "B08",
		".": "B09",
		"/": "B10",
		" ": "A03"
	},
	"cmd+opt": {
		"|": "E00",
		"&": "E01",
		"\u2122": "E02",
		"\u00a3": "E03",
		"$": "E04",
		"\u2039": "E05",
		"\u203a": "E06",
		"{": "E07",
		"[": "E08",
		"]": "E09",
		"}": "E10",
		"\\": "E11",
		"\u2260": "E12",
		"@": "D01",
		"\u0119": "D02",
		"\u20ac": "D03",
		"\u00b6": "D04",
		"\u2020": "D05",
		"\u017a": "D06",
		"\u00a8": "D11",
		"^": "C11",
		"\u0145": "D09",
		"\u013b": "D10",
		"~": "B06",
		"`": "D13",
		"\u0105": "C01",
		"\u00df": "C02",
		"\u2202": "C03",
		"\u0144": "C04",
		"\u00a9": "C05",
		"\u0137": "C06",
		"\u2206": "C07",
		"\u017b": "C08",
		"\u2022": "C09",
		"\u2026": "C10",
		"\u00ac": "B00",
		"\u00ab": "B01",
		"\u00bb": "B02",
		"\u0107": "B03",
		"\u201e": "B04",
		"\u201d": "B05",
		"\u0136": "B07",
		"\u2013": "B10",
		";": "B09",
		"\u00a0": "A03"
	}
}