{
	"lang": "Oriya (macOS)",
	"": {
		"\u0b67": "E01",
		"\u0b68": "E02",
		"\u0b69": "E03",
		"\u0b6a": "E04",
		"\u0b6b": "E05",
		"\u0b6c": "E06",
		"\u0b6d": "E07",
		"\u0b6e": "E08",
		"\u0b6f": "E09",
		"\u0b66": "E10",
		"-": "E11",
		"\u0b43": "E12",
		"\u0b4c": "D01",
		"\u0b48": "D02",
		"\u0b3e": "D03",
		"\u0b40": "D04",
		"\u0b42": "D05",
		"\u0b2c": "D06",
		"\u0b39": "D07",
		"\u0b17": "D08",
		"\u0b26": "D09",
		"\u0b1c": "D10",
		"\u0b21": "D11",
		"\u0b3c": "D12",
		"\u0b4b": "C01",
		"\u0b47": "C02",
		"\u0b4d": "C03",
		"\u0b3f": "C04",
		"\u0b41": "C05",
		"\u0b2a": "C06",
		"\u0b30": "C07",
		"\u0b15": "C08",
		"\u0b24": "C09",
		"\u0b1a": "C10",
		"\u0b1f": "C11",
		"\u0b02": "B02",
		"\u0b2e": "B03",
		"\u0b28": "B04",
		"\u0b32": "B06",
		"\u0b38": "B07",
		",": "B08",
		".": "B09",
		"\u0b2f": "B10",
		" ": "A03"
	},
	"shift": {
		"\u0b4d\u0b30": "E03",
		"\u0b30\u0b4d": "E04",
		"\u0b1c\u0b4d\u0b1e": "E05",
		"\u0b24\u0b4d\u0b30": "E06",
		"\u0b15\u0b4d\u0b37": "E07",
		"\u0b36\u0b4d\u0b30": "E08",
		"(": "E09",
		")": "E10",
		"\u0b03": "E11",
		"\u0b0b": "E12",
		"\u0b14": "D01",
		"\u0b10": "D02",
		"\u0b06": "D03",
		"\u0b08": "D04",
		"\u0b0a": "D05",
		"\u0b2d": "D06",
		"\u0b19": "D07",
		"\u0b18": "D08",
		"\u0b27": "D09",
		"\u0b1d": "D10",
		"\u0b22": "D11",
		"\u0b1e": "D12",
		"\u0b13": "C01",
		"\u0b0f": "C02",
		"\u0b05": "C03",
		"\u0b07": "C04",
		"\u0b09": "C05",
		"\u0b2b": "C06",
		"\u0b16": "C08",
		"\u0b25": "C09",
		"\u0b1b": "C10",
		"\u0b20": "C11",
		"\u0b01": "B02",
		"\u0b23": "B03",
		"\u0b33": "B06",
		"\u0b36": "B07",
		"\u0b37": "B08",
		"\u0964": "B09",
		"\u0b5f": "B10",
		" ": "A03"
	},
	"caps": {
		"1": "E01",
		"2": "E02",
		"3": "E03",
		"4": "E04",
		"5": "E05",
		"6": "E06",
		"7": "E07",
		"8": "E08",
		"9": "E09",
		"0": "E10",
		"-": "E11",
		"\u0b43": "E12",
		"\u0b4c": "D01",
		"\u0b48": "D02",
		"\u0b3e": "D03",
		"\u0b40": "D04",
		"\u0b42": "D05",
		"\u0b2c": "D06",
		"\u0b39": "D07",
		"\u0b17": "D08",
		"\u0b26": "D09",
		"\u0b1c": "D10",
		"\u0b21": "D11",
		"\u0b3c": "D12",
		"\u0b4b": "C01",
		"\u0b47": "C02",
		"\u0b4d": "C03",
		"\u0b3f": "C04",
		"\u0b41": "C05",
		"\u0b2a": "C06",
		"\u0b30": "C07",
		"\u0b15": "C08",
		"\u0b24": "C09",
		"\u0b1a": "C10",
		"\u0b1f": "C11",
		"\u0b02": "B02",
		"\u0b2e": "B03",
		"\u0b28": "B04",
		"\u0b32": "B06",
		"\u0b38": "B07",
		",": "B08",
		".": "B09",
		"\u0b2f": "B10",
		" ": "A03"
	},
	"opt": {
		"`": "E00",
		"1": "E01",
		"2": "E02",
		"3": "E03",
		"4": "E04",
		"5": "E05",
		"6": "E06",
		"7": "E07",
		"8": "E08",
		"9": "E09",
		"0": "E10",
		"\u2014": "E11",
		"=": "E12",
		"q": "D01",
		"w": "D02",
		"e": "D03",
		"r": "D04",
		"t": "D05",
		"y": "D06",
		"u": "D07",
		"i": "D08",
		"o": "D09",
		"p": "D10",
		"[": "D11",
		"]": "D12",
		"\\": "D13",
		"a": "C01",
		"s": "C02",
		"d": "C03",
		"f": "C04",
		"g": "C05",
		"h": "C06",
		"j": "C07",
		"k": "C08",
		"l": "C09",
		";": "C10",
		"'": "C11",
		"z": "B01",
		"x": "B02",
		"c": "B03",
		"v": "B04",
		"b": "B05",
		"n": "B06",
		"m": "B07",
		",": "B08",
		".": "B09",
		"/": "B10",
		" ": "A03"
	},
	"opt+shift": {
		"~": "E00",
		"!": "E01",
		"@": "E02",
		"#": "E03",
		"$": "E04",
		"%": "E05",
		"^": "E06",
		"&": "E07",
		"*": "E08",
		"(": "E09",
		")": "E10",
		"_": "E11",
		"+": "E12",
		"Q": "D01",
		"W": "D02",
		"E": "D03",
		"R": "D04",
		"T": "D05",
		"Y": "D06",
		"U": "D07",
		"I": "D08",
		"O": "D09",
		"P": "D10",
		"{": "D11",
		"}": "D12",
		"|": "D13",
		"A": "C01",
		"S": "C02",
		"D": "C03",
		"F": "C04",
		"G": "C05",
		"H": "C06",
		"J": "C07",
		"K": "C08",
		"L": "C09",
		":": "C10",
		"\"": "C11",
		"Z": "B01",
		"X": "B02",
		"C": "B03",
		"V": "B04",
		"B": "B05",
		"N": "B06",
		"M": "B07",
		"<": "B08",
		">": "B09",
		"?": "B10",
		" ": "A03"
	},
	"ctrlL": {
		"`": "E00",
		"1": "E01",
		"2": "E02",
		"3": "E03",
		"4": "E04",
		"5": "E05",
		"6": "E06",
		"7": "E07",
		"8": "E08",
		"9": "E09",
		"0": "B00",
		"\u001f": "E11",
		"=": "E12",
		"\u0011": "D01",
		"\u0017": "D02",
		"\u0005": "D03",
		"\u0012": "D04",
		"\u0014": "D05",
		"\u0019": "D06",
		"\u0015": "D07",
		"\t": "D08",
		"\u000f": "D09",
		"\u0010": "D10",
		"\u001b": "D11",
		"\u001d": "D12",
		"\u001c": "D13",
		"\u0001": "C01",
		"\u0013": "C02",
		"\u0004": "C03",
		"\u0006": "C04",
		"\u0007": "C05",
		"\b": "C06",
		"\n": "C07",
		"\u000b": "C08",
		"\f": "C09",
		";": "C10",
		"'": "C11",
		"\u001a": "B01",
		"\u0018": "B02",
		"\u0003": "B03",
		"\u0016": "B04",
		"\u0002": "B05",
		"\u000e": "B06",
		"\r": "B07",
		",": "B08",
		".": "B09",
		"/": "B10",
		" ": "A03"
	},
	"cmd": {
		"`": "E00",
		"1": "E01",
		"2": "E02",
		"3": "E03",
		"4": "E04",
		"5": "E05",
		"6": "E06",
		"7": "E07",
		"8": "E08",
		"9": "E09",
		"0": "E10",
		"-": "E11",
		"=": "E12",
		"q": "D01",
		"w": "D02",
		"e": "D03",
		"r": "D04",
		"t": "D05",
		"y": "D06",
		"u": "D07",
		"i": "D08",
		"o": "D09",
		"p": "D10",
		"[": "D11",
		"]": "D12",
		"\\": "D13",
		"a": "C01",
		"s": "C02",
		"d": "C03",
		"f": "C04",
		"g": "C05",
		"h": "C06",
		"j": "C07",
		"k": "C08",
		"l": "C09",
		";": "C10",
		"'": "C11",
		"z": "B01",
		"x": "B02",
		"c": "B03",
		"v": "B04",
		"b": "B05",
		"n": "B06",
		"m": "B07",
		",": "B08",
		".": "B09",
		"/": "B10",
		" ": "A03"
	}
}