{
	"lang": "Bangla-QWERTY (macOS)",
	"": {
		"\u09ce": "E00",
		"\u09e7": "E01",
		"\u09e8": "E02",
		"\u09e9": "E03",
		"\u09ea": "E04",
		"\u09eb": "E05",
		"\u09ec": "E06",
		"\u09ed": "E07",
		"\u09ee": "E08",
		"\u09ef": "E09",
		"\u09e6": "E10",
		"-": "E11",
		"=": "E12",
		"\u09b0\u09cd": "D01",
		"\u0985": "D02",
		"\u09c7": "D03",
		"\u09b0": "D04",
		"\u09a4": "D05",
		"\u09af": "D06",
		"\u09c1": "D07",
		"\u09bf": "D08",
		"\u09cb": "D09",
		"\u09aa": "D10",
		"[": "D11",
		"]": "D12",
		"\\": "D13",
		"\u09be": "C01",
		"\u09b8": "C02",
		"\u09a6": "C03",
		"\u09cd": "C04",
		"\u0997": "C05",
		"\u09b9": "C06",
		"\u099c": "C07",
		"\u0995": "C08",
		"\u09b2": "C09",
		";": "C10",
		"'": "C11",
		"\u0999": "B01",
		"\u09b7": "B02",
		"\u099a": "B03",
		"\u09dc": "B04",
		"\u09ac": "B05",
		"\u09a8": "B06",
		"\u09ae": "B07",
		",": "B08",
		"\u0964": "B09",
		"/": "B10",
		" ": "A03"
	},
	"shift": {
		"\u09bd": "E00",
		"!": "E01",
		"@": "E02",
		"#": "E03",
		"$": "E04",
		"%": "E05",
		"^": "E06",
		"&": "E07",
		"*": "E08",
		"(": "E09",
		")": "E10",
		"_": "E11",
		"+": "E12",
		"\u09b0\u200d\u09cd": "D01",
		"\u0986": "D02",
		"\u09c8": "D03",
		"\u09c3": "D04",
		"\u09a5": "D05",
		"\u09df": "D06",
		"\u09c2": "D07",
		"\u09c0": "D08",
		"\u09cc": "D09",
		"\u09ab": "D10",
		"{": "D11",
		"}": "D12",
		"|": "D13",
		"\u09be": "C01",
		"\u09b6": "C02",
		"\u09a7": "C03",
		"\u09bc": "C04",
		"\u0998": "C05",
		"\u0983": "C06",
		"\u099d": "C07",
		"\u0996": "C08",
		":": "C10",
		"\"": "C11",
		"\u0981": "B01",
		"\u0995\u09cd\u09b7": "B02",
		"\u099b": "B03",
		"\u09dd": "B04",
		"\u09ad": "B05",
		"\u09a3": "B06",
		"\u0982": "B07",
		"<": "B08",
		">": "B09",
		"?": "B10",
		" ": "A03"
	},
	"caps": {
		"`": "E00",
		"1": "E01",
		"2": "E02",
		"3": "E03",
		"4": "E04",
		"5": "E05",
		"6": "E06",
		"7": "E07",
		"8": "E08",
		"9": "E09",
		"0": "E10",
		"-": "E11",
		"=": "E12",
		"q": "D01",
		"w": "D02",
		"e": "D03",
		"r": "D04",
		"t": "D05",
		"y": "D06",
		"u": "D07",
		"i": "D08",
		"o": "D09",
		"p": "D10",
		"[": "D11",
		"]": "D12",
		"\\": "D13",
		"a": "C01",
		"s": "C02",
		"d": "C03",
		"f": "C04",
		"g": "C05",
		"h": "C06",
		"j": "C07",
		"k": "C08",
		"l": "C09",
		";": "C10",
		"'": "C11",
		"z": "B01",
		"x": "B02",
		"c": "B03",
		"v": "B04",
		"b": "B05",
		"n": "B06",
		"m": "B07",
		",": "B08",
		".": "B09",
		"/": "B10",
		" ": "A03"
	},
	"caps+shift": {
		"~": "E00",
		"!": "E01",
		"@": "E02",
		"#": "E03",
		"$": "E04",
		"%": "E05",
		"^": "E06",
		"&": "E07",
		"*": "E08",
		"(": "E09",
		")": "E10",
		"_": "E11",
		"+": "E12",
		"Q": "D01",
		"W": "D02",
		"E": "D03",
		"R": "D04",
		"T": "D05",
		"Y": "D06",
		"U": "D07",
		"I": "D08",
		"O": "D09",
		"P": "D10",
		"{": "D11",
		"}": "D12",
		"|": "D13",
		"A": "C01",
		"S": "C02",
		"D": "C03",
		"F": "C04",
		"G": "C05",
		"H": "C06",
		"J": "C07",
		"K": "C08",
		"L": "C09",
		":": "C10",
		"\"": "C11",
		"Z": "B01",
		"X": "B02",
		"C": "B03",
		"V": "B04",
		"B": "B05",
		"N": "B06",
		"M": "B07",
		"<": "B08",
		">": "B09",
		"?": "B10",
		" ": "A03"
	},
	"opt": {
		"`": "E00",
		"1": "E01",
		"2": "E02",
		"3": "E03",
		"4": "E04",
		"5": "E05",
		"6": "E06",
		"7": "E07",
		"8": "E08",
		"9": "E09",
		"0": "E10",
		"_": "E11",
		"=": "E12",
		" \u09e2": "D01",
		"\u09c3": "D02",
		"\u098f": "D03",
		"\u098b": "D04",
		"\u099f": "D05",
		"\u09df": "D06",
		"\u0989": "D07",
		"\u0987": "D08",
		"\u0993": "D09",
		"[": "D11",
		"]": "D12",
		"\\": "D13",
		"\u0985": "C01",
		"\u09b6\u09cd\u09b0": "C02",
		"\u09a1": "C03",
		"\u099c\u09cd\u099e": "C07",
		"\u098c": "C09",
		";": "C10",
		"\u09f3": "B01",
		"\u099e": "B06",
		"\u0981": "B07",
		".": "B09",
		" ": "A03"
	},
	"opt+shift": {
		"~": "E00",
		"\u2026": "E01",
		"\u00a9": "E02",
		"\u00ae": "E03",
		"\u2122": "E04",
		"\u2019": "E05",
		"\u2018": "E06",
		"\u2013": "E07",
		"\u2022": "E08",
		"\u2014": "E09",
		"\u00d7": "E10",
		"\u2212": "E11",
		"+": "E12",
		"\u00a0\u09e3": "D01",
		"\u09c4": "D02",
		"\u0990": "D03",
		"\u09e0": "D04",
		"\u09a0": "D05",
		"\u098a": "D07",
		"\u0988": "D08",
		"\u0994": "D09",
		"{": "D11",
		"}": "D12",
		"|": "D13",
		"\u0986": "C01",
		"\u09b7": "C02",
		"\u09a2": "C03",
		"\u09e1": "C09",
		":": "C10",
		"\"": "C11",
		"\u0965": "B09",
		" ": "A03"
	},
	"ctrlL": {
		"`": "E00",
		"1": "E01",
		"2": "E02",
		"3": "E03",
		"4": "E04",
		"5": "E05",
		"6": "E06",
		"7": "E07",
		"8": "E08",
		"9": "E09",
		"0": "B00",
		"\u001f": "E11",
		"=": "E12",
		"\u0011": "D01",
		"\u0017": "D02",
		"\u0005": "D03",
		"\u0012": "D04",
		"\u0014": "D05",
		"\u0019": "D06",
		"\u0015": "D07",
		"\t": "D08",
		"\u000f": "D09",
		"\u0010": "D10",
		"\u001b": "D11",
		"\u001d": "D12",
		"\u001c": "D13",
		"\u0001": "C01",
		"\u0013": "C02",
		"\u0004": "C03",
		"\u0006": "C04",
		"\u0007": "C05",
		"\b": "C06",
		"\n": "C07",
		"\u000b": "C08",
		"\f": "C09",
		";": "C10",
		"'": "C11",
		"\u001a": "B01",
		"\u0018": "B02",
		"\u0003": "B03",
		"\u0016": "B04",
		"\u0002": "B05",
		"\u000e": "B06",
		"\r": "B07",
		",": "B08",
		".": "B09",
		"/": "B10",
		" ": "A03"
	}
}