{
	"lang": "Gujarati (macOS)",
	"": {
		"\u0ae7": "E01",
		"\u0ae8": "E02",
		"\u0ae9": "E03",
		"\u0aea": "E04",
		"\u0aeb": "E05",
		"\u0aec": "E06",
		"\u0aed": "E07",
		"\u0aee": "E08",
		"\u0aef": "E09",
		"\u0ae6": "E10",
		"-": "E11",
		"\u0ac3": "E12",
		"\u0acc": "D01",
		"\u0ac8": "D02",
		"\u0abe": "D03",
		"\u0ac0": "D04",
		"\u0ac2": "D05",
		"\u0aac": "D06",
		"\u0ab9": "D07",
		"\u0a97": "D08",
		"\u0aa6": "D09",
		"\u0a9c": "D10",
		"\u0aa1": "D11",
		"\u0abc": "D12",
		"\u0ac9": "D13",
		"\u0acb": "C01",
		"\u0ac7": "C02",
		"\u0acd": "C03",
		"\u0abf": "C04",
		"\u0ac1": "C05",
		"\u0aaa": "C06",
		"\u0ab0": "C07",
		"\u0a95": "C08",
		"\u0aa4": "C09",
		"\u0a9a": "C10",
		"\u0a9f": "C11",
		"\u0a82": "B02",
		"\u0aae": "B03",
		"\u0aa8": "B04",
		"\u0ab5": "B05",
		"\u0ab2": "B06",
		"\u0ab8": "B07",
		",": "B08",
		".": "B09",
		"\u0aaf": "B10",
		" ": "A03"
	},
	"shift": {
		"\u0a8d": "E01",
		"\u0ac5": "E02",
		"\u0acd\u0ab0": "E03",
		"\u0ab0\u0acd": "E04",
		"\u0a9c\u0acd\u0a9e": "E05",
		"\u0aa4\u0acd\u0ab0": "E06",
		"\u0a95\u0acd\u0ab7": "E07",
		"\u0ab6\u0acd\u0ab0": "E08",
		"(": "E09",
		")": "E10",
		"\u0a83": "E11",
		"\u0a8b": "E12",
		"\u0a94": "D01",
		"\u0a90": "D02",
		"\u0a86": "D03",
		"\u0a88": "D04",
		"\u0a8a": "D05",
		"\u0aad": "D06",
		"\u0a99": "D07",
		"\u0a98": "D08",
		"\u0aa7": "D09",
		"\u0a9d": "D10",
		"\u0aa2": "D11",
		"\u0a9e": "D12",
		"\u0a91": "D13",
		"\u0a93": "C01",
		"\u0a8f": "C02",
		"\u0a85": "C03",
		"\u0a87": "C04",
		"\u0a89": "C05",
		"\u0aab": "C06",
		"\u0a96": "C08",
		"\u0aa5": "C09",
		"\u0a9b": "C10",
		"\u0aa0": "C11",
		"\u0a81": "B02",
		"\u0aa3": "B03",
		"\u0ab3": "B06",
		"\u0ab6": "B07",
		"\u0ab7": "B08",
		"\u0964": "B09",
		" ": "A03"
	},
	"caps": {
		"1": "E01",
		"2": "E02",
		"3": "E03",
		"4": "E04",
		"5": "E05",
		"6": "E06",
		"7": "E07",
		"8": "E08",
		"9": "E09",
		"0": "E10",
		"-": "E11",
		"\u0ac3": "E12",
		"\u0acc": "D01",
		"\u0ac8": "D02",
		"\u0abe": "D03",
		"\u0ac0": "D04",
		"\u0ac2": "D05",
		"\u0aac": "D06",
		"\u0ab9": "D07",
		"\u0a97": "D08",
		"\u0aa6": "D09",
		"\u0a9c": "D10",
		"\u0aa1": "D11",
		"\u0abc": "D12",
		"\u0ac9": "D13",
		"\u0acb": "C01",
		"\u0ac7": "C02",
		"\u0acd": "C03",
		"\u0abf": "C04",
		"\u0ac1": "C05",
		"\u0aaa": "C06",
		"\u0ab0": "C07",
		"\u0a95": "C08",
		"\u0aa4": "C09",
		"\u0a9a": "C10",
		"\u0a9f": "C11",
		"\u0a82": "B02",
		"\u0aae": "B03",
		"\u0aa8": "B04",
		"\u0ab5": "B05",
		"\u0ab2": "B06",
		"\u0ab8": "B07",
		",": "B08",
		".": "B09",
		"\u0aaf": "B10",
		" ": "A03"
	},
	"opt": {
		"`": "E00",
		"1": "E01",
		"2": "E02",
		"3": "E03",
		"4": "E04",
		"5": "E05",
		"6": "E06",
		"7": "E07",
		"8": "E08",
		"9": "E09",
		"0": "E10",
		"\u2014": "E11",
		"=": "E12",
		"q": "D01",
		"w": "D02",
		"e": "D03",
		"r": "D04",
		"t": "D05",
		"y": "D06",
		"u": "D07",
		"i": "D08",
		"o": "D09",
		"p": "D10",
		"[": "D11",
		"]": "D12",
		"\\": "D13",
		"a": "C01",
		"s": "C02",
		"d": "C03",
		"f": "C04",
		"g": "C05",
		"h": "C06",
		"j": "C07",
		"k": "C08",
		"l": "C09",
		";": "C10",
		"'": "C11",
		"z": "B01",
		"x": "B02",
		"c": "B03",
		"v": "B04",
		"b": "B05",
		"n": "B06",
		"m": "B07",
		",": "B08",
		".": "B09",
		"/": "B10",
		" ": "A03"
	},
	"opt+shift": {
		"~": "E00",
		"!": "E01",
		"@": "E02",
		"#": "E03",
		"$": "E04",
		"%": "E05",
		"^": "E06",
		"&": "E07",
		"*": "E08",
		"(": "E09",
		")": "E10",
		"_": "E11",
		"+": "E12",
		"Q": "D01",
		"W": "D02",
		"E": "D03",
		"R": "D04",
		"T": "D05",
		"Y": "D06",
		"U": "D07",
		"I": "D08",
		"O": "D09",
		"P": "D10",
		"{": "D11",
		"}": "D12",
		"|": "D13",
		"A": "C01",
		"S": "C02",
		"D": "C03",
		"F": "C04",
		"G": "C05",
		"H": "C06",
		"J": "C07",
		"K": "C08",
		"L": "C09",
		":": "C10",
		"\"": "C11",
		"Z": "B01",
		"X": "B02",
		"C": "B03",
		"V": "B04",
		"B": "B05",
		"N": "B06",
		"M": "B07",
		"<": "B08",
		">": "B09",
		"?": "B10",
		" ": "A03"
	},
	"ctrlL": {
		"`": "E00",
		"1": "E01",
		"2": "E02",
		"3": "E03",
		"4": "E04",
		"5": "E05",
		"6": "E06",
		"7": "E07",
		"8": "E08",
		"9": "E09",
		"0": "B00",
		"\u001f": "E11",
		"=": "E12",
		"\u0011": "D01",
		"\u0017": "D02",
		"\u0005": "D03",
		"\u0012": "D04",
		"\u0014": "D05",
		"\u0019": "D06",
		"\u0015": "D07",
		"\t": "D08",
		"\u000f": "D09",
		"\u0010": "D10",
		"\u001b": "D11",
		"\u001d": "D12",
		"\u001c": "D13",
		"\u0001": "C01",
		"\u0013": "C02",
		"\u0004": "C03",
		"\u0006": "C04",
		"\u0007": "C05",
		"\b": "C06",
		"\n": "C07",
		"\u000b": "C08",
		"\f": "C09",
		";": "C10",
		"'": "C11",
		"\u001a": "B01",
		"\u0018": "B02",
		"\u0003": "B03",
		"\u0016": "B04",
		"\u0002": "B05",
		"\u000e": "B06",
		"\r": "B07",
		",": "B08",
		".": "B09",
		"/": "B10",
		" ": "A03"
	},
	"cmd": {
		"`": "E00",
		"1": "E01",
		"2": "E02",
		"3": "E03",
		"4": "E04",
		"5": "E05",
		"6": "E06",
		"7": "E07",
		"8": "E08",
		"9": "E09",
		"0": "E10",
		"-": "E11",
		"=": "E12",
		"q": "D01",
		"w": "D02",
		"e": "D03",
		"r": "D04",
		"t": "D05",
		"y": "D06",
		"u": "D07",
		"i": "D08",
		"o": "D09",
		"p": "D10",
		"[": "D11",
		"]": "D12",
		"\\": "D13",
		"a": "C01",
		"s": "C02",
		"d": "C03",
		"f": "C04",
		"g": "C05",
		"h": "C06",
		"j": "C07",
		"k": "C08",
		"l": "C09",
		";": "C10",
		"'": "C11",
		"z": "B01",
		"x": "B02",
		"c": "B03",
		"v": "B04",
		"b": "B05",
		"n": "B06",
		"m": "B07",
		",": "B08",
		".": "B09",
		"/": "B10",
		" ": "A03"
	}
}