{
	"lang": "Bulgarian (macOS)",
	"": {
		"`": "E00",
		"1": "E01",
		"2": "E02",
		"3": "E03",
		"4": "E04",
		"5": "E05",
		"6": "E06",
		"7": "E07",
		"8": "E08",
		"9": "E09",
		"0": "E10",
		"-": "E11",
		".": "E12",
		",": "D01",
		"\u0443": "D02",
		"\u0435": "D03",
		"\u0438": "D04",
		"\u0448": "D05",
		"\u0449": "D06",
		"\u043a": "D07",
		"\u0441": "D08",
		"\u0434": "D09",
		"\u0437": "D10",
		"\u0446": "D11",
		";": "D12",
		"(": "D13",
		"\u044c": "C01",
		"\u044f": "C02",
		"\u0430": "C03",
		"\u043e": "C04",
		"\u0436": "C05",
		"\u0433": "C06",
		"\u0442": "C07",
		"\u043d": "C08",
		"\u0432": "C09",
		"\u043c": "C10",
		"\u0447": "C11",
		"\u00a7": "B00",
		"\u044e": "B01",
		"\u0439": "B02",
		"\u044a": "B03",
		"\u044d": "B04",
		"\u0444": "B05",
		"\u0445": "B06",
		"\u043f": "B07",
		"\u0440": "B08",
		"\u043b": "B09",
		"\u0431": "B10",
		" ": "A03"
	},
	"shift": {
		"~": "E00",
		"!": "E01",
		"?": "E02",
		"+": "E03",
		"\"": "E04",
		"%": "E05",
		"=": "E06",
		":": "E07",
		"/": "E08",
		"_": "E09",
		"\u2116": "E10",
		"I": "E11",
		"V": "E12",
		"\u044b": "D01",
		"\u0423": "D02",
		"\u0415": "D03",
		"\u0418": "D04",
		"\u0428": "D05",
		"\u0429": "D06",
		"\u041a": "D07",
		"\u0421": "D08",
		"\u0414": "D09",
		"\u0417": "D10",
		"\u0426": "D11",
		"\u00a7": "D12",
		")": "D13",
		"\u042c": "C01",
		"\u042f": "C02",
		"\u0410": "C03",
		"\u041e": "C04",
		"\u0416": "C05",
		"\u0413": "C06",
		"\u0422": "C07",
		"\u041d": "C08",
		"\u0412": "C09",
		"\u041c": "C10",
		"\u0427": "C11",
		"\u00b1": "B00",
		"\u042e": "B01",
		"\u0419": "B02",
		"\u042a": "B03",
		"\u042d": "B04",
		"\u0424": "B05",
		"\u0425": "B06",
		"\u041f": "B07",
		"\u0420": "B08",
		"\u041b": "B09",
		"\u0411": "B10",
		" ": "A03"
	},
	"caps": {
		"`": "E00",
		"1": "E01",
		"2": "E02",
		"3": "E03",
		"4": "E04",
		"5": "E05",
		"6": "E06",
		"7": "E07",
		"8": "E08",
		"9": "E09",
		"0": "E10",
		"-": "E11",
		".": "E12",
		",": "D01",
		"\u0423": "D02",
		"\u0415": "D03",
		"\u0418": "D04",
		"\u0428": "D05",
		"\u0429": "D06",
		"\u041a": "D07",
		"\u0421": "D08",
		"\u0414": "D09",
		"\u0417": "D10",
		"\u0426": "D11",
		";": "D12",
		"(": "D13",
		"\u042c": "C01",
		"\u042f": "C02",
		"\u0410": "C03",
		"\u041e": "C04",
		"\u0416": "C05",
		"\u0413": "C06",
		"\u0422": "C07",
		"\u041d": "C08",
		"\u0412": "C09",
		"\u041c": "C10",
		"\u0427": "C11",
		"\u00a7": "B00",
		"\u042e": "B01",
		"\u0419": "B02",
		"\u042a": "B03",
		"\u042d": "B04",
		"\u0424": "B05",
		"\u0425": "B06",
		"\u041f": "B07",
		"\u0420": "B08",
		"\u041b": "B09",
		"\u0411": "B10",
		" ": "A03"
	},
	"caps+shiftL": {
		"`": "E00",
		"!": "E01",
		"?": "E02",
		"+": "E03",
		"\"": "E04",
		"%": "E05",
		"=": "E06",
		":": "E07",
		"/": "E08",
		"_": "E09",
		"\u2116": "E10",
		"\u0406": "E11",
		"V": "E12",
		"\u042b": "D01",
		"\u0443": "D02",
		"\u0435": "D03",
		"\u0438": "D04",
		"\u0448": "D05",
		"\u0449": "D06",
		"\u043a": "D07",
		"\u0441": "D08",
		"\u0434": "D09",
		"\u0437": "D10",
		"\u0446": "D11",
		"\u00a7": "B00",
		")": "D13",
		"\u044c": "C01",
		"\u044f": "C02",
		"\u0430": "C03",
		"\u043e": "C04",
		"\u0436": "C05",
		"\u0433": "C06",
		"\u0442": "C07",
		"\u043d": "C08",
		"\u0432": "C09",
		"\u043c": "C10",
		"\u0447": "C11",
		"\u044e": "B01",
		"\u0439": "B02",
		"\u044a": "B03",
		"\u044d": "B04",
		"\u0444": "B05",
		"\u0445": "B06",
		"\u043f": "B07",
		"\u0440": "B08",
		"\u043b": "B09",
		"\u0431": "B10",
		"\u00a0": "A03"
	},
	"optL+caps": {
		"~": "E00",
		"\u2020": "E01",
		"@": "E02",
		"#": "E03",
		"\u201c": "E04",
		"%": "E05",
		"^": "E06",
		"&": "E07",
		"*": "E08",
		"(": "E09",
		")": "E10",
		"\u2014": "E11",
		"+": "E12",
		"Q": "D01",
		"W": "D02",
		"E": "D03",
		"R": "D04",
		"T": "D05",
		"Y": "D06",
		"U": "D07",
		"I": "D08",
		"O": "D09",
		"P": "D10",
		"{": "D11",
		"}": "D12",
		"\u2019": "D13",
		"A": "C01",
		"S": "C02",
		"D": "C03",
		"F": "C04",
		"G": "C05",
		"H": "C06",
		"J": "C07",
		"K": "C08",
		"L": "C09",
		":": "C10",
		"\u201d": "C11",
		"\u00b1": "B00",
		"Z": "B01",
		"X": "B02",
		"C": "B03",
		"V": "B04",
		"B": "B05",
		"N": "B06",
		"M": "B07",
		"<": "B08",
		">": "B09",
		"?": "B10",
		"\u00a0": "A03"
	},
	"opt": {
		"`": "E00",
		"\u20ac": "E01",
		"\u00b0": "E02",
		"$": "E03",
		"\u201e": "E04",
		"\u2122": "E05",
		"\u221e": "E06",
		"\u00a3": "E07",
		"\u0490": "E08",
		"\u00b6": "E09",
		"\u2022": "E10",
		"\u2013": "E11",
		"=": "E12",
		"q": "D01",
		"w": "D02",
		"e": "D03",
		"r": "D04",
		"t": "D05",
		"y": "D06",
		"u": "D07",
		"i": "D08",
		"o": "D09",
		"p": "D10",
		"[": "D11",
		"]": "D12",
		"\u2018": "D13",
		"a": "C01",
		"s": "C02",
		"d": "C03",
		"f": "C04",
		"g": "C05",
		"h": "C06",
		"j": "C07",
		"k": "C08",
		"l": "C09",
		";": "C10",
		"\u201c": "C11",
		"\u00a7": "B00",
		"z": "B01",
		"x": "B02",
		"c": "B03",
		"v": "B04",
		"b": "B05",
		"n": "B06",
		"m": "B07",
		",": "B08",
		".": "B09",
		"/": "B10",
		"\u00a0": "A03"
	},
	"ctrl": {
		"`": "E00",
		"1": "E01",
		"2": "E02",
		"3": "E03",
		"4": "E04",
		"5": "E05",
		"6": "E06",
		"7": "E07",
		"8": "E08",
		"9": "E09",
		"0": "B00",
		"\u001f": "E11",
		"=": "E12",
		"\u0011": "D01",
		"\u0017": "D02",
		"\u0005": "D03",
		"\u0012": "D04",
		"\u0014": "D05",
		"\u0019": "D06",
		"\u0015": "D07",
		"\t": "D08",
		"\u000f": "D09",
		"\u0010": "D10",
		"\u001b": "D11",
		"\u001d": "D12",
		"\u001c": "D13",
		"\u0001": "C01",
		"\u0013": "C02",
		"\u0004": "C03",
		"\u0006": "C04",
		"\u0007": "C05",
		"\b": "C06",
		"\n": "C07",
		"\u000b": "C08",
		"\f": "C09",
		";": "C10",
		"'": "C11",
		"\u001a": "B01",
		"\u0018": "B02",
		"\u0003": "B03",
		"\u0016": "B04",
		"\u0002": "B05",
		"\u000e": "B06",
		"\r": "B07",
		",": "B08",
		".": "B09",
		"/": "B10",
		" ": "A03"
	},
	"cmd": {
		"`": "E00",
		"1": "E01",
		"2": "E02",
		"3": "E03",
		"4": "E04",
		"5": "E05",
		"6": "E06",
		"7": "E07",
		"8": "E08",
		"9": "E09",
		"0": "E10",
		"-": "E11",
		"=": "E12",
		"q": "D01",
		"w": "D02",
		"e": "D03",
		"r": "D04",
		"t": "D05",
		"y": "D06",
		"u": "D07",
		"i": "D08",
		"o": "D09",
		"p": "D10",
		"[": "D11",
		"]": "D12",
		"\\": "D13",
		"a": "C01",
		"s": "C02",
		"d": "C03",
		"f": "C04",
		"g": "C05",
		"h": "C06",
		"j": "C07",
		"k": "C08",
		"l": "C09",
		";": "C10",
		"'": "C11",
		"\u00a7": "B00",
		"z": "B01",
		"x": "B02",
		"c": "B03",
		"v": "B04",
		"b": "B05",
		"n": "B06",
		"m": "B07",
		",": "B08",
		".": "B09",
		"/": "B10",
		" ": "A03"
	},
	"cmd+optL+shiftL": {
		"`": "E00",
		"\u040f": "E01",
		"\u045f": "E02",
		"\u2116": "E03",
		"\u0401": "E04",
		"\u0451": "E05",
		"\u044f": "E06",
		"\u0430": "E07",
		"\u00b0": "E08",
		"\u0431": "E09",
		"\u0432": "E10",
		"\u2014": "E11",
		"\u00b1": "B00",
		"\u045c": "D01",
		"\u0433": "D02",
		"\u0402": "D03",
		"\u0434": "D04",
		"\u20ac": "D05",
		"\u0437": "D06",
		"\u0452": "D07",
		"\u0446": "D08",
		"\u0453": "D09",
		"\u0404": "D10",
		"\u201d": "D11",
		"\u2019": "D12",
		"\u00bb": "D13",
		"\u0411": "C01",
		"\u043a": "C02",
		"\u043b": "C03",
		"\u043c": "C04",
		"\u044d": "C05",
		"\u043e": "C06",
		"\u043f": "C07",
		"\u0440": "C08",
		"\u0441": "C09",
		"\u0442": "C10",
		"\u0403": "C11",
		"\u044c": "B01",
		"\u044e": "B02",
		"\u0412": "B03",
		"\u201e": "B04",
		"\u0445": "B05",
		"\u0447": "B06",
		"\u0435": "B07",
		"\u0448": "B08",
		"\u0449": "B09",
		"\u0458": "B10",
		"\u00a0": "A03"
	},
	"cmd+opt": {
		"`": "E00",
		"\u20ac": "E01",
		"\u00b0": "E02",
		"$": "E03",
		"\u201e": "E04",
		"\u2122": "E05",
		"\u221e": "E06",
		"\u00a3": "E07",
		"\u0490": "E08",
		"\u00b6": "E09",
		"\u2022": "E10",
		"\u2013": "E11",
		"=": "E12",
		"q": "D01",
		"w": "D02",
		"e": "D03",
		"r": "D04",
		"t": "D05",
		"y": "D06",
		"u": "D07",
		"i": "D08",
		"o": "D09",
		"p": "D10",
		"[": "D11",
		"]": "D12",
		"\u2018": "D13",
		"a": "C01",
		"s": "C02",
		"d": "C03",
		"f": "C04",
		"g": "C05",
		"h": "C06",
		"j": "C07",
		"k": "C08",
		"l": "C09",
		";": "C10",
		"\u201c": "C11",
		"\u00a7": "B00",
		"z": "B01",
		"x": "B02",
		"c": "B03",
		"v": "B04",
		"b": "B05",
		"n": "B06",
		"m": "B07",
		",": "B08",
		".": "B09",
		"/": "B10",
		"\u00a0": "A03"
	}
}