{
	"lang": "Italian - Pro (macOS)",
	"": {
		"<": "E00",
		"1": "E01",
		"2": "E02",
		"3": "E03",
		"4": "E04",
		"5": "E05",
		"6": "E06",
		"7": "E07",
		"8": "E08",
		"9": "E09",
		"0": "E10",
		"'": "E11",
		"\u00ec": "E12",
		"q": "D01",
		"w": "D02",
		"e": "D03",
		"r": "D04",
		"t": "D05",
		"y": "D06",
		"u": "D07",
		"i": "D08",
		"o": "D09",
		"p": "D10",
		"\u00e8": "D11",
		"+": "D12",
		"\u00f9": "D13",
		"a": "C01",
		"s": "C02",
		"d": "C03",
		"f": "C04",
		"g": "C05",
		"h": "C06",
		"j": "C07",
		"k": "C08",
		"l": "C09",
		"\u00f2": "C10",
		"\u00e0": "C11",
		"\\": "B00",
		"z": "B01",
		"x": "B02",
		"c": "B03",
		"v": "B04",
		"b": "B05",
		"n": "B06",
		"m": "B07",
		",": "B08",
		".": "B09",
		"-": "B10",
		" ": "A03"
	},
	"shift": {
		">": "E00",
		"!": "E01",
		"\"": "E02",
		"\u00a3": "E03",
		"$": "E04",
		"%": "E05",
		"&": "E06",
		"/": "E07",
		"(": "E08",
		")": "E09",
		"=": "E10",
		"?": "E11",
		"^": "E12",
		"Q": "D01",
		"W": "D02",
		"E": "D03",
		"R": "D04",
		"T": "D05",
		"Y": "D06",
		"U": "D07",
		"I": "D08",
		"O": "D09",
		"P": "D10",
		"\u00e9": "D11",
		"*": "D12",
		"\u00a7": "D13",
		"A": "C01",
		"S": "C02",
		"D": "C03",
		"F": "C04",
		"G": "C05",
		"H": "C06",
		"J": "C07",
		"K": "C08",
		"L": "C09",
		"\u00e7": "C10",
		"\u00b0": "C11",
		"|": "B00",
		"Z": "B01",
		"X": "B02",
		"C": "B03",
		"V": "B04",
		"B": "B05",
		"N": "B06",
		"M": "B07",
		";": "B08",
		":": "B09",
		"_": "B10",
		" ": "A03"
	},
	"caps": {
		"<": "E00",
		"1": "E01",
		"2": "E02",
		"3": "E03",
		"4": "E04",
		"5": "E05",
		"6": "E06",
		"7": "E07",
		"8": "E08",
		"9": "E09",
		"0": "E10",
		"'": "E11",
		"\u00ec": "E12",
		"Q": "D01",
		"W": "D02",
		"E": "D03",
		"R": "D04",
		"T": "D05",
		"Y": "D06",
		"U": "D07",
		"I": "D08",
		"O": "D09",
		"P": "D10",
		"\u00e8": "D11",
		"+": "D12",
		"\u00f9": "D13",
		"A": "C01",
		"S": "C02",
		"D": "C03",
		"F": "C04",
		"G": "C05",
		"H": "C06",
		"J": "C07",
		"K": "C08",
		"L": "C09",
		"\u00f2": "C10",
		"\u00e0": "C11",
		"\\": "B00",
		"Z": "B01",
		"X": "B02",
		"C": "B03",
		"V": "B04",
		"B": "B05",
		"N": "B06",
		"M": "B07",
		",": "B08",
		".": "B09",
		"-": "B10",
		" ": "A03"
	},
	"opt": {
		"\u2264": "E00",
		"\u00ab": "E01",
		"\u201c": "E02",
		"\u2018": "E03",
		"\u00a5": "E04",
		"~": "E05",
		"\u2039": "E06",
		"\u00f7": "E07",
		"\u00b4": "E08",
		"`": "B00",
		"\u2260": "E10",
		"\u00a1": "E11",
		"\u02c6": "E12",
		"\u201e": "D01",
		"\u03a9": "D02",
		"\u20ac": "D03",
		"\u00ae": "D04",
		"\u2122": "D05",
		"\u00e6": "D06",
		"\u00a8": "D07",
		"\u0153": "D08",
		"\u00f8": "D09",
		"\u03c0": "D10",
		"[": "D11",
		"]": "D12",
		"\u00b6": "D13",
		"\u00e5": "C01",
		"\u00df": "C02",
		"\u2202": "C03",
		"\u0192": "C04",
		"\u221e": "C05",
		"\u2206": "C06",
		"\u00aa": "C07",
		"\u00ba": "C08",
		"\u00ac": "C09",
		"@": "C10",
		"#": "C11",
		"\u2211": "B01",
		"\u2020": "B02",
		"\u00a9": "B03",
		"\u221a": "B04",
		"\u222b": "B05",
		"\u02dc": "B06",
		"\u00b5": "B07",
		"\u2026": "B08",
		"\u2022": "B09",
		"\u2013": "B10",
		"\u00a0": "A03"
	},
	"opt+shift": {
		"\u2265": "E00",
		"\u00bb": "E01",
		"\u201d": "E02",
		"\u2019": "E03",
		"\u00a2": "E04",
		"\u2030": "E05",
		"\u203a": "E06",
		"\u2044": "E07",
		"\uf8ff": "E08",
		" ": "B08",
		"\u2248": "E10",
		"\u00bf": "E11",
		"\u00b1": "E12",
		"\u201a": "D01",
		"\u00c0": "D02",
		"\u00c8": "D03",
		"\u00cc": "D04",
		"\u00d2": "D05",
		"\u00c6": "D06",
		"\u00d9": "D07",
		"\u0152": "D08",
		"\u00d8": "D09",
		"\u220f": "D10",
		"{": "D11",
		"}": "D12",
		"\u25ca": "D13",
		"\u00c5": "C01",
		"\u00af": "C02",
		"\u02d8": "C03",
		"\u02d9": "C04",
		"\u02da": "C05",
		"\u00b8": "C06",
		"\u02dd": "C07",
		"\u02db": "C08",
		"\u02c7": "C09",
		"\u00c7": "C10",
		"\u221e": "C11",
		"\u0131": "B00",
		"\u2021": "B02",
		"\u00c1": "B03",
		"\u00c9": "B04",
		"\u00cd": "B05",
		"\u00d3": "B06",
		"\u00da": "B07",
		"\u00b7": "B09",
		"\u2014": "B10",
		"\u00a0": "A03"
	},
	"opt+caps": {
		"\u2264": "E00",
		"\u00ab": "E01",
		"\u201c": "E02",
		"\u2018": "E03",
		"\u00a5": "E04",
		"~": "E05",
		"\u2039": "E06",
		"\u00f7": "E07",
		"\u00b4": "E08",
		"`": "B00",
		"\u2260": "E10",
		"\u00a1": "E11",
		"\u02c6": "E12",
		"\u201e": "D01",
		"\u03a9": "D02",
		"\u20ac": "D03",
		"\u00ae": "D04",
		"\u2122": "D05",
		"\u00c6": "D06",
		"\u00a8": "D07",
		"\u0152": "D08",
		"\u00d8": "D09",
		"\u220f": "D10",
		"[": "D11",
		"]": "D12",
		"\u00b6": "D13",
		"\u00c5": "C01",
		"\u00df": "C02",
		"\u2202": "C03",
		"\u0192": "C04",
		"\u221e": "C05",
		"\u2206": "C06",
		"\u00aa": "C07",
		"\u00ba": "C08",
		"\u00ac": "C09",
		"@": "C10",
		"#": "C11",
		"\u2211": "B01",
		"\u2020": "B02",
		"\u00a9": "B03",
		"\u221a": "B04",
		"\u222b": "B05",
		"\u02dc": "B06",
		"\u00b5": "B07",
		"\u2026": "B08",
		"\u2022": "B09",
		"\u2013": "B10",
		"\u00a0": "A03"
	},
	"ctrl": {
		"\u001c": "B00",
		"1": "E01",
		"2": "E02",
		"3": "E03",
		"4": "E04",
		"5": "E05",
		"6": "E06",
		"7": "E07",
		"8": "E08",
		"9": "E09",
		"0": "E10",
		"\u001f": "E11",
		"=": "E12",
		"\u0011": "D01",
		"\u001a": "D02",
		"\u0005": "D03",
		"\u0012": "D04",
		"\u0014": "D05",
		"\u0019": "D06",
		"\u0015": "D07",
		"\t": "D08",
		"\u000f": "D09",
		"\u0010": "D10",
		"\u001e": "D11",
		"\u001d": "D12",
		"\u00b0": "D13",
		"\u0001": "C01",
		"\u0013": "C02",
		"\u0004": "C03",
		"\u0006": "C04",
		"\u0007": "C05",
		"\b": "C06",
		"\n": "C07",
		"\u000b": "C08",
		"\f": "C09",
		"\r": "C10",
		"%": "C11",
		"\u0017": "B01",
		"\u0018": "B02",
		"\u0003": "B03",
		"\u0016": "B04",
		"\u0002": "B05",
		"\u000e": "B06",
		"?": "B07",
		".": "B08",
		"/": "B09",
		"!": "B10",
		" ": "A03"
	},
	"cmd+opt": {
		"\u2264": "E00",
		"\u00ab": "E01",
		"\u201c": "E02",
		"\u2018": "E03",
		"\u00a5": "E04",
		"~": "E05",
		"\u2039": "E06",
		"\u00f7": "E07",
		"\u00b4": "E08",
		"`": "B00",
		"\u2260": "E10",
		"\u00a1": "E11",
		"\u02c6": "E12",
		"\u201e": "D01",
		"\u03a9": "D02",
		"\u20ac": "D03",
		"\u00ae": "D04",
		"\u2122": "D05",
		"\u00e6": "D06",
		"\u00a8": "D07",
		"\u0153": "D08",
		"\u00f8": "D09",
		"\u03c0": "D10",
		"[": "D11",
		"]": "D12",
		"\u00b6": "D13",
		"\u00e5": "C01",
		"\u00df": "C02",
		"\u2202": "C03",
		"\u0192": "C04",
		"\u221e": "C05",
		"\u2206": "C06",
		"\u00aa": "C07",
		"\u00ba": "C08",
		"\u00ac": "C09",
		"@": "C10",
		"#": "C11",
		"\u2211": "B01",
		"\u2020": "B02",
		"\u00a9": "B03",
		"\u221a": "B04",
		"\u222b": "B05",
		"\u02dc": "B06",
		"\u00b5": "B07",
		"\u2026": "B08",
		"\u2022": "B09",
		"\u2013": "B10",
		"\u00a0": "A03"
	}
}