{
	"lang": "Vietnamese (macOS)",
	"": {
		"`": "E05",
		"\u0103": "E01",
		"\u00e2": "E02",
		"\u00ea": "E03",
		"\u00f4": "E04",
		" \u0309": "E06",
		"~": "E07",
		"\u00b4": "E08",
		" \u0323": "E09",
		"\u0111": "E10",
		"-": "E11",
		"\u20ab": "E12",
		"q": "D01",
		"w": "D02",
		"e": "D03",
		"r": "D04",
		"t": "D05",
		"y": "D06",
		"u": "D07",
		"i": "D08",
		"o": "D09",
		"p": "D10",
		"\u01b0": "D11",
		"\u01a1": "D12",
		"\\": "D13",
		"a": "C01",
		"s": "C02",
		"d": "C03",
		"f": "C04",
		"g": "C05",
		"h": "C06",
		"j": "C07",
		"k": "C08",
		"l": "C09",
		";": "C10",
		"'": "C11",
		"\u00a4": "B00",
		"z": "B01",
		"x": "B02",
		"c": "B03",
		"v": "B04",
		"b": "B05",
		"n": "B06",
		"m": "B07",
		",": "B08",
		".": "B09",
		"/": "B10",
		" ": "A03"
	},
	"shift": {
		"~": "E07",
		"\u0102": "E01",
		"\u00c2": "E02",
		"\u00ca": "E03",
		"\u00d4": "E04",
		"`": "E05",
		" \u0309": "E06",
		"\u00b4": "E08",
		" \u0323": "E09",
		"\u0110": "E10",
		"_": "E11",
		"+": "E12",
		"Q": "D01",
		"W": "D02",
		"E": "D03",
		"R": "D04",
		"T": "D05",
		"Y": "D06",
		"U": "D07",
		"I": "D08",
		"O": "D09",
		"P": "D10",
		"\u01af": "D11",
		"\u01a0": "D12",
		"|": "D13",
		"A": "C01",
		"S": "C02",
		"D": "C03",
		"F": "C04",
		"G": "C05",
		"H": "C06",
		"J": "C07",
		"K": "C08",
		"L": "C09",
		":": "C10",
		"\"": "C11",
		"\u00b1": "B00",
		"Z": "B01",
		"X": "B02",
		"C": "B03",
		"V": "B04",
		"B": "B05",
		"N": "B06",
		"M": "B07",
		"<": "B08",
		">": "B09",
		"?": "B10",
		" ": "A03"
	},
	"caps": {
		"`": "E05",
		"\u0102": "E01",
		"\u00c2": "E02",
		"\u00ca": "E03",
		"\u00d4": "E04",
		" \u0309": "E06",
		"~": "E07",
		"\u00b4": "E08",
		" \u0323": "E09",
		"\u0110": "E10",
		"-": "E11",
		"=": "E12",
		"Q": "D01",
		"W": "D02",
		"E": "D03",
		"R": "D04",
		"T": "D05",
		"Y": "D06",
		"U": "D07",
		"I": "D08",
		"O": "D09",
		"P": "D10",
		"\u01af": "D11",
		"\u01a0": "D12",
		"\\": "D13",
		"A": "C01",
		"S": "C02",
		"D": "C03",
		"F": "C04",
		"G": "C05",
		"H": "C06",
		"J": "C07",
		"K": "C08",
		"L": "C09",
		";": "C10",
		"'": "C11",
		"\u00a4": "B00",
		"Z": "B01",
		"X": "B02",
		"C": "B03",
		"V": "B04",
		"B": "B05",
		"N": "B06",
		"M": "B07",
		",": "B08",
		".": "B09",
		"/": "B10",
		" ": "A03"
	},
	"opt": {
		"1": "E01",
		"2": "E02",
		"3": "E03",
		"4": "E04",
		"5": "E05",
		"6": "E06",
		"7": "E07",
		"8": "E08",
		"9": "E09",
		"0": "E10",
		"-": "E11",
		"=": "E12",
		"\u00ae": "D04",
		"\u2122": "D05",
		"\u00a5": "D06",
		"\u00a8": "D07",
		"^": "D08",
		"\u00f8": "D09",
		"[": "D11",
		"]": "D12",
		"\u00e5": "C01",
		"\u00df": "C02",
		"\u00a9": "C05",
		"\u00a3": "C09",
		"\u00a4": "B00",
		"\u00e7": "B04",
		"\u0306": "B05",
		"\u00f1": "B06",
		"\u00b5": "B07",
		" ": "A03"
	},
	"opt+shift": {
		"!": "E01",
		"@": "E02",
		"#": "E03",
		"$": "E04",
		"%": "E05",
		"^": "E06",
		"&": "E07",
		"*": "E08",
		"(": "E09",
		")": "E10",
		"_": "E11",
		"+": "E12",
		"\u00d8": "D09",
		"{": "D11",
		"}": "D12",
		"\u00c5": "C01",
		"\u00b1": "B00",
		"\u00c7": "B04",
		"\u00d1": "B06",
		" ": "A03"
	},
	"opt+caps": {
		"`": "E00",
		"\u00aa": "E02",
		"\u00a3": "E03",
		"\u00a2": "E04",
		"\u00b0": "E05",
		"\u00a4": "B00",
		"\u00a6": "E07",
		"\u00a5": "E08",
		"\u00bb": "E09",
		"\u00bc": "E10",
		"\u0110": "E11",
		"\u00ad": "E12",
		"\u00ce": "D01",
		"\u00b7": "D02",
		"\u00ab": "D03",
		"\u00a8": "D04",
		"\u00a0": "D05",
		"\u00e7": "D06",
		"\u00ac": "D07",
		"\u00f6": "D08",
		"\u00af": "D09",
		"\u00b8": "D10",
		"\u0309": "D11",
		"\u00d4": "D12",
		"\u00c7": "D13",
		"A": "C01",
		"\u00ea": "C02",
		"\u00eb": "C03",
		"\u0301": "C04",
		"\u00a9": "C05",
		"\u00ee": "C06",
		"\u00ef": "C07",
		"\u00fb": "C08",
		"\u00f1": "C09",
		"\u00ae": "C11",
		"\u00bd": "B01",
		"\u00c5": "B02",
		"\u201a": "B03",
		"\u0102": "B04",
		"\u01a1": "B05",
		"\u00f7": "B06",
		"\u00e5": "B07",
		"\u00b2": "B08",
		"\u00b3": "B09",
		"\u00d6": "B10",
		"\u00ca": "A03"
	},
	"ctrlL": {
		"`": "E00",
		"1": "E01",
		"2": "E02",
		"3": "E03",
		"4": "E04",
		"5": "E05",
		"6": "E06",
		"7": "E07",
		"8": "E08",
		"9": "E09",
		"0": "B00",
		"\u001f": "E11",
		"=": "E12",
		"\u0011": "D01",
		"\u0017": "D02",
		"\u0005": "D03",
		"\u0012": "D04",
		"\u0014": "D05",
		"\u0019": "D06",
		"\u0015": "D07",
		"\t": "D08",
		"\u000f": "D09",
		"\u0010": "D10",
		"\u001b": "D11",
		"\u001d": "D12",
		"\u001c": "D13",
		"\u0001": "C01",
		"\u0013": "C02",
		"\u0004": "C03",
		"\u0006": "C04",
		"\u0007": "C05",
		"\b": "C06",
		"\n": "C07",
		"\u000b": "C08",
		"\f": "C09",
		";": "C10",
		"'": "C11",
		"\u001a": "B01",
		"\u0018": "B02",
		"\u0003": "B03",
		"\u0016": "B04",
		"\u0002": "B05",
		"\u000e": "B06",
		"\r": "B07",
		",": "B08",
		".": "B09",
		"/": "B10",
		" ": "A03"
	},
	"cmd": {
		"`": "E00",
		"1": "E01",
		"2": "E02",
		"3": "E03",
		"4": "E04",
		"5": "E05",
		"6": "E06",
		"7": "E07",
		"8": "E08",
		"9": "E09",
		"0": "E10",
		"-": "E11",
		"=": "E12",
		"q": "D01",
		"w": "D02",
		"e": "D03",
		"r": "D04",
		"t": "D05",
		"y": "D06",
		"u": "D07",
		"i": "D08",
		"o": "D09",
		"p": "D10",
		"[": "D11",
		"]": "D12",
		"\\": "D13",
		"a": "C01",
		"s": "C02",
		"d": "C03",
		"f": "C04",
		"g": "C05",
		"h": "C06",
		"j": "C07",
		"k": "C08",
		"l": "C09",
		";": "C10",
		"'": "C11",
		"z": "B01",
		"x": "B02",
		"c": "B03",
		"v": "B04",
		"b": "B05",
		"n": "B06",
		"m": "B07",
		",": "B08",
		".": "B09",
		"/": "B10",
		" ": "A03"
	},
	"cmd+shift": {
		"~": "E00",
		"!": "E01",
		"@": "E02",
		"#": "E03",
		"$": "E04",
		"%": "E05",
		"^": "E06",
		"&": "E07",
		"*": "E08",
		"(": "E09",
		")": "E10",
		"_": "E11",
		"+": "E12",
		"Q": "D01",
		"W": "D02",
		"E": "D03",
		"R": "D04",
		"T": "D05",
		"Y": "D06",
		"U": "D07",
		"I": "D08",
		"O": "D09",
		"P": "D10",
		"{": "D11",
		"}": "D12",
		"|": "D13",
		"A": "C01",
		"S": "C02",
		"D": "C03",
		"F": "C04",
		"G": "C05",
		"H": "C06",
		"J": "C07",
		"K": "C08",
		"L": "C09",
		":": "C10",
		"\"": "C11",
		"Z": "B01",
		"X": "B02",
		"C": "B03",
		"V": "B04",
		"B": "B05",
		"N": "B06",
		"M": "B07",
		"<": "B08",
		">": "B09",
		"?": "B10",
		" ": "A03"
	}
}