{
	"lang": "Devanagari (macOS)",
	"": {
		"\u094a": "E00",
		"\u0967": "E01",
		"\u0968": "E02",
		"\u0969": "E03",
		"\u096a": "E04",
		"\u096b": "E05",
		"\u096c": "E06",
		"\u096d": "E07",
		"\u096e": "E08",
		"\u096f": "E09",
		"\u0966": "E10",
		"-": "E11",
		"\u0943": "E12",
		"\u094c": "D01",
		"\u0948": "D02",
		"\u093e": "D03",
		"\u0940": "D04",
		"\u0942": "D05",
		"\u092c": "D06",
		"\u0939": "D07",
		"\u0917": "D08",
		"\u0926": "D09",
		"\u091c": "D10",
		"\u0921": "D11",
		"\u093c": "D12",
		"\u0949": "D13",
		"\u094b": "C01",
		"\u0947": "C02",
		"\u094d": "C03",
		"\u093f": "C04",
		"\u0941": "C05",
		"\u092a": "C06",
		"\u0930": "C07",
		"\u0915": "C08",
		"\u0924": "C09",
		"\u091a": "C10",
		"\u091f": "C11",
		"\u0946": "B01",
		"\u0902": "B02",
		"\u092e": "B03",
		"\u0928": "B04",
		"\u0935": "B05",
		"\u0932": "B06",
		"\u0938": "B07",
		",": "B08",
		".": "B09",
		"\u092f": "B10",
		" ": "A03"
	},
	"shift": {
		"\u0912": "E00",
		"\u090d": "E01",
		"\u0945": "E02",
		"\u094d\u0930": "E03",
		"\u0930\u094d": "E04",
		"\u091c\u094d\u091e": "E05",
		"\u0924\u094d\u0930": "E06",
		"\u0915\u094d\u0937": "E07",
		"\u0936\u094d\u0930": "E08",
		"(": "E09",
		")": "E10",
		"\u0903": "E11",
		"\u090b": "E12",
		"\u0914": "D01",
		"\u0910": "D02",
		"\u0906": "D03",
		"\u0908": "D04",
		"\u090a": "D05",
		"\u092d": "D06",
		"\u0919": "D07",
		"\u0918": "D08",
		"\u0927": "D09",
		"\u091d": "D10",
		"\u0922": "D11",
		"\u091e": "D12",
		"\u0911": "D13",
		"\u0913": "C01",
		"\u090f": "C02",
		"\u0905": "C03",
		"\u0907": "C04",
		"\u0909": "C05",
		"\u092b": "C06",
		"\u0931": "C07",
		"\u0916": "C08",
		"\u0925": "C09",
		"\u091b": "C10",
		"\u0920": "C11",
		"\u090e": "B01",
		"\u0901": "B02",
		"\u0923": "B03",
		"\u0929": "B04",
		"\u0934": "B05",
		"\u0933": "B06",
		"\u0936": "B07",
		"\u0937": "B08",
		"\u0964": "B09",
		"\u095f": "B10",
		" ": "A03"
	},
	"caps": {
		"`": "E00",
		"1": "E01",
		"2": "E02",
		"3": "E03",
		"4": "E04",
		"5": "E05",
		"6": "E06",
		"7": "E07",
		"8": "E08",
		"9": "E09",
		"0": "E10",
		"-": "E11",
		"=": "E12",
		"q": "D01",
		"w": "D02",
		"e": "D03",
		"r": "D04",
		"t": "D05",
		"y": "D06",
		"u": "D07",
		"i": "D08",
		"o": "D09",
		"p": "D10",
		"[": "D11",
		"]": "D12",
		"\\": "D13",
		"a": "C01",
		"s": "C02",
		"d": "C03",
		"f": "C04",
		"g": "C05",
		"h": "C06",
		"j": "C07",
		"k": "C08",
		"l": "C09",
		";": "C10",
		"'": "C11",
		"z": "B01",
		"x": "B02",
		"c": "B03",
		"v": "B04",
		"b": "B05",
		"n": "B06",
		"m": "B07",
		",": "B08",
		".": "B09",
		"/": "B10",
		" ": "A03"
	},
	"caps+shift": {
		"~": "E00",
		"!": "E01",
		"@": "E02",
		"#": "E03",
		"$": "E04",
		"%": "E05",
		"^": "E06",
		"&": "E07",
		"*": "E08",
		"(": "E09",
		")": "E10",
		"_": "E11",
		"+": "E12",
		"Q": "D01",
		"W": "D02",
		"E": "D03",
		"R": "D04",
		"T": "D05",
		"Y": "D06",
		"U": "D07",
		"I": "D08",
		"O": "D09",
		"P": "D10",
		"{": "D11",
		"}": "D12",
		"|": "D13",
		"A": "C01",
		"S": "C02",
		"D": "C03",
		"F": "C04",
		"G": "C05",
		"H": "C06",
		"J": "C07",
		"K": "C08",
		"L": "C09",
		":": "C10",
		"\"": "C11",
		"Z": "B01",
		"X": "B02",
		"C": "B03",
		"V": "B04",
		"B": "B05",
		"N": "B06",
		"M": "B07",
		"<": "B08",
		">": "B09",
		"?": "B10",
		" ": "A03"
	},
	"opt": {
		"`": "E00",
		"\u093d": "E02",
		"\u20b9": "E04",
		"\u0970": "E10",
		"\u0962": "E11",
		"\u0944": "E12",
		"\u095a": "D08",
		"\u095b": "D10",
		"\u095c": "D11",
		"\u0958": "C08",
		"\u0951": "C11",
		"\u0950": "B02",
		"\u090c": "B06",
		"\u0965": "B09",
		" ": "A03"
	},
	"opt+shift": {
		"\u0963": "E11",
		"\u0960": "E12",
		"\u0979": "D10",
		"\u095d": "D11",
		"\u095e": "C06",
		"\u0959": "C08",
		"\u0952": "C11",
		"\u0961": "B06",
		" ": "A03"
	},
	"ctrlL": {
		"`": "E00",
		"1": "E01",
		"2": "E02",
		"3": "E03",
		"4": "E04",
		"5": "E05",
		"6": "E06",
		"7": "E07",
		"8": "E08",
		"9": "E09",
		"0": "B00",
		"\u001f": "E11",
		"=": "E12",
		"\u0011": "D01",
		"\u0017": "D02",
		"\u0005": "D03",
		"\u0012": "D04",
		"\u0014": "D05",
		"\u0019": "D06",
		"\u0015": "D07",
		"\t": "D08",
		"\u000f": "D09",
		"\u0010": "D10",
		"\u001b": "D11",
		"\u001d": "D12",
		"\u001c": "D13",
		"\u0001": "C01",
		"\u0013": "C02",
		"\u0004": "C03",
		"\u0006": "C04",
		"\u0007": "C05",
		"\b": "C06",
		"\n": "C07",
		"\u000b": "C08",
		"\f": "C09",
		";": "C10",
		"'": "C11",
		"\u001a": "B01",
		"\u0018": "B02",
		"\u0003": "B03",
		"\u0016": "B04",
		"\u0002": "B05",
		"\u000e": "B06",
		"\r": "B07",
		",": "B08",
		".": "B09",
		"/": "B10",
		" ": "A03"
	}
}