{
	"lang": "Telugu-QWERTY (macOS)",
	"": {
		"\u0c46": "E00",
		"\u0c67": "E01",
		"\u0c68": "E02",
		"\u0c69": "E03",
		"\u0c6a": "E04",
		"\u0c6b": "E05",
		"\u0c6c": "E06",
		"\u0c6d": "E07",
		"\u0c6e": "E08",
		"\u0c6f": "E09",
		"\u0c66": "E10",
		"-": "E11",
		"=": "E12",
		"\u0c05": "D02",
		"\u0c47": "D03",
		"\u0c30": "D12",
		"\u0c24": "D05",
		"\u0c2f": "D06",
		"\u0c41": "D07",
		"\u0c3f": "D08",
		"\u0c4b": "D09",
		"\u0c2a": "D10",
		"\u0c4a": "D13",
		"\u0c3e": "C01",
		"\u0c38": "C02",
		"\u0c26": "C03",
		"\u0c4d": "C04",
		"\u0c17": "C05",
		"\u0c39": "C06",
		"\u0c1c": "C07",
		"\u0c15": "C08",
		"\u0c32": "C09",
		";": "C10",
		"'": "C11",
		"\u0c19": "B01",
		"\u0c37": "B02",
		"\u0c1a": "B03",
		"\u0c35": "B04",
		"\u0c2c": "B05",
		"\u0c28": "B06",
		"\u0c2e": "B07",
		",": "B08",
		"/": "B10",
		" ": "A03"
	},
	"shift": {
		"\u0c0e": "E00",
		"!": "E01",
		"@": "E02",
		"#": "E03",
		"$": "E04",
		"%": "E05",
		"^": "E06",
		"&": "E07",
		"*": "E08",
		"(": "E09",
		")": "E10",
		"_": "E11",
		"+": "E12",
		"\u0c06": "D02",
		"\u0c48": "D03",
		"\u0c43": "D04",
		"\u0c25": "D05",
		"\u0c42": "D07",
		"\u0c40": "D08",
		"\u0c4c": "D09",
		"\u0c2b": "D10",
		"[": "D11",
		"]": "D12",
		"\u0c12": "D13",
		"\u0c3e": "C01",
		"\u0c36": "C02",
		"\u0c27": "C03",
		"\u0c18": "C05",
		"\u0c03": "C06",
		"\u0c1d": "C07",
		"\u0c16": "C08",
		"\u0c33": "C09",
		":": "C10",
		"\"": "C11",
		"\u0c01": "B01",
		"\u0c15\u0c4d\u0c37": "B02",
		"\u0c1b": "B03",
		"\u0c2d": "B05",
		"\u0c23": "B06",
		"\u0c02": "B07",
		"<": "B08",
		">": "B09",
		"?": "B10",
		" ": "A03"
	},
	"caps": {
		"`": "E00",
		"1": "E01",
		"2": "E02",
		"3": "E03",
		"4": "E04",
		"5": "E05",
		"6": "E06",
		"7": "E07",
		"8": "E08",
		"9": "E09",
		"0": "E10",
		"-": "E11",
		"=": "E12",
		"q": "D01",
		"w": "D02",
		"e": "D03",
		"r": "D04",
		"t": "D05",
		"y": "D06",
		"u": "D07",
		"i": "D08",
		"o": "D09",
		"p": "D10",
		"[": "D11",
		"]": "D12",
		"\\": "D13",
		"a": "C01",
		"s": "C02",
		"d": "C03",
		"f": "C04",
		"g": "C05",
		"h": "C06",
		"j": "C07",
		"k": "C08",
		"l": "C09",
		";": "C10",
		"'": "C11",
		"z": "B01",
		"x": "B02",
		"c": "B03",
		"v": "B04",
		"b": "B05",
		"n": "B06",
		"m": "B07",
		",": "B08",
		".": "B09",
		"/": "B10",
		" ": "A03"
	},
	"caps+shift": {
		"~": "E00",
		"!": "E01",
		"@": "E02",
		"#": "E03",
		"$": "E04",
		"%": "E05",
		"^": "E06",
		"&": "E07",
		"*": "E08",
		"(": "E09",
		")": "E10",
		"_": "E11",
		"+": "E12",
		"Q": "D01",
		"W": "D02",
		"E": "D03",
		"R": "D04",
		"T": "D05",
		"Y": "D06",
		"U": "D07",
		"I": "D08",
		"O": "D09",
		"P": "D10",
		"{": "D11",
		"}": "D12",
		"|": "D13",
		"A": "C01",
		"S": "C02",
		"D": "C03",
		"F": "C04",
		"G": "C05",
		"H": "C06",
		"J": "C07",
		"K": "C08",
		"L": "C09",
		":": "C10",
		"\"": "C11",
		"Z": "B01",
		"X": "B02",
		"C": "B03",
		"V": "B04",
		"B": "B05",
		"N": "B06",
		"M": "B07",
		"<": "B08",
		">": "B09",
		"?": "B10",
		" ": "A03"
	},
	"opt": {
		"`": "E00",
		"1": "E01",
		"2": "E02",
		"3": "E03",
		"4": "E04",
		"5": "E05",
		"6": "E06",
		"7": "E07",
		"8": "E08",
		"9": "E09",
		"0": "E10",
		"_": "E11",
		"=": "E12",
		"\u0c0f": "D03",
		"\u0c0b": "D04",
		"\u0c1f": "D05",
		"\u0c09": "D07",
		"\u0c07": "D08",
		"\u0c13": "D09",
		"[": "D11",
		"]": "D12",
		"\\": "D13",
		"\u0c05": "C01",
		"\u0c36\u0c4d\u0c30": "C02",
		"\u0c21": "C03",
		"\u0c1c\u0c4d\u0c1e": "C07",
		";": "C10",
		"\u0c1e": "B06",
		"\u0c01": "B07",
		".": "B09",
		" ": "A03"
	},
	"opt+shift": {
		"~": "E00",
		"\u2026": "E01",
		"\u00a9": "E02",
		"\u00ae": "E03",
		"\u2122": "E04",
		"\u2019": "E05",
		"\u2018": "E06",
		"\u2013": "E07",
		"\u2022": "E08",
		"\u2014": "E09",
		"\u00d7": "E10",
		"\u2212": "E11",
		"+": "E12",
		"\u0c10": "D03",
		"\u0c31": "D04",
		"\u0c20": "D05",
		"\u0c0a": "D07",
		"\u0c08": "D08",
		"\u0c14": "D09",
		"{": "D11",
		"}": "D12",
		"|": "D13",
		"\u0c06": "C01",
		"\u0c37": "C02",
		"\u0c22": "C03",
		":": "C10",
		"\"": "C11",
		"\u0c12": "B01",
		" ": "A03"
	},
	"ctrlL": {
		"`": "E00",
		"1": "E01",
		"2": "E02",
		"3": "E03",
		"4": "E04",
		"5": "E05",
		"6": "E06",
		"7": "E07",
		"8": "E08",
		"9": "E09",
		"0": "B00",
		"\u001f": "E11",
		"=": "E12",
		"\u0011": "D01",
		"\u0017": "D02",
		"\u0005": "D03",
		"\u0012": "D04",
		"\u0014": "D05",
		"\u0019": "D06",
		"\u0015": "D07",
		"\t": "D08",
		"\u000f": "D09",
		"\u0010": "D10",
		"\u001b": "D11",
		"\u001d": "D12",
		"\u001c": "D13",
		"\u0001": "C01",
		"\u0013": "C02",
		"\u0004": "C03",
		"\u0006": "C04",
		"\u0007": "C05",
		"\b": "C06",
		"\n": "C07",
		"\u000b": "C08",
		"\f": "C09",
		";": "C10",
		"'": "C11",
		"\u001a": "B01",
		"\u0018": "B02",
		"\u0003": "B03",
		"\u0016": "B04",
		"\u0002": "B05",
		"\u000e": "B06",
		"\r": "B07",
		",": "B08",
		".": "B09",
		"/": "B10",
		" ": "A03"
	}
}