{
	"lang": "Armenian-Western QWERTY (macOS)",
	"": {
		"\u055d": "B00",
		"\u0589": "E01",
		"\u0571": "E02",
		"\u0575": "E03",
		"\u055b": "E04",
		",": "E05",
		"-": "E06",
		".": "E07",
		"\u00ab": "E08",
		"\u00bb": "E09",
		"\u0585": "E10",
		"\u057c": "E11",
		"\u056a": "E12",
		"\u056d": "D01",
		"\u057e": "D02",
		"\u0567": "D03",
		"\u0580": "D04",
		"\u0564": "D05",
		"\u0565": "D06",
		"\u0568": "D07",
		"\u056b": "D08",
		"\u0578": "D09",
		"\u0562": "D10",
		"\u0579": "D11",
		"\u057b": "D12",
		"\u055a": "D13",
		"\u0561": "C01",
		"\u057d": "C02",
		"\u057f": "C03",
		"\u0586": "C04",
		"\u056f": "C05",
		"\u0570": "C06",
		"\u0573": "C07",
		"\u0584": "C08",
		"\u056c": "C09",
		"\u0569": "C10",
		"\u0583": "C11",
		"\u0566": "B01",
		"\u0581": "B02",
		"\u0563": "B03",
		"\u0582": "B04",
		"\u057a": "B05",
		"\u0576": "B06",
		"\u0574": "B07",
		"\u0577": "B08",
		"\u0572": "B09",
		"\u056e": "B10",
		" ": "A03"
	},
	"shift": {
		"\u055c": "B00",
		"\u2026": "E01",
		"\u0541": "E02",
		"\u0545": "E03",
		"\u2605": "E04",
		"\u2013": "E05",
		"\u2014": "E06",
		"\u0587": "E07",
		"(": "E08",
		")": "E09",
		"\u0555": "E10",
		"\u054c": "E11",
		"\u053a": "E12",
		"\u053d": "D01",
		"\u054e": "D02",
		"\u0537": "D03",
		"\u0550": "D04",
		"\u0534": "D05",
		"\u0535": "D06",
		"\u0538": "D07",
		"\u053b": "D08",
		"\u0548": "D09",
		"\u0532": "D10",
		"\u0549": "D11",
		"\u054b": "D12",
		"\u055e": "D13",
		"\u0531": "C01",
		"\u054d": "C02",
		"\u054f": "C03",
		"\u0556": "C04",
		"\u053f": "C05",
		"\u0540": "C06",
		"\u0543": "C07",
		"\u0554": "C08",
		"\u053c": "C09",
		"\u0539": "C10",
		"\u0553": "C11",
		"\u0536": "B01",
		"\u0551": "B02",
		"\u0533": "B03",
		"\u0552": "B04",
		"\u054a": "B05",
		"\u0546": "B06",
		"\u0544": "B07",
		"\u0547": "B08",
		"\u0542": "B09",
		"\u053e": "B10",
		" ": "A03"
	},
	"caps": {
		"\u055d": "B00",
		"\u0589": "E01",
		"\u0541": "E02",
		"\u0545": "E03",
		"\u055b": "E04",
		",": "E05",
		"-": "E06",
		".": "E07",
		"\u00ab": "E08",
		"\u00bb": "E09",
		"\u0555": "E10",
		"\u054c": "E11",
		"\u053a": "E12",
		"\u053d": "D01",
		"\u054e": "D02",
		"\u0537": "D03",
		"\u0550": "D04",
		"\u0534": "D05",
		"\u0535": "D06",
		"\u0538": "D07",
		"\u053b": "D08",
		"\u0548": "D09",
		"\u0532": "D10",
		"\u0549": "D11",
		"\u054b": "D12",
		"\u055a": "D13",
		"\u0531": "C01",
		"\u054d": "C02",
		"\u054f": "C03",
		"\u0556": "C04",
		"\u053f": "C05",
		"\u0540": "C06",
		"\u0543": "C07",
		"\u0554": "C08",
		"\u053c": "C09",
		"\u0539": "C10",
		"\u0553": "C11",
		"\u0536": "B01",
		"\u0551": "B02",
		"\u0533": "B03",
		"\u0552": "B04",
		"\u054a": "B05",
		"\u0546": "B06",
		"\u0544": "B07",
		"\u0547": "B08",
		"\u0542": "B09",
		"\u053e": "B10",
		" ": "A03"
	},
	"opt": {
		"`": "E00",
		"1": "E01",
		"2": "E02",
		"3": "E03",
		"4": "E04",
		"5": "E05",
		"6": "E06",
		"7": "E07",
		"8": "E08",
		"9": "E09",
		"0": "E10",
		"-": "E11",
		"=": "E12",
		"\u0587": "D02",
		"\u00a3": "D03",
		"\u00ae": "D04",
		"\u20ac": "D06",
		"\u2022": "D07",
		"\u2039": "D08",
		"\u203a": "D10",
		"[": "D11",
		"]": "D12",
		"\\": "D13",
		"\u00a7": "B00",
		"\u055d": "C02",
		"\u2122": "C03",
		"\u0192": "C04",
		"\u00a9": "C05",
		"\u2018": "C08",
		"\u2019": "C09",
		"\u00ab": "C10",
		"\u00bb": "C11",
		"\u055f": "B01",
		"\u058a": "B02",
		"\u055c": "B03",
		"\u00b6": "B05",
		"\u2116": "B06",
		"\u2605": "B07",
		"\u2264": "B08",
		"\u2265": "B09",
		"/": "B10",
		" ": "A03"
	},
	"opt+shift": {
		"~": "E00",
		"!": "E01",
		"@": "E02",
		"#": "E03",
		"$": "E04",
		"%": "E05",
		"^": "E06",
		"&": "E07",
		"*": "E08",
		"(": "E09",
		")": "E10",
		"\u2014": "E11",
		"+": "E12",
		"\u0587": "D02",
		"\u00a2": "D04",
		"\u00a5": "D05",
		"\u2020": "D06",
		"\u00b0": "D07",
		"<": "D08",
		"\u055a": "D09",
		">": "D10",
		"{": "D11",
		"}": "D12",
		"|": "D13",
		"\u201e": "C07",
		"\u201c": "C08",
		"\u201d": "C09",
		"\u2039": "C10",
		"\u203a": "C11",
		"\u00b1": "B08",
		"\u00f7": "B07",
		"\u2260": "B09",
		"?": "B10",
		" ": "A03"
	},
	"ctrlL": {
		"`": "E00",
		"1": "E01",
		"2": "E02",
		"3": "E03",
		"4": "E04",
		"5": "E05",
		"6": "E06",
		"7": "E07",
		"8": "E08",
		"9": "E09",
		"0": "B00",
		"\u001f": "E11",
		"=": "E12",
		"\u0011": "D01",
		"\u0017": "D02",
		"\u0005": "D03",
		"\u0012": "D04",
		"\u0014": "D05",
		"\u0019": "D06",
		"\u0015": "D07",
		"\t": "D08",
		"\u000f": "D09",
		"\u0010": "D10",
		"\u001b": "D11",
		"\u001d": "D12",
		"\u001c": "D13",
		"\u0001": "C01",
		"\u0013": "C02",
		"\u0004": "C03",
		"\u0006": "C04",
		"\u0007": "C05",
		"\b": "C06",
		"\n": "C07",
		"\u000b": "C08",
		"\f": "C09",
		";": "C10",
		"'": "C11",
		"\u001a": "B01",
		"\u0018": "B02",
		"\u0003": "B03",
		"\u0016": "B04",
		"\u0002": "B05",
		"\u000e": "B06",
		"\r": "B07",
		",": "B08",
		".": "B09",
		"/": "B10",
		" ": "A03"
	},
	"cmd": {
		"`": "E00",
		"1": "E01",
		"2": "E02",
		"3": "E03",
		"4": "E04",
		"5": "E05",
		"6": "E06",
		"7": "E07",
		"8": "E08",
		"9": "E09",
		"0": "E10",
		"-": "E11",
		"=": "E12",
		"q": "D01",
		"w": "D02",
		"e": "D03",
		"r": "D04",
		"t": "D05",
		"y": "D06",
		"u": "D07",
		"i": "D08",
		"o": "D09",
		"p": "D10",
		"[": "D11",
		"]": "D12",
		"\\": "D13",
		"a": "C01",
		"s": "C02",
		"d": "C03",
		"f": "C04",
		"g": "C05",
		"h": "C06",
		"j": "C07",
		"k": "C08",
		"l": "C09",
		";": "C10",
		"'": "C11",
		"\u00a7": "B00",
		"z": "B01",
		"x": "B02",
		"c": "B03",
		"v": "B04",
		"b": "B05",
		"n": "B06",
		"m": "B07",
		",": "B08",
		".": "B09",
		"/": "B10",
		" ": "A03"
	},
	"cmd+shift": {
		"~": "E00",
		"1": "E01",
		"2": "E02",
		"3": "E03",
		"4": "E04",
		"5": "E05",
		"6": "E06",
		"7": "E07",
		"8": "E08",
		"9": "E09",
		"0": "E10",
		"-": "E11",
		"=": "E12",
		"Q": "D01",
		"W": "D02",
		"E": "D03",
		"R": "D04",
		"T": "D05",
		"Y": "D06",
		"U": "D07",
		"I": "D08",
		"O": "D09",
		"P": "D10",
		"{": "D11",
		"}": "D12",
		"|": "D13",
		"A": "C01",
		"S": "C02",
		"D": "C03",
		"F": "C04",
		"G": "C05",
		"H": "C06",
		"J": "C07",
		"K": "C08",
		"L": "C09",
		":": "C10",
		"\"": "C11",
		"\u00a7": "B00",
		"Z": "B01",
		"X": "B02",
		"C": "B03",
		"V": "B04",
		"B": "B05",
		"N": "B06",
		"M": "B07",
		"<": "B08",
		">": "B09",
		"?": "B10",
		" ": "A03"
	},
	"cmd+caps": {
		"~": "E00",
		"!": "E01",
		"@": "E02",
		"#": "E03",
		"$": "E04",
		"%": "E05",
		"^": "E06",
		"&": "E07",
		"*": "E08",
		"(": "E09",
		")": "E10",
		"_": "E11",
		"+": "E12",
		"Q": "D01",
		"W": "D02",
		"E": "D03",
		"R": "D04",
		"T": "D05",
		"Y": "D06",
		"U": "D07",
		"I": "D08",
		"O": "D09",
		"P": "D10",
		"{": "D11",
		"}": "D12",
		"|": "D13",
		"A": "C01",
		"S": "C02",
		"D": "C03",
		"F": "C04",
		"G": "C05",
		"H": "C06",
		"J": "C07",
		"K": "C08",
		"L": "C09",
		":": "C10",
		"\"": "C11",
		"Z": "B01",
		"X": "B02",
		"C": "B03",
		"V": "B04",
		"B": "B05",
		"N": "B06",
		"M": "B07",
		"<": "B08",
		">": "B09",
		"?": "B10",
		" ": "A03"
	}
}