{
	"lang": "Polish Pro (macOS)",
	"": {
		"`": "E00",
		"1": "E01",
		"2": "E02",
		"3": "E03",
		"4": "E04",
		"5": "E05",
		"6": "E06",
		"7": "E07",
		"8": "E08",
		"9": "E09",
		"0": "E10",
		"-": "E11",
		"=": "E12",
		"q": "D01",
		"w": "D02",
		"e": "D03",
		"r": "D04",
		"t": "D05",
		"y": "D06",
		"u": "D07",
		"i": "D08",
		"o": "D09",
		"p": "D10",
		"[": "D11",
		"]": "D12",
		"\\": "D13",
		"a": "C01",
		"s": "C02",
		"d": "C03",
		"f": "C04",
		"g": "C05",
		"h": "C06",
		"j": "C07",
		"k": "C08",
		"l": "C09",
		";": "C10",
		"'": "C11",
		"\u00a7": "B00",
		"z": "B01",
		"x": "B02",
		"c": "B03",
		"v": "B04",
		"b": "B05",
		"n": "B06",
		"m": "B07",
		",": "B08",
		".": "B09",
		"/": "B10",
		" ": "A03"
	},
	"shift": {
		"~": "E00",
		"!": "E01",
		"@": "E02",
		"#": "E03",
		"$": "E04",
		"%": "E05",
		"^": "E06",
		"&": "E07",
		"*": "E08",
		"(": "E09",
		")": "E10",
		"_": "E11",
		"+": "E12",
		"Q": "D01",
		"W": "D02",
		"E": "D03",
		"R": "D04",
		"T": "D05",
		"Y": "D06",
		"U": "D07",
		"I": "D08",
		"O": "D09",
		"P": "D10",
		"{": "D11",
		"}": "D12",
		"|": "D13",
		"A": "C01",
		"S": "C02",
		"D": "C03",
		"F": "C04",
		"G": "C05",
		"H": "C06",
		"J": "C07",
		"K": "C08",
		"L": "C09",
		":": "C10",
		"\"": "C11",
		"\u00a3": "B00",
		"Z": "B01",
		"X": "B02",
		"C": "B03",
		"V": "B04",
		"B": "B05",
		"N": "B06",
		"M": "B07",
		"<": "B08",
		">": "B09",
		"?": "B10",
		" ": "A03"
	},
	"caps": {
		"`": "E00",
		"1": "E01",
		"2": "E02",
		"3": "E03",
		"4": "E04",
		"5": "E05",
		"6": "E06",
		"7": "E07",
		"8": "E08",
		"9": "E09",
		"0": "E10",
		"-": "E11",
		"=": "E12",
		"Q": "D01",
		"W": "D02",
		"E": "D03",
		"R": "D04",
		"T": "D05",
		"Y": "D06",
		"U": "D07",
		"I": "D08",
		"O": "D09",
		"P": "D10",
		"[": "D11",
		"]": "D12",
		"\\": "D13",
		"A": "C01",
		"S": "C02",
		"D": "C03",
		"F": "C04",
		"G": "C05",
		"H": "C06",
		"J": "C07",
		"K": "C08",
		"L": "C09",
		";": "C10",
		"'": "C11",
		"\u00a3": "B00",
		"Z": "B01",
		"X": "B02",
		"C": "B03",
		"V": "B04",
		"B": "B05",
		"N": "B06",
		"M": "B07",
		",": "B08",
		".": "B09",
		"/": "B10",
		" ": "A03"
	},
	"opt": {
		"`": "E00",
		"\u0143": "E01",
		"\u2122": "E02",
		"\u20ac": "E03",
		"\u00df": "E04",
		"\u012f": "E05",
		"\u00a7": "E06",
		"\u00b6": "E07",
		"\u2022": "E08",
		"\u013d": "E09",
		"\u013e": "E10",
		"\u2013": "E11",
		"\u2260": "E12",
		"\u014c": "D01",
		"\u2211": "D02",
		"\u0119": "D03",
		"\u00ae": "D04",
		"\u2020": "D05",
		"\u012b": "D06",
		"\u00a8": "D07",
		"^": "D08",
		"\u00f3": "D09",
		"\u013b": "D10",
		"\u201e": "D11",
		"\u201a": "D12",
		"\u00ab": "D13",
		"\u0105": "C01",
		"\u015b": "C02",
		"\u2202": "C03",
		"\u0144": "B06",
		"\u00a9": "C05",
		"\u0137": "C06",
		"\u2206": "C07",
		"\u017b": "C08",
		"\u0142": "C09",
		"\u2026": "C10",
		"\u013a": "C11",
		"\u00ac": "B00",
		"\u017c": "B01",
		"\u017a": "B02",
		"\u0107": "B03",
		"\u221a": "B04",
		"\u013c": "B05",
		"\u0136": "B07",
		"\u2264": "B08",
		"\u2265": "B09",
		"\u00f7": "B10",
		"\u00a0": "A03"
	},
	"opt+shift": {
		"\u0154": "E00",
		"\u0155": "E01",
		"\u0158": "E02",
		"\u2039": "E03",
		"\u203a": "E04",
		"\u0159": "E05",
		"\u0156": "E06",
		"\u0157": "E07",
		"\u00b0": "E08",
		"\u0160": "E09",
		"\u201a": "E10",
		"\u2014": "E11",
		"\u012a": "E12",
		"\u0151": "D01",
		"\u201e": "D02",
		"\u0118": "D03",
		"\u00a3": "D04",
		"\u015b": "D05",
		"\u00c1": "D06",
		"\u0164": "D07",
		"\u0165": "D08",
		"\u00d3": "C06",
		"\u0142": "D10",
		"\u201d": "D11",
		"\u2019": "D12",
		"\u00bb": "D13",
		"\u0104": "C01",
		"\u015a": "C02",
		"\u017d": "C03",
		"\u017e": "C04",
		"\u016a": "C05",
		"\u00d4": "C07",
		"\u016b": "C08",
		"\u0141": "C09",
		"\u00da": "C10",
		"\u0123": "C11",
		"\u00ac": "B00",
		"\u017b": "B01",
		"\u0179": "B02",
		"\u0106": "B03",
		"\u25ca": "B04",
		"\u0171": "B05",
		"\u0143": "B06",
		"\u0173": "B07",
		"\u00dd": "B08",
		"\u00fd": "B09",
		"\u0146": "B10",
		"\u00a0": "A03"
	},
	"opt+caps": {
		"`": "E00",
		"\u0143": "B06",
		"\u2122": "E02",
		"\u00a3": "E03",
		"\u0118": "D03",
		"\u012f": "E05",
		"\u00a7": "E06",
		"\u00b6": "E07",
		"\u2022": "E08",
		"\u013d": "E09",
		"\u013e": "E10",
		"\u2013": "E11",
		"\u2260": "E12",
		"\u0151": "D01",
		"\u201e": "D02",
		"\u015a": "C02",
		"\u015b": "D05",
		"\u00c1": "D06",
		"\u0164": "D07",
		"\u0165": "D08",
		"\u00d3": "C06",
		"\u0142": "D10",
		"\u201c": "D11",
		"\u2018": "D12",
		"\u00ab": "D13",
		"\u0104": "C01",
		"\u017d": "C03",
		"\u017e": "C04",
		"\u016a": "C05",
		"\u00d4": "C07",
		"\u016b": "C08",
		"\u0141": "C09",
		"\u2026": "C10",
		"\u0123": "C11",
		"\u00ac": "B00",
		"\u017b": "B01",
		"\u0179": "B02",
		"\u0106": "B03",
		"\u25ca": "B04",
		"\u0171": "B05",
		"\u0173": "B07",
		"\u2264": "B08",
		"\u2265": "B09",
		"\u00f7": "B10",
		"\u00a0": "A03"
	},
	"ctrl": {
		"`": "E00",
		"1": "E01",
		"2": "E02",
		"3": "E03",
		"4": "E04",
		"5": "E05",
		"6": "E06",
		"7": "E07",
		"8": "E08",
		"9": "E09",
		"0": "B00",
		"\u001f": "E11",
		"=": "E12",
		"\u0011": "D01",
		"\u0017": "D02",
		"\u0005": "D03",
		"\u0012": "D04",
		"\u0014": "D05",
		"\u0019": "D06",
		"\u0015": "D07",
		"\t": "D08",
		"\u000f": "D09",
		"\u0010": "D10",
		"\u001b": "D11",
		"\u001d": "D12",
		"\u001c": "D13",
		"\u0001": "C01",
		"\u0013": "C02",
		"\u0004": "C03",
		"\u0006": "C04",
		"\u0007": "C05",
		"\b": "C06",
		"\n": "C07",
		"\u000b": "C08",
		"\f": "C09",
		";": "C10",
		"'": "C11",
		"\u001a": "B01",
		"\u0018": "B02",
		"\u0003": "B03",
		"\u0016": "B04",
		"\u0002": "B05",
		"\u000e": "B06",
		"\r": "B07",
		",": "B08",
		".": "B09",
		"/": "B10",
		" ": "A03"
	},
	"cmd+opt": {
		"`": "E00",
		"\u0143": "E01",
		"\u2122": "E02",
		"\u00a3": "E03",
		"\u0118": "E04",
		"\u012f": "E05",
		"\u00a7": "B00",
		"\u00b6": "E07",
		"\u2022": "E08",
		"\u013d": "E09",
		"\u013e": "E10",
		"\u2013": "E11",
		"\u2260": "E12",
		"\u014c": "D01",
		"\u2211": "D02",
		"\u0119": "D03",
		"\u00ae": "D04",
		"\u2020": "D05",
		"\u012b": "D06",
		"\u00a8": "D07",
		"^": "D08",
		"\u0145": "D09",
		"\u013b": "D10",
		"\u201c": "D11",
		"\u2018": "D12",
		"\u00ab": "D13",
		"\u0106": "C01",
		"\u00df": "C02",
		"\u2202": "C03",
		"\u0144": "C04",
		"\u00a9": "C05",
		"\u0137": "C06",
		"\u2206": "C07",
		"\u017b": "C08",
		"\u00ac": "C09",
		"\u2026": "C10",
		"\u013a": "C11",
		"\u0139": "B01",
		"\u0147": "B02",
		"\u0107": "B03",
		"\u221a": "B04",
		"\u013c": "B05",
		"~": "B06",
		"\u0136": "B07",
		"\u2264": "B08",
		"\u2265": "B09",
		"\u00f7": "B10",
		"\u00a0": "A03"
	}
}