{
	"lang": "Afghan Dari (macOS)",
	"": {
		"\u200d": "B00",
		"\u06f1": "E01",
		"\u06f2": "E02",
		"\u06f3": "E03",
		"\u06f4": "E04",
		"\u06f5": "E05",
		"\u06f6": "E06",
		"\u06f7": "E07",
		"\u06f8": "E08",
		"\u06f9": "E09",
		"\u06f0": "E10",
		"-": "E11",
		"=": "E12",
		"\u0636": "D01",
		"\u0635": "D02",
		"\u062b": "D03",
		"\u0642": "D04",
		"\u0641": "D05",
		"\u063a": "D06",
		"\u0639": "D07",
		"\u0647": "D08",
		"\u062e": "D09",
		"\u062d": "D10",
		"\u062c": "D11",
		"\u0686": "D12",
		"\\": "D13",
		"\u0634": "C01",
		"\u0633": "C02",
		"\u06cc": "C03",
		"\u0628": "C04",
		"\u0644": "C05",
		"\u0627": "C06",
		"\u062a": "C07",
		"\u0646": "C08",
		"\u0645": "C09",
		"\u06a9": "C10",
		"\u06af": "C11",
		"\u0638": "B01",
		"\u0637": "B02",
		"\u0632": "B03",
		"\u0631": "B04",
		"\u0630": "B05",
		"\u062f": "B06",
		"\u067e": "B07",
		"\u0648": "B08",
		".": "B09",
		"/": "B10",
		" ": "A03"
	},
	"shift": {
		"\u00f7": "B00",
		"!": "E01",
		"\u066c": "E02",
		"\u066b": "E03",
		"\u060b": "E04",
		"\u066a": "E05",
		"\u00d7": "E06",
		"\u060c": "E07",
		"*": "E08",
		")": "E09",
		"(": "E10",
		"\u0640": "E11",
		"+": "E12",
		"\u0652": "D01",
		"\u064c": "D02",
		"\u064d": "D03",
		"\u064b": "D04",
		"\u064f": "D05",
		"\u0650": "D06",
		"\u064e": "D07",
		"\u0651": "D08",
		"]": "D09",
		"[": "D10",
		"}": "D11",
		"{": "D12",
		"|": "D13",
		"\u0624": "C01",
		"\u0626": "C02",
		"\u064a": "C03",
		"\u0625": "C04",
		"\u0623": "C05",
		"\u0622": "C06",
		"\u0629": "C07",
		"\u00ab": "C08",
		"\u00bb": "C09",
		":": "C10",
		"\u061b": "C11",
		"\u0643": "B01",
		"\u0653": "B02",
		"\u0698": "B03",
		"\u0670": "B04",
		"\u200c": "A03",
		"\u0654": "B06",
		"\u0621": "B07",
		"<": "B08",
		">": "B09",
		"\u061f": "B10"
	},
	"opt": {
		"~": "B00",
		"`": "E01",
		"@": "E02",
		"#": "E03",
		"$": "E04",
		"%": "E05",
		"^": "E06",
		"&": "E07",
		"\u2022": "E08",
		"\u200e": "E09",
		"\u200f": "E10",
		"_": "E11",
		"\u00b0": "D01",
		"\u20ac": "D03",
		"\ufd3f": "D04",
		"\ufd3e": "D05",
		"\u0656": "D06",
		"\u0659": "D07",
		"\u0655": "D08",
		"'": "D09",
		"\"": "D10",
		"\u0681": "D11",
		"\u0685": "D12",
		"?": "D13",
		"\u069a": "C01",
		"\u06cd": "C02",
		"\u0649": "C03",
		"\u06d0": "C04",
		"\u06b7": "C05",
		"\u0671": "C06",
		"\u067c": "C07",
		"\u06bc": "C08",
		"\u06ba": "C09",
		";": "C10",
		"\u06ab": "C11",
		"\u06d2": "B01",
		"\u0691": "B02",
		"\u0696": "B03",
		"\u0693": "B04",
		"\u0688": "B05",
		"\u0689": "B06",
		"\u0679": "B07",
		",": "B08",
		"\u06c7": "B09",
		"\u06c9": "B10",
		"\u00a0": "A03"
	},
	"ctrlL": {
		"`": "E00",
		"\u06f1": "E01",
		"\u06f2": "E02",
		"\u06f3": "E03",
		"\u06f4": "E04",
		"\u06f5": "E05",
		"\u06f6": "E06",
		"\u06f7": "E07",
		"\u06f8": "E08",
		"\u06f9": "E09",
		"\u06f0": "E10",
		"\u001f": "E11",
		"=": "E12",
		"\u0011": "D01",
		"\u0017": "D02",
		"\u0005": "D03",
		"\u0012": "D04",
		"\u0014": "D05",
		"\u0019": "D06",
		"\u0015": "D07",
		"\t": "D08",
		"\u000f": "D09",
		"\u0010": "D10",
		"\u001b": "D11",
		"\u001d": "D12",
		"\u001c": "D13",
		"\u0001": "C01",
		"\u0013": "C02",
		"\u0004": "C03",
		"\u0006": "C04",
		"\u0007": "C05",
		"\b": "C06",
		"\n": "C07",
		"\u000b": "C08",
		"\f": "C09",
		";": "C10",
		"'": "C11",
		"0": "B00",
		"\u001a": "B01",
		"\u0018": "B02",
		"\u0003": "B03",
		"\u0016": "B04",
		"\u0002": "B05",
		"\u000e": "B06",
		"\r": "B07",
		",": "B08",
		".": "B09",
		"/": "B10",
		" ": "A03"
	},
	"cmd": {
		"`": "E00",
		"1": "E01",
		"2": "E02",
		"3": "E03",
		"4": "E04",
		"5": "E05",
		"6": "E06",
		"7": "E07",
		"8": "E08",
		"9": "E09",
		"0": "E10",
		"-": "E11",
		"=": "E12",
		"q": "D01",
		"w": "D02",
		"e": "D03",
		"r": "D04",
		"t": "D05",
		"y": "D06",
		"u": "D07",
		"i": "D08",
		"o": "D09",
		"p": "D10",
		"[": "D11",
		"]": "D12",
		"\\": "D13",
		"a": "C01",
		"s": "C02",
		"d": "C03",
		"f": "C04",
		"g": "C05",
		"h": "C06",
		"j": "C07",
		"k": "C08",
		"l": "C09",
		";": "C10",
		"'": "C11",
		"z": "B01",
		"x": "B02",
		"c": "B03",
		"v": "B04",
		"b": "B05",
		"n": "B06",
		"m": "B07",
		",": "B08",
		".": "B09",
		"/": "B10",
		" ": "A03"
	},
	"cmd+shift": {
		"~": "E00",
		"!": "E01",
		"@": "E02",
		"#": "E03",
		"$": "E04",
		"%": "E05",
		"^": "E06",
		"&": "E07",
		"*": "E08",
		"(": "E09",
		")": "E10",
		"_": "E11",
		"+": "E12",
		"Q": "D01",
		"W": "D02",
		"E": "D03",
		"R": "D04",
		"T": "D05",
		"Y": "D06",
		"U": "D07",
		"I": "D08",
		"O": "D09",
		"P": "D10",
		"{": "D11",
		"}": "D12",
		"|": "D13",
		"A": "C01",
		"S": "C02",
		"D": "C03",
		"F": "C04",
		"G": "C05",
		"H": "C06",
		"J": "C07",
		"K": "C08",
		"L": "C09",
		":": "C10",
		"\"": "C11",
		"Z": "B01",
		"X": "B02",
		"C": "B03",
		"V": "B04",
		"B": "B05",
		"N": "B06",
		"M": "B07",
		"<": "B08",
		">": "B09",
		"?": "B10",
		" ": "A03"
	}
}