{
	"lang": "Persian (macOS)",
	"": {
		"\u067e": "B00",
		"\u06f1": "E01",
		"\u06f2": "E02",
		"\u06f3": "E03",
		"\u06f4": "E04",
		"\u06f5": "E05",
		"\u06f6": "E06",
		"\u06f7": "E07",
		"\u06f8": "E08",
		"\u06f9": "E09",
		"\u06f0": "E10",
		"-": "E11",
		"=": "E12",
		"\u0636": "D01",
		"\u0635": "D02",
		"\u062b": "D03",
		"\u0642": "D04",
		"\u0641": "D05",
		"\u063a": "D06",
		"\u0639": "D07",
		"\u0647": "D08",
		"\u062e": "D09",
		"\u062d": "D10",
		"\u062c": "D11",
		"\u0686": "D12",
		"\\": "D13",
		"\u0634": "C01",
		"\u0633": "C02",
		"\u06cc": "C03",
		"\u0628": "C04",
		"\u0644": "C05",
		"\u0627": "C06",
		"\u062a": "C07",
		"\u0646": "C08",
		"\u0645": "C09",
		"\u06a9": "C10",
		"\u06af": "C11",
		"\u0638": "B01",
		"\u0637": "B02",
		"\u0630": "B03",
		"\u062f": "B04",
		"\u0632": "B05",
		"\u0631": "B06",
		"\u0648": "B07",
		"\u060c": "B08",
		".": "B09",
		"\u0698": "B10",
		" ": "A03"
	},
	"shift": {
		"/": "B00",
		"!": "E01",
		"\u274a": "E02",
		"#": "E03",
		"$": "E04",
		"\u066a": "E05",
		"^": "E06",
		"&": "E07",
		"*": "E08",
		")": "E09",
		"(": "E10",
		"\u0640": "E11",
		"+": "E12",
		"\u064e": "D01",
		"\u064b": "D02",
		"\u0650": "D03",
		"\u064d": "D04",
		"\u064f": "D05",
		"\u064c": "D06",
		"\u0651": "D07",
		"\u00f7": "D08",
		"]": "D09",
		"[": "D10",
		"}": "D11",
		"{": "D12",
		"|": "D13",
		"\u00ab": "C01",
		"\u00bb": "C02",
		"\u064a": "C03",
		"\u0622": "C06",
		":": "C10",
		"\u061b": "C11",
		"'": "B01",
		"\u0626": "B03",
		"\u0621": "B04",
		"\u0623": "B06",
		"\u0624": "B07",
		">": "B08",
		"<": "B09",
		"\u061f": "B10",
		"\u200c": "A03"
	},
	"opt": {
		"\u06f1": "E01",
		"\u06f2": "E02",
		"\u06f3": "E03",
		"\u06f4": "E04",
		"\u06f5": "E05",
		"\u06f6": "E06",
		"\u06f7": "E07",
		"\u06f8": "E08",
		"\u06f9": "E09",
		"\u06f0": "E10",
		"_": "E11",
		"=": "E12",
		"\u064d": "D04",
		"\u06a4": "D05",
		"\u06d5": "D07",
		"+": "D10",
		"*": "D11",
		"\u0629": "D12",
		"\u06d2": "C02",
		"\u0649": "C03",
		"\u0679": "C07",
		"\u06ba": "C08",
		"\u0643": "C10",
		"\u2026": "C11",
		"\u0003": "B00",
		"\u0691": "B03",
		"\u0688": "B04",
		"\u0698": "B05",
		"\u0625": "B06",
		"\u0624": "B07",
		",": "B08",
		".": "B09",
		"\u00f7": "B10",
		"\u00a0": "A03"
	},
	"ctrlL": {
		"`": "E00",
		"\u06f1": "E01",
		"\u06f2": "E02",
		"\u06f3": "E03",
		"\u06f4": "E04",
		"\u06f5": "E05",
		"\u06f6": "E06",
		"\u06f7": "E07",
		"\u06f8": "E08",
		"\u06f9": "E09",
		"\u06f0": "E10",
		"\u001f": "E11",
		"=": "E12",
		"\u0011": "D01",
		"\u0017": "D02",
		"\u0005": "D03",
		"\u0012": "D04",
		"\u0014": "D05",
		"\u0019": "D06",
		"\u0015": "D07",
		"\t": "D08",
		"\u000f": "D09",
		"\u0010": "D10",
		"\u001b": "D11",
		"\u001d": "D12",
		"\u001c": "D13",
		"\u0001": "C01",
		"\u0013": "C02",
		"\u0004": "C03",
		"\u0006": "C04",
		"\u0007": "C05",
		"\b": "C06",
		"\n": "C07",
		"\u000b": "C08",
		"\f": "C09",
		";": "C10",
		"'": "C11",
		"0": "B00",
		"\u001a": "B01",
		"\u0018": "B02",
		"\u0003": "B03",
		"\u0016": "B04",
		"\u0002": "B05",
		"\u000e": "B06",
		"\r": "B07",
		",": "B08",
		".": "B09",
		"/": "B10",
		" ": "A03"
	},
	"cmd": {
		"`": "E00",
		"1": "E01",
		"2": "E02",
		"3": "E03",
		"4": "E04",
		"5": "E05",
		"6": "E06",
		"7": "E07",
		"8": "E08",
		"9": "E09",
		"0": "E10",
		"-": "E11",
		"=": "E12",
		"q": "D01",
		"w": "D02",
		"e": "D03",
		"r": "D04",
		"t": "D05",
		"y": "D06",
		"u": "D07",
		"i": "D08",
		"o": "D09",
		"p": "D10",
		"[": "D11",
		"]": "D12",
		"\\": "D13",
		"a": "C01",
		"s": "C02",
		"d": "C03",
		"f": "C04",
		"g": "C05",
		"h": "C06",
		"j": "C07",
		"k": "C08",
		"l": "C09",
		";": "C10",
		"'": "C11",
		"z": "B01",
		"x": "B02",
		"c": "B03",
		"v": "B04",
		"b": "B05",
		"n": "B06",
		"m": "B07",
		",": "B08",
		".": "B09",
		"/": "B10",
		" ": "A03"
	},
	"cmd+caps": {
		"`": "E00",
		"1": "E01",
		"2": "E02",
		"3": "E03",
		"4": "E04",
		"5": "E05",
		"6": "E06",
		"7": "E07",
		"8": "E08",
		"9": "E09",
		"0": "E10",
		"-": "E11",
		"=": "E12",
		"Q": "D01",
		"W": "D02",
		"E": "D03",
		"R": "D04",
		"T": "D05",
		"Y": "D06",
		"U": "D07",
		"I": "D08",
		"O": "D09",
		"P": "D10",
		"[": "D11",
		"]": "D12",
		"\\": "D13",
		"A": "C01",
		"S": "C02",
		"D": "C03",
		"F": "C04",
		"G": "C05",
		"H": "C06",
		"J": "C07",
		"K": "C08",
		"L": "C09",
		";": "C10",
		"'": "C11",
		"Z": "B01",
		"X": "B02",
		"C": "B03",
		"V": "B04",
		"B": "B05",
		"N": "B06",
		"M": "B07",
		",": "B08",
		".": "B09",
		"/": "B10",
		" ": "A03"
	},
	"cmd+opt": {
		"`": "E00",
		"\u0621": "E01",
		"*": "E02",
		"#": "E03",
		"\"": "E04",
		"\u06f0": "E05",
		"$": "E06",
		"&": "E07",
		"\u066a": "E08",
		"\u061b": "E09",
		"<": "E10",
		"\u0630": "E11",
		"-": "E12",
		"\u062f": "D01",
		"\u06f7": "D02",
		"+": "D03",
		"(": "D04",
		" ": "D05",
		"\u06f4": "D06",
		"\u060c": "D07",
		"^": "D08",
		"\u061f": "D09",
		"\u06f9": "D10",
		"\u0632": "D11",
		"\u0634": "D12",
		"\u0627": "D13",
		"\u00ab": "C01",
		"'": "C02",
		"\u06f6": "C03",
		"\u0624": "C04",
		")": "C05",
		"\u0691": "C06",
		"\u0626": "C07",
		"{": "C08",
		"\u0622": "C09",
		"\u0629": "C10",
		">": "C11",
		"=": "B01",
		"\u0625": "B02",
		"\u00e7": "B03",
		"\u0623": "B04",
		":": "B05",
		"~": "B06",
		"\u06f5": "B07",
		"\u06f2": "B08",
		"\u06f3": "B09",
		"\u0636": "B10",
		"\u062a": "A03"
	},
	"cmd+opt+shift": {
		"\u0639": "E00",
		"\u063a": "E01",
		"[": "E02",
		"\\": "E03",
		"]": "E04",
		"^": "E05",
		"_": "E06",
		"\u0640": "E07",
		"!": "E08",
		"\u0641": "E09",
		"\u0642": "E10",
		"\u0631": "E11",
		"\u06f1": "E12",
		"\u062e": "D01",
		"\u06a9": "D02",
		"\u0644": "D03",
		"\u0645": "D04",
		"\u0646": "D05",
		"\u0647": "D06",
		"\u0648": "D07",
		"\u0649": "D08",
		"/": "D09",
		"\u06f8": "D10",
		"\u0633": "D11",
		"\u0635": "D12",
		"\u0628": "D13",
		"\u00a0": "C01",
		"\u064a": "C02",
		"\u064b": "C03",
		"\u064c": "C04",
		"\u064d": "C05",
		"\u064e": "C06",
		"\u064f": "C07",
		"\u0650": "C08",
		"\u0651": "C09",
		"\u0652": "C10",
		".": "C11",
		"\u067e": "B01",
		"\u0679": "B02",
		"\u00c7": "B03",
		"\u0637": "B04",
		"\u0686": "B05",
		"\u06d5": "B06",
		"\u06a4": "B07",
		"\u06af": "B08",
		"\u0688": "B09",
		"\u274a": "B10",
		"\u062a": "A03"
	},
	"cmd+opt+caps": {
		"`": "E00",
		"\u0621": "E01",
		"*": "E02",
		"#": "E03",
		"\"": "E04",
		"\u06f0": "E05",
		"$": "E06",
		"&": "E07",
		"\u066a": "E08",
		"\u061b": "E09",
		"<": "E10",
		"\u0630": "E11",
		"-": "E12",
		"\u062e": "D01",
		"\u06a9": "D02",
		"\u0644": "D03",
		"\u0645": "D04",
		"\u0646": "D05",
		"\u0647": "D06",
		"\u0648": "D07",
		"\u0649": "D08",
		"/": "D09",
		"\u06f8": "D10",
		"\u0632": "D11",
		"\u0634": "D12",
		"\u0627": "D13",
		"\u00a0": "C01",
		"\u064a": "C02",
		"\u064b": "C03",
		"\u064c": "C04",
		"\u064d": "C05",
		"\u064e": "C06",
		"\u064f": "C07",
		"\u0650": "C08",
		"\u0651": "C09",
		"\u0629": "C10",
		".": "C11",
		"\u067e": "B01",
		"\u0679": "B02",
		"\u00c7": "B03",
		"\u0637": "B04",
		"\u0686": "B05",
		"\u06d5": "B06",
		"\u06a4": "B07",
		"\u06f2": "B08",
		"\u06f3": "B09",
		"\u0636": "B10",
		"\u062a": "A03"
	}
}