{
	"lang": "German (macOS)",
	"": {
		"<": "E00",
		"1": "E01",
		"2": "E02",
		"3": "E03",
		"4": "E04",
		"5": "E05",
		"6": "E06",
		"7": "E07",
		"8": "E08",
		"9": "E09",
		"0": "E10",
		"\u00df": "E11",
		"\u00b4": "E12",
		"q": "D01",
		"w": "D02",
		"e": "D03",
		"r": "D04",
		"t": "D05",
		"z": "D06",
		"u": "D07",
		"i": "D08",
		"o": "D09",
		"p": "D10",
		"\u00fc": "D11",
		"+": "D12",
		"#": "D13",
		"a": "C01",
		"s": "C02",
		"d": "C03",
		"f": "C04",
		"g": "C05",
		"h": "C06",
		"j": "C07",
		"k": "C08",
		"l": "C09",
		"\u00f6": "C10",
		"\u00e4": "C11",
		"^": "B00",
		"y": "B01",
		"x": "B02",
		"c": "B03",
		"v": "B04",
		"b": "B05",
		"n": "B06",
		"m": "B07",
		",": "B08",
		".": "B09",
		"-": "B10",
		" ": "A03"
	},
	"shift": {
		">": "E00",
		"!": "E01",
		"\"": "E02",
		"\u00a7": "E03",
		"$": "E04",
		"%": "E05",
		"&": "E06",
		"/": "E07",
		"(": "E08",
		")": "E09",
		"=": "E10",
		"?": "E11",
		"`": "E12",
		"Q": "D01",
		"W": "D02",
		"E": "D03",
		"R": "D04",
		"T": "D05",
		"Z": "D06",
		"U": "D07",
		"I": "D08",
		"O": "D09",
		"P": "D10",
		"\u00dc": "D11",
		"*": "D12",
		"'": "D13",
		"A": "C01",
		"S": "C02",
		"D": "C03",
		"F": "C04",
		"G": "C05",
		"H": "C06",
		"J": "C07",
		"K": "C08",
		"L": "C09",
		"\u00d6": "C10",
		"\u00c4": "C11",
		"\u00b0": "B00",
		"Y": "B01",
		"X": "B02",
		"C": "B03",
		"V": "B04",
		"B": "B05",
		"N": "B06",
		"M": "B07",
		";": "B08",
		":": "B09",
		"_": "B10",
		" ": "A03"
	},
	"caps": {
		"<": "E00",
		"1": "E01",
		"2": "E02",
		"3": "E03",
		"4": "E04",
		"5": "E05",
		"6": "E06",
		"7": "E07",
		"8": "E08",
		"9": "E09",
		"0": "E10",
		"\u00df": "E11",
		"\u00b4": "E12",
		"Q": "D01",
		"W": "D02",
		"E": "D03",
		"R": "D04",
		"T": "D05",
		"Z": "D06",
		"U": "D07",
		"I": "D08",
		"O": "D09",
		"P": "D10",
		"\u00dc": "D11",
		"+": "D12",
		"#": "D13",
		"A": "C01",
		"S": "C02",
		"D": "C03",
		"F": "C04",
		"G": "C05",
		"H": "C06",
		"J": "C07",
		"K": "C08",
		"L": "C09",
		"\u00d6": "C10",
		"\u00c4": "C11",
		"^": "B00",
		"Y": "B01",
		"X": "B02",
		"C": "B03",
		"V": "B04",
		"B": "B05",
		"N": "B06",
		"M": "B07",
		",": "B08",
		".": "B09",
		"-": "B10",
		" ": "A03"
	},
	"optR+shiftR": {
		"\u2265": "E00",
		"\u00ac": "E01",
		"\u201d": "E02",
		"#": "E03",
		"\u00a3": "E04",
		"\ufb01": "E05",
		"^": "E06",
		"\\": "E07",
		"\u02dc": "E08",
		"\u00b7": "E09",
		"\u00af": "E10",
		"\u02d9": "E11",
		"\u02da": "E12",
		"\u00bb": "D01",
		"\u201e": "D02",
		"\u2030": "D03",
		"\u00b8": "D04",
		"\u02dd": "D05",
		"\u02c7": "D06",
		"\u00c1": "D07",
		"\u00db": "D08",
		"\u00d8": "D09",
		"\u220f": "D10",
		"\u00b0": "D11",
		"\uf8ff": "D12",
		"\u2019": "D13",
		"\u00c5": "C01",
		"\u00cd": "C02",
		"\u2122": "C03",
		"\u00cf": "C04",
		"\u00cc": "C05",
		"\u00d3": "C06",
		"\u0131": "C07",
		"\u02c6": "C08",
		"\ufb02": "C09",
		"\u0152": "C10",
		"\u00c6": "C11",
		"\u201c": "B00",
		"\u2021": "B01",
		"\u00d9": "B02",
		"\u00c7": "B03",
		"\u25ca": "B04",
		"\u2039": "B05",
		"\u203a": "B06",
		"\u02d8": "B07",
		"\u02db": "B08",
		"\u00f7": "B09",
		"\u2014": "B10",
		"\u00a0": "A03"
	},
	"optL+shiftR": {
		"\u2264": "E00",
		"\u00a1": "E01",
		"\u201c": "E02",
		"\u00b6": "E03",
		"\u00a2": "E04",
		"[": "E05",
		"]": "E06",
		"|": "E07",
		"{": "E08",
		"}": "E09",
		"\u2260": "E10",
		"\u00bf": "E11",
		"'": "E12",
		"\u00ab": "D01",
		"\u2211": "D02",
		"\u20ac": "D03",
		"\u00ae": "D04",
		"\u2020": "D05",
		"\u03a9": "D06",
		"\u00a8": "D07",
		"\u2044": "D08",
		"\u00f8": "D09",
		"\u03c0": "D10",
		"\u2022": "D11",
		"\u00b1": "D12",
		"\u2018": "D13",
		"\u00e5": "C01",
		"\u201a": "C02",
		"\u2202": "C03",
		"\u0192": "C04",
		"\u00a9": "C05",
		"\u00aa": "C06",
		"\u00ba": "C07",
		"\u2206": "C08",
		"@": "C09",
		"\u0153": "C10",
		"\u00e6": "C11",
		"\u201e": "B00",
		"\u00a5": "B01",
		"\u2248": "B02",
		"\u00e7": "B03",
		"\u221a": "B04",
		"\u222b": "B05",
		"~": "B06",
		"\u00b5": "B07",
		"\u221e": "B08",
		"\u2026": "B09",
		"\u2013": "B10",
		"\u00a0": "A03"
	},
	"optL+caps": {
		"\u2264": "E00",
		"\u00a1": "E01",
		"\u201c": "E02",
		"\u00b6": "E03",
		"\u00a2": "E04",
		"[": "E05",
		"]": "E06",
		"|": "E07",
		"{": "E08",
		"}": "E09",
		"\u2260": "E10",
		"\u00bf": "E11",
		"'": "E12",
		"\u00ab": "D01",
		"\u2211": "D02",
		"\u20ac": "D03",
		"\u00ae": "D04",
		"\u2020": "D05",
		"\u03a9": "D06",
		"\u00a8": "D07",
		"\u2044": "D08",
		"\u00d8": "D09",
		"\u220f": "D10",
		"\u2022": "D11",
		"\u00b1": "D12",
		"\u2018": "D13",
		"\u00c5": "C01",
		"\u201a": "C02",
		"\u2202": "C03",
		"\u0192": "C04",
		"\u00a9": "C05",
		"\u00aa": "C06",
		"\u00ba": "C07",
		"\u2206": "C08",
		"@": "C09",
		"\u0152": "C10",
		"\u00c6": "C11",
		"\u201e": "B00",
		"\u00a5": "B01",
		"\u2248": "B02",
		"\u00c7": "B03",
		"\u221a": "B04",
		"\u222b": "B05",
		"~": "B06",
		"\u00b5": "B07",
		"\u221e": "B08",
		"\u2026": "B09",
		"\u2013": "B10",
		"\u00a0": "A03"
	},
	"ctrlR": {
		">": "E00",
		"!": "E01",
		"\"": "E02",
		"\u00a7": "E03",
		"$": "E04",
		"%": "E05",
		"&": "E06",
		"/": "E07",
		"(": "E08",
		")": "E09",
		"=": "E10",
		"?": "E11",
		"`": "E12",
		"\u0011": "D01",
		"\u0017": "D02",
		"\u0005": "D03",
		"\u0012": "D04",
		"\u0014": "D05",
		"\u001a": "D06",
		"\u0015": "D07",
		"\t": "D08",
		"\u000f": "D09",
		"\u0010": "D10",
		"\u001d": "D11",
		"*": "D12",
		"\u001e": "D13",
		"\u0001": "C01",
		"\u0013": "C02",
		"\u0004": "C03",
		"\u0006": "C04",
		"\u0007": "C05",
		"\b": "C06",
		"\n": "C07",
		"\u000b": "C08",
		"\f": "C09",
		"\u001c": "C10",
		"\u001b": "C11",
		"\u00b0": "B00",
		"\u0019": "B01",
		"\u0018": "B02",
		"\u0003": "B03",
		"\u0016": "B04",
		"\u0002": "B05",
		"\u000e": "B06",
		"\r": "B07",
		";": "B08",
		":": "B09",
		"\u001f": "B10",
		" ": "A03"
	},
	"ctrlL": {
		"<": "E00",
		"1": "E01",
		"2": "E02",
		"3": "E03",
		"4": "E04",
		"5": "E05",
		"6": "E06",
		"7": "E07",
		"8": "E08",
		"9": "E09",
		"0": "E10",
		"\u00df": "E11",
		"\u00b4": "E12",
		"\u0011": "D01",
		"\u0017": "D02",
		"\u0005": "D03",
		"\u0012": "D04",
		"\u0014": "D05",
		"\u001a": "D06",
		"\u0015": "D07",
		"\t": "D08",
		"\u000f": "D09",
		"\u0010": "D10",
		"\u001d": "D11",
		"+": "D12",
		"#": "D13",
		"\u0001": "C01",
		"\u0013": "C02",
		"\u0004": "C03",
		"\u0006": "C04",
		"\u0007": "C05",
		"\b": "C06",
		"\n": "C07",
		"\u000b": "C08",
		"\f": "C09",
		"\u001c": "C10",
		"\u001b": "C11",
		"\u001e": "B00",
		"\u0019": "B01",
		"\u0018": "B02",
		"\u0003": "B03",
		"\u0016": "B04",
		"\u0002": "B05",
		"\u000e": "B06",
		"\r": "B07",
		",": "B08",
		".": "B09",
		"-": "B10",
		" ": "A03"
	},
	"ctrlL+optL": {
		"\u2264": "E00",
		"\u00a1": "E01",
		"\u201c": "E02",
		"\u00b6": "E03",
		"\u00a2": "E04",
		"\u001b": "E05",
		"\u001d": "E06",
		"|": "E07",
		"{": "E08",
		"}": "E09",
		"\u2260": "E10",
		"\u00bf": "E11",
		"'": "E12",
		"\u00ab": "D01",
		"\u2211": "D02",
		"\u20ac": "D03",
		"\u00ae": "D04",
		"\u2020": "D05",
		"\u03a9": "D06",
		"\u00a8": "D07",
		"\u2044": "D08",
		"\u00f8": "D09",
		"\u03c0": "D10",
		"\u2022": "D11",
		"\u00b1": "D12",
		"\u2018": "D13",
		"\u00e5": "C01",
		"\u201a": "C02",
		"\u2202": "C03",
		"\u0192": "C04",
		"\u00a9": "C05",
		"\u00aa": "C06",
		"\u00ba": "C07",
		"\u2206": "C08",
		"@": "C09",
		"\u0153": "C10",
		"\u00e6": "C11",
		"\u201e": "B00",
		"\u00a5": "B01",
		"\u2248": "B02",
		"\u00e7": "B03",
		"\u221a": "B04",
		"\u222b": "B05",
		"~": "B06",
		"\u00b5": "B07",
		"\u221e": "B08",
		"\u2026": "B09",
		"\u2013": "B10",
		"\u00a0": "A03"
	},
	"ctrlL+optL+shiftL": {
		"\u2265": "E00",
		"\u00ac": "E01",
		"\u201d": "E02",
		"#": "E03",
		"\u00a3": "E04",
		"\ufb01": "E05",
		"^": "E06",
		"\u001c": "E07",
		"\u02dc": "E08",
		"\u00b7": "E09",
		"\u00af": "E10",
		"\u02d9": "E11",
		"\u02da": "E12",
		"\u00bb": "D01",
		"\u201e": "D02",
		"\u2030": "D03",
		"\u00b8": "D04",
		"\u02dd": "D05",
		"\u02c7": "D06",
		"\u00c1": "D07",
		"\u00db": "D08",
		"\u00d8": "D09",
		"\u220f": "D10",
		"\u00b0": "D11",
		"\uf8ff": "D12",
		"\u2019": "D13",
		"\u00c5": "C01",
		"\u00cd": "C02",
		"\u2122": "C03",
		"\u00cf": "C04",
		"\u00cc": "C05",
		"\u00d3": "C06",
		"\u0131": "C07",
		"\u02c6": "C08",
		"\ufb02": "C09",
		"\u0152": "C10",
		"\u00c6": "C11",
		"\u201c": "B00",
		"\u2021": "B01",
		"\u00d9": "B02",
		"\u00c7": "B03",
		"\u25ca": "B04",
		"\u2039": "B05",
		"\u203a": "B06",
		"\u02d8": "B07",
		"\u02db": "B08",
		"\u00f7": "B09",
		"\u2014": "B10",
		"\u00a0": "A03"
	},
	"cmd": {
		"<": "E00",
		"1": "E01",
		"2": "E02",
		"3": "E03",
		"4": "E04",
		"5": "E05",
		"6": "E06",
		"7": "E07",
		"8": "E08",
		"9": "E09",
		"0": "E10",
		"\u00df": "E11",
		"\u00b4": "E12",
		"q": "D01",
		"w": "D02",
		"e": "D03",
		"r": "D04",
		"t": "D05",
		"z": "D06",
		"u": "D07",
		"i": "D08",
		"o": "D09",
		"p": "D10",
		"\u00fc": "D11",
		"+": "D12",
		"#": "D13",
		"a": "C01",
		"s": "C02",
		"d": "C03",
		"f": "C04",
		"g": "C05",
		"h": "C06",
		"j": "C07",
		"k": "C08",
		"l": "C09",
		"\u00f6": "C10",
		"\u00e4": "C11",
		"^": "B00",
		"y": "B01",
		"x": "B02",
		"c": "B03",
		"v": "B04",
		"b": "B05",
		"n": "B06",
		"m": "B07",
		",": "B08",
		".": "B09",
		"-": "B10",
		" ": "A03"
	},
	"cmd+shiftL": {
		">": "E00",
		"1": "E01",
		"2": "E02",
		"3": "E03",
		"4": "E04",
		"5": "E05",
		"6": "E06",
		"7": "E07",
		"8": "E08",
		"9": "E09",
		"0": "E10",
		"/": "E11",
		"`": "E12",
		"q": "D01",
		"w": "D02",
		"e": "D03",
		"r": "D04",
		"t": "D05",
		"z": "D06",
		"u": "D07",
		"i": "D08",
		"o": "D09",
		"p": "D10",
		"\u00fc": "D11",
		"*": "D12",
		"^": "D13",
		"a": "C01",
		"s": "C02",
		"d": "C03",
		"f": "C04",
		"g": "C05",
		"h": "C06",
		"j": "C07",
		"k": "C08",
		"l": "C09",
		"\u00f6": "C10",
		"\u00e4": "C11",
		"\u00b0": "B00",
		"y": "B01",
		"x": "B02",
		"c": "B03",
		"v": "B04",
		"b": "B05",
		"n": "B06",
		"m": "B07",
		";": "B08",
		":": "B09",
		"_": "B10",
		" ": "A03"
	},
	"cmd+optL": {
		"\u2264": "E00",
		"\u00a1": "E01",
		"\u201c": "E02",
		"\u00b6": "E03",
		"\u00a2": "E04",
		"[": "E05",
		"]": "E06",
		"|": "E07",
		"{": "E08",
		"}": "E09",
		"\u2260": "E10",
		"\u00bf": "E11",
		"'": "E12",
		"\u00ab": "D01",
		"\u2211": "D02",
		"\u20ac": "D03",
		"\u00ae": "D04",
		"\u2020": "D05",
		"\u03a9": "D06",
		"\u00a8": "D07",
		"\u2044": "D08",
		"\u00f8": "D09",
		"\u03c0": "D10",
		"\u2022": "D11",
		"\u00b1": "D12",
		"\u2018": "D13",
		"\u00e5": "C01",
		"\u201a": "C02",
		"\u2202": "C03",
		"\u0192": "C04",
		"\u00a9": "C05",
		"\u00aa": "C06",
		"\u00ba": "C07",
		"\u2206": "C08",
		"@": "C09",
		"\u0153": "C10",
		"\u00e6": "C11",
		"\u201e": "B00",
		"\u00a5": "B01",
		"\u2248": "B02",
		"\u00e7": "B03",
		"\u221a": "B04",
		"\u222b": "B05",
		"~": "B06",
		"\u00b5": "B07",
		"\u221e": "B08",
		"\u2026": "B09",
		"\u2013": "B10",
		"\u00a0": "A03"
	},
	"cmd+optL+shiftL": {
		"\u2265": "E00",
		"\u00ac": "E01",
		"\u201d": "E02",
		"#": "E03",
		"\u00a3": "E04",
		"\ufb01": "E05",
		"^": "E06",
		"\\": "E07",
		"\u02dc": "E08",
		"\u00b7": "E09",
		"\u00af": "E10",
		"\u02d9": "E11",
		"\u02da": "E12",
		"\u00bb": "D01",
		"\u201e": "D02",
		"\u2030": "D03",
		"\u00b8": "D04",
		"\u02dd": "D05",
		"\u02c7": "D06",
		"\u00c1": "D07",
		"\u00db": "D08",
		"\u00d8": "D09",
		"\u220f": "D10",
		"\u00b0": "D11",
		"\uf8ff": "D12",
		"\u2019": "B00",
		"\u00c5": "C01",
		"\u00cd": "C02",
		"\u2122": "C03",
		"\u00cf": "C04",
		"\u00cc": "C05",
		"\u00d3": "C06",
		"\u0131": "C07",
		"\u02c6": "C08",
		"\ufb02": "C09",
		"\u0152": "C10",
		"\u00c6": "C11",
		"\u2021": "B01",
		"\u00d9": "B02",
		"\u00c7": "B03",
		"\u25ca": "B04",
		"\u2039": "B05",
		"\u203a": "B06",
		"\u02d8": "B07",
		"\u02db": "B08",
		"\u00f7": "B09",
		"\u2014": "B10",
		"\u00a0": "A03"
	}
}