{
	"lang": "NorwegianSami-PC (macOS)",
	"": {
		"<": "E00",
		"1": "E01",
		"2": "E02",
		"3": "E03",
		"4": "E04",
		"5": "E05",
		"6": "E06",
		"7": "E07",
		"8": "E08",
		"9": "E09",
		"0": "E10",
		"+": "E11",
		"\u00b4": "E12",
		"q": "D01",
		"w": "D02",
		"e": "D03",
		"r": "D04",
		"t": "D05",
		"y": "D06",
		"u": "D07",
		"i": "D08",
		"o": "D09",
		"p": "D10",
		"\u00e5": "D11",
		"\u00a8": "D12",
		"@": "D13",
		"a": "C01",
		"s": "C02",
		"d": "C03",
		"f": "C04",
		"g": "C05",
		"h": "C06",
		"j": "C07",
		"k": "C08",
		"l": "C09",
		"\u00f8": "C10",
		"\u00e6": "C11",
		"'": "B00",
		"z": "B01",
		"x": "B02",
		"c": "B03",
		"v": "B04",
		"b": "B05",
		"n": "B06",
		"m": "B07",
		",": "B08",
		".": "B09",
		"-": "B10",
		" ": "A03"
	},
	"shift": {
		">": "E00",
		"!": "E01",
		"\"": "E02",
		"#": "E03",
		"$": "E04",
		"%": "E05",
		"&": "E06",
		"/": "E07",
		"(": "E08",
		")": "E09",
		"=": "E10",
		"?": "E11",
		"`": "E12",
		"Q": "D01",
		"W": "D02",
		"E": "D03",
		"R": "D04",
		"T": "D05",
		"Y": "D06",
		"U": "D07",
		"I": "D08",
		"O": "D09",
		"P": "D10",
		"\u00c5": "D11",
		"\u02c6": "D12",
		"*": "D13",
		"A": "C01",
		"S": "C02",
		"D": "C03",
		"F": "C04",
		"G": "C05",
		"H": "C06",
		"J": "C07",
		"K": "C08",
		"L": "C09",
		"\u00d8": "C10",
		"\u00c6": "C11",
		"\u00a7": "B00",
		"Z": "B01",
		"X": "B02",
		"C": "B03",
		"V": "B04",
		"B": "B05",
		"N": "B06",
		"M": "B07",
		";": "B08",
		":": "B09",
		"_": "B10",
		" ": "A03"
	},
	"caps": {
		"<": "E00",
		"1": "E01",
		"2": "E02",
		"3": "E03",
		"4": "E04",
		"5": "E05",
		"6": "E06",
		"7": "E07",
		"8": "E08",
		"9": "E09",
		"0": "E10",
		"+": "E11",
		"\u00b4": "E12",
		"Q": "D01",
		"W": "D02",
		"E": "D03",
		"R": "D04",
		"T": "D05",
		"Y": "D06",
		"U": "D07",
		"I": "D08",
		"O": "D09",
		"P": "D10",
		"\u00c5": "D11",
		"\u00a8": "D12",
		"@": "D13",
		"A": "C01",
		"S": "C02",
		"D": "C03",
		"F": "C04",
		"G": "C05",
		"H": "C06",
		"J": "C07",
		"K": "C08",
		"L": "C09",
		"\u00d8": "C10",
		"\u00c6": "C11",
		"'": "B00",
		"Z": "B01",
		"X": "B02",
		"C": "B03",
		"V": "B04",
		"B": "B05",
		"N": "B06",
		"M": "B07",
		",": "B08",
		".": "B09",
		"-": "B10",
		"\u00a0": "A03"
	},
	"opt": {
		"\u2264": "E00",
		"\u00a9": "E01",
		"\u2122": "E02",
		"\u00a3": "E03",
		"\u20ac": "E04",
		"\u2038": "E05",
		"\u00a7": "E06",
		"|": "E07",
		"[": "E08",
		"]": "E09",
		"\u02dd": "E10",
		"\u00b1": "E11",
		"\u0301": "E12",
		"\u00e2": "D01",
		",": "D02",
		"\u00e9": "D03",
		"\u02c7": "D04",
		"\u0167": "D05",
		"\u02d8": "D06",
		"\u02c0": "D07",
		"\u00ef": "D08",
		"\u00f5": "D09",
		"\u02d9": "D10",
		"\u02da": "D11",
		"\u0308": "D12",
		"'": "B00",
		"\u00e1": "C01",
		"\u0161": "C02",
		"\u0111": "C03",
		"\u01e5": "C04",
		"\u01e7": "C05",
		"\u02db": "C06",
		"\u00a0\u0330": "C07",
		"\u01e9": "C08",
		"-": "C09",
		"\u00f6": "C10",
		"\u00e4": "C11",
		"\u017e": "B01",
		"\u02cd": "B02",
		"\u010d": "B03",
		"\u01ef": "B04",
		"\u0292": "B05",
		"\u014b": "B06",
		"\u2019": "B07",
		"\u2018": "B08",
		"\u2026": "B09",
		"\u2013": "B10",
		"\u00a0": "A03"
	},
	"opt+shift": {
		"\u2265": "E00",
		"\u00a1": "E01",
		"\u00ae": "E02",
		"\u00a5": "E03",
		"\u00a2": "E04",
		"\u032d": "E05",
		"\u00b6": "E06",
		"\\": "E07",
		"{": "E08",
		"}": "E09",
		"\u030b": "E10",
		"\u00bf": "E11",
		"\u0300": "E12",
		"\u00c2": "D01",
		"\u0326": "D02",
		"\u00c9": "D03",
		"\u030c": "D04",
		"\u0166": "D05",
		"\u0306": "D06",
		"\u0309": "D07",
		"\u00cf": "D08",
		"\u00d5": "D09",
		"\u0307": "D10",
		"\u030a": "D11",
		"\u0302": "D12",
		"\"": "D13",
		"\u00c1": "C01",
		"\u0160": "C02",
		"\u0110": "C03",
		"\u01e4": "C04",
		"\u01e6": "C05",
		"\u0328": "C06",
		"\u0330": "C07",
		"\u01e8": "C08",
		"\u0335": "C09",
		"\u00d6": "C10",
		"\u00c4": "C11",
		"\u00a7": "B00",
		"\u017d": "B01",
		"\u0331": "B02",
		"\u010c": "B03",
		"\u01ee": "B04",
		"\u01b7": "B05",
		"\u014a": "B06",
		"\u201d": "B07",
		"\u201c": "B08",
		"\u00b7": "B09",
		"\u2014": "B10",
		"\u00a0": "A03"
	},
	"opt+caps": {
		"\u2264": "E00",
		"\u00a9": "E01",
		"\u2122": "E02",
		"\u00a3": "E03",
		"\u20ac": "E04",
		"\u2038": "E05",
		"\u00a7": "E06",
		"|": "E07",
		"[": "E08",
		"]": "E09",
		"\u02dd": "E10",
		"\u00b1": "E11",
		"\u0301": "E12",
		"\u00c2": "D01",
		",": "D02",
		"\u00c9": "D03",
		"\u02c7": "D04",
		"\u0166": "D05",
		"\u02d8": "D06",
		"\u02c0": "D07",
		"\u00cf": "D08",
		"\u00d5": "D09",
		"\u02d9": "D10",
		"\u02da": "D11",
		"\u0308": "D12",
		"'": "B00",
		"\u00c1": "C01",
		"\u0160": "C02",
		"\u00d0": "C03",
		"\u01e4": "C04",
		"\u01e6": "C05",
		"\u02db": "C06",
		"\u00a0\u0330": "C07",
		"\u01e8": "C08",
		"-": "C09",
		"\u00d6": "C10",
		"\u00c4": "C11",
		"\u017d": "B01",
		"\u02cd": "B02",
		"\u010c": "B03",
		"\u01ee": "B04",
		"\u01b7": "B05",
		"\u014a": "B06",
		"\u2019": "B07",
		"\u201a": "B08",
		"\u2026": "B09",
		"\u2013": "B10",
		"\u00a0": "A03"
	},
	"ctrlL": {
		"`": "E00",
		"1": "E01",
		"2": "E02",
		"3": "E03",
		"4": "E04",
		"5": "E05",
		"6": "E06",
		"7": "E07",
		"8": "E08",
		"9": "E09",
		"0": "B00",
		"\u001f": "E11",
		"=": "E12",
		"\u0011": "D01",
		"\u0017": "D02",
		"\u0005": "D03",
		"\u0012": "D04",
		"\u0014": "D05",
		"\u0019": "D06",
		"\u0015": "D07",
		"\t": "D08",
		"\u000f": "D09",
		"\u0010": "D10",
		"\u001b": "D11",
		"\u001d": "D12",
		"\u001c": "D13",
		"\u0001": "C01",
		"\u0013": "C02",
		"\u0004": "C03",
		"\u0006": "C04",
		"\u0007": "C05",
		"\b": "C06",
		"\n": "C07",
		"\u000b": "C08",
		"\f": "C09",
		";": "C10",
		"'": "C11",
		"\u001a": "B01",
		"\u0018": "B02",
		"\u0003": "B03",
		"\u0016": "B04",
		"\u0002": "B05",
		"\u000e": "B06",
		"\r": "B07",
		",": "B08",
		".": "B09",
		"/": "B10",
		" ": "A03"
	},
	"cmd+opt": {
		"\u2264": "E00",
		"\u00a9": "E01",
		"\u2122": "E02",
		"\u00a3": "E03",
		"\u20ac": "B00",
		"\u00a7": "E05",
		"|": "E07",
		"[": "E08",
		"]": "E09",
		"\u2248": "E10",
		"\u00b1": "E11",
		"`": "E12",
		"\u2022": "D01",
		",": "D02",
		"\u00e9": "D03",
		"\u0167": "D05",
		"\u00b5": "D06",
		"\u00fc": "D07",
		"\u0131": "D08",
		"\u0153": "D09",
		"\u00fe": "D10",
		"\u02d9": "D11",
		"\u01e8": "D12",
		"'": "D13",
		"\u00e1": "C01",
		"\u00df": "C02",
		"\u00f0": "C03",
		"\u0192": "C04",
		"\u0127": "C06",
		"\u02dd": "C07",
		"\u00aa": "C08",
		"\u0142": "C09",
		"\u00f8": "C10",
		"\u00e6": "C11",
		"\u00f7": "B01",
		"\u0111": "B02",
		"\u010d": "B03",
		"\u2039": "B04",
		"\u203a": "B05",
		"\u2018": "B06",
		"\u2019": "B07",
		"\u201a": "B08",
		"\u2026": "B09",
		"\u2013": "B10",
		"\u00a0": "A03"
	}
}