{
	"lang": "Estonian (macOS)",
	"": {
		"<": "E00",
		"1": "E01",
		"2": "E02",
		"3": "E03",
		"4": "E04",
		"5": "E05",
		"6": "E06",
		"7": "E07",
		"8": "E08",
		"9": "E09",
		"0": "E10",
		"+": "E11",
		"'": "D13",
		"q": "D01",
		"w": "D02",
		"e": "D03",
		"r": "D04",
		"t": "D05",
		"y": "D06",
		"u": "D07",
		"i": "D08",
		"o": "D09",
		"p": "D10",
		"\u00fc": "D11",
		"\u00f5": "D12",
		"a": "C01",
		"s": "C02",
		"d": "C03",
		"f": "C04",
		"g": "C05",
		"h": "C06",
		"j": "C07",
		"k": "C08",
		"l": "C09",
		"\u00f6": "C10",
		"\u00e4": "C11",
		"\u02c7": "B00",
		"z": "B01",
		"x": "B02",
		"c": "B03",
		"v": "B04",
		"b": "B05",
		"n": "B06",
		"m": "B07",
		",": "B08",
		".": "B09",
		"-": "B10",
		" ": "A03"
	},
	"shift": {
		">": "E00",
		"!": "E01",
		"\"": "E02",
		"#": "E03",
		"\u20ac": "E04",
		"%": "E05",
		"&": "E06",
		"/": "E07",
		"(": "E08",
		")": "E09",
		"=": "E10",
		"?": "E11",
		"\u2013": "E12",
		"Q": "D01",
		"W": "D02",
		"E": "D03",
		"R": "D04",
		"T": "D05",
		"Y": "D06",
		"U": "D07",
		"I": "D08",
		"O": "D09",
		"P": "D10",
		"\u00dc": "D11",
		"\u00d5": "D12",
		"*": "D13",
		"A": "C01",
		"S": "C02",
		"D": "C03",
		"F": "C04",
		"G": "C05",
		"H": "C06",
		"J": "C07",
		"K": "C08",
		"L": "C09",
		"\u00d6": "C10",
		"\u00c4": "C11",
		"~": "B00",
		"Z": "B01",
		"X": "B02",
		"C": "B03",
		"V": "B04",
		"B": "B05",
		"N": "B06",
		"M": "B07",
		";": "B08",
		":": "B09",
		"_": "B10",
		" ": "A03"
	},
	"caps": {
		"<": "E00",
		"1": "E01",
		"2": "E02",
		"3": "E03",
		"4": "E04",
		"5": "E05",
		"6": "E06",
		"7": "E07",
		"8": "E08",
		"9": "E09",
		"0": "E10",
		"+": "E11",
		"\u0119": "E12",
		"Q": "D01",
		"W": "D02",
		"E": "D03",
		"R": "D04",
		"T": "D05",
		"Y": "D06",
		"U": "D07",
		"I": "D08",
		"O": "D09",
		"P": "D10",
		"\u00dc": "D11",
		"\u00d5": "D12",
		"'": "D13",
		"A": "C01",
		"S": "C02",
		"D": "C03",
		"F": "C04",
		"G": "C05",
		"H": "C06",
		"J": "C07",
		"K": "C08",
		"L": "C09",
		"\u00d6": "C10",
		"\u00c4": "C11",
		"\u00a7": "B00",
		"Z": "B01",
		"X": "B02",
		"C": "B03",
		"V": "B04",
		"B": "B05",
		"N": "B06",
		"M": "B07",
		",": "B08",
		".": "B09",
		"-": "B10",
		" ": "A03"
	},
	"opt": {
		"|": "E00",
		"\u00a9": "E01",
		"@": "E02",
		"\u00a3": "E03",
		"$": "E04",
		"\u00a7": "D12",
		"{": "E07",
		"[": "E08",
		"]": "E09",
		"}": "E10",
		"\\": "E11",
		"\u00a8": "E12",
		"\u2022": "D01",
		"\u00e9": "D03",
		"\u00ae": "D04",
		"\u2020": "D05",
		"\u0171": "D11",
		"\u2122": "D13",
		"\u0161": "C02",
		"\u2202": "C03",
		"\u221a": "C07",
		"\u00df": "C09",
		"\u0151": "C10",
		"\u00b6": "B00",
		"\u017e": "B01",
		"\u010d": "B03",
		"\u2039": "B04",
		"\u203a": "B05",
		"\u201a": "B06",
		"\u2018": "B07",
		"\u2019": "B08",
		"\u2026": "B09",
		"\u2013": "B10",
		"\u00a0": "A03"
	},
	"opt+shift": {
		"|": "E00",
		"\u201d": "B08",
		"\u00b6": "E06",
		"\u2264": "E08",
		"\u2265": "E09",
		"\u2260": "B02",
		"\u02c7": "D08",
		"\u00b0": "D01",
		"\u00c9": "D03",
		"\u221a": "D04",
		"\u0170": "D11",
		"~": "D12",
		"\u2019": "D13",
		"\u25ca": "C01",
		"\u0160": "C02",
		"\u2206": "C03",
		"\u00ac": "C07",
		"\u2211": "C09",
		"\u0150": "C10",
		"\u2022": "B00",
		"\u017d": "B01",
		"\u010c": "B03",
		"\u00ab": "B04",
		"\u00bb": "B05",
		"\u201e": "B06",
		"\u201c": "B07",
		"\u00f7": "B09",
		"\u2014": "B10",
		"\u00a0": "A03"
	},
	"opt+caps": {
		"\u2264": "E00",
		"\u00a9": "E01",
		"\u2122": "E02",
		"\u00a3": "E03",
		"$": "E04",
		"\u012f": "E05",
		"\u00a7": "E06",
		"|": "E07",
		"[": "E08",
		"]": "E09",
		"\u0147": "B02",
		"\u012a": "E11",
		"\u0119": "E12",
		"\u2022": "D01",
		"\u0139": "D02",
		"\u00c9": "D03",
		"\u00ae": "D04",
		"\u2020": "D05",
		"\u0136": "D06",
		"\u00dc": "D07",
		"\u0171": "D08",
		"\u0151": "D09",
		"\u013b": "D10",
		"\u0137": "D11",
		"~": "D12",
		"@": "D13",
		"\u016b": "C01",
		"\u0160": "C02",
		"\u2202": "C03",
		"\u0144": "C04",
		"\u0141": "C05",
		"\u0122": "C06",
		"\u221a": "C07",
		"\u013d": "C08",
		"\u0159": "C09",
		"\u012e": "C10",
		"\u0123": "C11",
		"\u00b6": "B00",
		"\u017d": "B01",
		"\u0101": "B03",
		"\u2039": "B04",
		"\u203a": "B05",
		"\u2018": "B06",
		"\u2019": "B07",
		"\u201a": "B08",
		"\u2026": "B09",
		"\u2013": "B10",
		"\u00a0": "A03"
	},
	"ctrl": {
		"<": "E00",
		"1": "E01",
		"2": "E02",
		"3": "E03",
		"4": "E04",
		"5": "E05",
		"6": "E06",
		"7": "E07",
		"8": "E08",
		"9": "E09",
		"0": "E10",
		"+": "E11",
		"\u0119": "E12",
		"\u0011": "D01",
		"\u0017": "D02",
		"\u0005": "D03",
		"\u0012": "D04",
		"\u0014": "D05",
		"\u0019": "D06",
		"\u0015": "D07",
		"\t": "D08",
		"\u000f": "D09",
		"\u0010": "D10",
		"\u001d": "D11",
		"\u001e": "D12",
		"'": "D13",
		"\u0001": "C01",
		"\u0013": "C02",
		"\u0004": "C03",
		"\u0006": "C04",
		"\u0007": "C05",
		"\b": "C06",
		"\r": "B07",
		"\u000b": "C08",
		"\f": "C09",
		"\u001c": "C10",
		"\u001b": "C11",
		"\u001a": "B01",
		"\u0018": "B02",
		"\u0003": "B03",
		"\u0016": "B04",
		"\u0002": "B05",
		"\u000e": "B06",
		",": "B08",
		".": "B09",
		"\u001f": "B10",
		" ": "A03"
	},
	"cmd": {
		"`": "E00",
		"1": "E01",
		"2": "E02",
		"3": "E03",
		"4": "E04",
		"5": "E05",
		"6": "E06",
		"7": "E07",
		"8": "E08",
		"9": "E09",
		"0": "E10",
		"-": "E11",
		"=": "E12",
		"q": "D01",
		"w": "D02",
		"e": "D03",
		"r": "D04",
		"t": "D05",
		"y": "D06",
		"u": "D07",
		"i": "D08",
		"o": "D09",
		"p": "D10",
		"[": "D11",
		"]": "D12",
		"\\": "D13",
		"a": "C01",
		"s": "C02",
		"d": "C03",
		"f": "C04",
		"g": "C05",
		"h": "C06",
		"j": "C07",
		"k": "C08",
		"l": "C09",
		";": "C10",
		"'": "C11",
		"\u00a7": "B00",
		"z": "B01",
		"x": "B02",
		"c": "B03",
		"v": "B04",
		"b": "B05",
		"n": "B06",
		"m": "B07",
		",": "B08",
		".": "B09",
		"/": "B10",
		" ": "A03"
	},
	"cmd+opt": {
		"|": "E00",
		"\u00a9": "E01",
		"@": "E02",
		"\u00a3": "E03",
		"$": "E04",
		" ": "B02",
		"\u00a7": "D12",
		"{": "E07",
		"[": "E08",
		"]": "E09",
		"}": "E10",
		"\\": "E11",
		"\u00a8": "E12",
		"\u2022": "D01",
		"\u00e9": "D03",
		"\u00ae": "D04",
		"\u2020": "D05",
		"\u0171": "D11",
		"\u2122": "D13",
		"\u0161": "C02",
		"\u2202": "C03",
		"\u221a": "C07",
		"\u00df": "C09",
		"\u0151": "C10",
		"\u00b6": "B00",
		"\u017e": "B01",
		"\u010d": "B03",
		"\u2039": "B04",
		"\u203a": "B05",
		"\u201a": "B06",
		"\u2018": "B07",
		"\u2019": "B08",
		"\u2026": "B09",
		"\u2013": "B10",
		"\u00a0": "A03"
	}
}