{"A03": [4, 4.5], "B00": [3, 1.25], "B01": [3, 2.25], "B02": [3, 3.25], "B03": [3, 4.25], "B04": [3, 5.25], "B05": [3, 6.25], "B06": [3, 7.25], "B07": [3, 8.25], "B08": [3, 9.25], "B09": [3, 10.25], "B10": [3, 11.25], "B11": [3, 12.25], "C01": [2, 1.75], "C02": [2, 2.75], "C03": [2, 3.75], "C04": [2, 4.75], "C05": [2, 5.75], "C06": [2, 6.75], "C07": [2, 7.75], "C08": [2, 8.75], "C09": [2, 9.75], "C10": [2, 10.75], "C11": [2, 11.75], "C12": [2, 12.75], "D01": [1, 1.5], "D02": [1, 2.5], "D03": [1, 3.5], "D04": [1, 4.5], "D05": [1, 5.5], "D06": [1, 6.5], "D07": [1, 7.5], "D08": [1, 8.5], "D09": [1, 9.5], "D10": [1, 10.5], "D11": [1, 11.5], "D12": [1, 12.5], "E00": [0, 0.0], "E01": [0, 1.0], "E02": [0, 2.0], "E03": [0, 3.0], "E04": [0, 4.0], "E05": [0, 5.0], "E06": [0, 6.0], "E07": [0, 7.0], "E08": [0, 8.0], "E09": [0, 9.0], "E10": [0, 10.0], "E11": [0, 11.0], "E12": [0, 12.0]}