{
	"lang": "Armenian (Chrome OS)",
	"": {
		"\u055d": "E00",
		"\u0586": "E01",
		"\u0571": "E02",
		"\u2013": "E03",
		",": "E04",
		"\u0589": "E05",
		"\u055e": "E06",
		"\u2024": "E07",
		"\u055b": "E08",
		")": "E09",
		"\u0585": "E10",
		"\u0567": "E11",
		"\u0572": "E12",
		"\u0573": "D01",
		"\u0583": "D02",
		"\u0562": "D03",
		"\u057d": "D04",
		"\u0574": "D05",
		"\u0578": "D06",
		"\u0582": "D07",
		"\u056f": "D08",
		"\u0568": "D09",
		"\u0569": "D10",
		"\u056e": "D11",
		"\u0581": "D12",
		"\u00bb": "D13",
		"\u057b": "C01",
		"\u057e": "C02",
		"\u0563": "C03",
		"\u0565": "C04",
		"\u0561": "C05",
		"\u0576": "C06",
		"\u056b": "C07",
		"\u057f": "C08",
		"\u0570": "C09",
		"\u057a": "C10",
		"\u0580": "C11",
		"?": "B00",
		"\u056a": "B01",
		"\u0564": "B02",
		"\u0579": "B03",
		"\u0575": "B04",
		"\u0566": "B05",
		"\u056c": "B06",
		"\u0584": "B07",
		"\u056d": "B08",
		"\u0577": "B09",
		"\u057c": "B10",
		" ": "A03"
	},
	"shift": {
		"\u055c": "E00",
		"\u0556": "E01",
		"\u0541": "E02",
		"\u2014": "E03",
		"$": "E04",
		"\u2026": "E05",
		"%": "E06",
		"\u0587": "E07",
		"\u02bc": "E08",
		"(": "E09",
		"\u0555": "E10",
		"\u0537": "E11",
		"\u0542": "E12",
		"\u0543": "D01",
		"\u0553": "D02",
		"\u0532": "D03",
		"\u054d": "D04",
		"\u0544": "D05",
		"\u0548": "D06",
		"\u0552": "D07",
		"\u053f": "D08",
		"\u0538": "D09",
		"\u0539": "D10",
		"\u053e": "D11",
		"\u0551": "D12",
		"\u00ab": "D13",
		"\u054b": "C01",
		"\u054e": "C02",
		"\u0533": "C03",
		"\u0535": "C04",
		"\u0531": "C05",
		"\u0546": "C06",
		"\u053b": "C07",
		"\u054f": "C08",
		"\u0540": "C09",
		"\u054a": "C10",
		"\u0550": "C11",
		"\u058a": "B00",
		"\u053a": "B01",
		"\u0534": "B02",
		"\u0549": "B03",
		"\u0545": "B04",
		"\u0536": "B05",
		"\u053c": "B06",
		"\u0554": "B07",
		"\u053d": "B08",
		"\u0547": "B09",
		"\u054c": "B10",
		" ": "A03"
	},
	"caps": {
		"\u055d": "E00",
		"\u0556": "E01",
		"\u0541": "E02",
		"\u2013": "E03",
		",": "E04",
		"\u0589": "E05",
		"\u055e": "E06",
		"\u2024": "E07",
		"\u055b": "E08",
		")": "E09",
		"\u0555": "E10",
		"\u0537": "E11",
		"\u0542": "E12",
		"\u0543": "D01",
		"\u0553": "D02",
		"\u0532": "D03",
		"\u054d": "D04",
		"\u0544": "D05",
		"\u0548": "D06",
		"\u0552": "D07",
		"\u053f": "D08",
		"\u0538": "D09",
		"\u0539": "D10",
		"\u053e": "D11",
		"\u0551": "D12",
		"\u00bb": "D13",
		"\u054b": "C01",
		"\u054e": "C02",
		"\u0533": "C03",
		"\u0535": "C04",
		"\u0531": "C05",
		"\u0546": "C06",
		"\u053b": "C07",
		"\u054f": "C08",
		"\u0540": "C09",
		"\u054a": "C10",
		"\u0550": "C11",
		"?": "B00",
		"\u053a": "B01",
		"\u0534": "B02",
		"\u0549": "B03",
		"\u0545": "B04",
		"\u0536": "B05",
		"\u053c": "B06",
		"\u0554": "B07",
		"\u053d": "B08",
		"\u0547": "B09",
		"\u054c": "B10",
		" ": "A03"
	},
	"caps+shift": {
		"\u055c": "E00",
		"\u0586": "E01",
		"\u0571": "E02",
		"\u2014": "E03",
		"$": "E04",
		"\u2026": "E05",
		"%": "E06",
		"\u0587": "E07",
		"\u02bc": "E08",
		"(": "E09",
		"\u0585": "E10",
		"\u0567": "E11",
		"\u0572": "E12",
		"\u0573": "D01",
		"\u0583": "D02",
		"\u0562": "D03",
		"\u057d": "D04",
		"\u0574": "D05",
		"\u0578": "D06",
		"\u0582": "D07",
		"\u056f": "D08",
		"\u0568": "D09",
		"\u0569": "D10",
		"\u056e": "D11",
		"\u0581": "D12",
		"\u00ab": "D13",
		"\u057b": "C01",
		"\u057e": "C02",
		"\u0563": "C03",
		"\u0565": "C04",
		"\u0561": "C05",
		"\u0576": "C06",
		"\u056b": "C07",
		"\u057f": "C08",
		"\u0570": "C09",
		"\u057a": "C10",
		"\u0580": "C11",
		"\u058a": "B00",
		"\u056a": "B01",
		"\u0564": "B02",
		"\u0579": "B03",
		"\u0575": "B04",
		"\u0566": "B05",
		"\u056c": "B06",
		"\u0584": "B07",
		"\u056d": "B08",
		"\u0577": "B09",
		"\u057c": "B10",
		" ": "A03"
	}
}