{
	"lang": "USA - Colemak (Chrome OS)",
	"": {
		"`": "E00",
		"1": "E01",
		"2": "E02",
		"3": "E03",
		"4": "E04",
		"5": "E05",
		"6": "E06",
		"7": "E07",
		"8": "E08",
		"9": "E09",
		"0": "E10",
		"-": "B00",
		"=": "E12",
		"q": "D01",
		"w": "D02",
		"f": "D03",
		"p": "D04",
		"g": "D05",
		"j": "D06",
		"l": "D07",
		"u": "D08",
		"y": "D09",
		";": "D10",
		"[": "D11",
		"]": "D12",
		"\\": "D13",
		"a": "C01",
		"r": "C02",
		"s": "C03",
		"t": "C04",
		"d": "C05",
		"h": "C06",
		"n": "C07",
		"e": "C08",
		"i": "C09",
		"o": "C10",
		"'": "C11",
		"z": "B01",
		"x": "B02",
		"c": "B03",
		"v": "B04",
		"b": "B05",
		"k": "B06",
		"m": "B07",
		",": "B08",
		".": "B09",
		"/": "B10",
		" ": "A03"
	},
	"shift": {
		"~": "E00",
		"!": "E01",
		"@": "E02",
		"#": "E03",
		"$": "E04",
		"%": "E05",
		"^": "E06",
		"&": "E07",
		"*": "E08",
		"(": "E09",
		")": "E10",
		"_": "B00",
		"+": "E12",
		"Q": "D01",
		"W": "D02",
		"F": "D03",
		"P": "D04",
		"G": "D05",
		"J": "D06",
		"L": "D07",
		"U": "D08",
		"Y": "D09",
		":": "D10",
		"{": "D11",
		"}": "D12",
		"|": "D13",
		"A": "C01",
		"R": "C02",
		"S": "C03",
		"T": "C04",
		"D": "C05",
		"H": "C06",
		"N": "C07",
		"E": "C08",
		"I": "C09",
		"O": "C10",
		"\"": "C11",
		"Z": "B01",
		"X": "B02",
		"C": "B03",
		"V": "B04",
		"B": "B05",
		"K": "B06",
		"M": "B07",
		"<": "B08",
		">": "B09",
		"?": "B10",
		" ": "A03"
	},
	"caps": {
		"`": "E00",
		"1": "E01",
		"2": "E02",
		"3": "E03",
		"4": "E04",
		"5": "E05",
		"6": "E06",
		"7": "E07",
		"8": "E08",
		"9": "E09",
		"0": "E10",
		"-": "B00",
		"=": "E12",
		"Q": "D01",
		"W": "D02",
		"F": "D03",
		"P": "D10",
		"G": "D05",
		"J": "D06",
		"L": "D07",
		"U": "D08",
		"Y": "D09",
		"[": "D11",
		"]": "D12",
		"\\": "D13",
		"A": "C01",
		"R": "C02",
		"S": "C03",
		"T": "C04",
		"D": "C05",
		"H": "C06",
		"N": "C07",
		"E": "C08",
		"I": "C09",
		"O": "C10",
		"'": "C11",
		"Z": "B01",
		"X": "B02",
		"C": "B03",
		"V": "B04",
		"B": "B05",
		"K": "B06",
		"M": "B07",
		",": "B08",
		".": "B09",
		"/": "B10",
		" ": "A03"
	},
	"caps+shift": {
		"~": "E00",
		"!": "E01",
		"@": "E02",
		"#": "E03",
		"$": "E04",
		"%": "E05",
		"^": "E06",
		"&": "E07",
		"*": "E08",
		"(": "E09",
		")": "E10",
		"_": "B00",
		"+": "E12",
		"q": "D01",
		"w": "D02",
		"f": "D03",
		"p": "D04",
		"g": "D05",
		"j": "D06",
		"l": "D07",
		"u": "D08",
		"y": "D09",
		":": "C10",
		"{": "D11",
		"}": "D12",
		"|": "D13",
		"a": "C01",
		"r": "C02",
		"s": "C03",
		"t": "C04",
		"d": "C05",
		"h": "C06",
		"n": "C07",
		"e": "C08",
		"i": "C09",
		"\"": "C11",
		"z": "B01",
		"x": "B02",
		"c": "B03",
		"v": "B04",
		"b": "B05",
		"k": "B06",
		"m": "B07",
		"<": "B08",
		">": "B09",
		"?": "B10",
		" ": "A03"
	},
	"altR": {
		"\u0303": "E00",
		"\u00a1": "E01",
		"\u00ba": "E02",
		"\u00aa": "E03",
		"\u00a2": "E04",
		"\u20ac": "E05",
		"\u0127": "E06",
		"\u00f0": "E07",
		"\u00fe": "E08",
		"\u2018": "E09",
		"\u2019": "E10",
		"\u2013": "B00",
		"\u00d7": "E12",
		"\u00e4": "D01",
		"\u00e5": "D02",
		"\u00e3": "D03",
		"\u00f8": "D04",
		"\u0328": "D05",
		"\u0111": "D06",
		"\u0142": "D07",
		"\u00fa": "D08",
		"\u00fc": "D09",
		"\u00f6": "D10",
		"\u00ab": "D11",
		"\u00bb": "D12",
		"~": "D13",
		"\u00e1": "C01",
		"\u0300": "C02",
		"\u00df": "C03",
		"\u0301": "C04",
		"\u0308": "C05",
		"\u030c": "C06",
		"\u00f1": "C07",
		"\u00e9": "C08",
		"\u00ed": "C09",
		"\u00f3": "C10",
		"\u00f5": "C11",
		"\u00e6": "B01",
		"\u0302": "B02",
		"\u00e7": "B03",
		"\u0153": "B04",
		"\u0306": "B05",
		"\u030a": "B06",
		"\u0304": "B07",
		"\u0327": "B08",
		"\u0307": "B09",
		"\u00bf": "B10",
		" ": "A03"
	},
	"altR+shift": {
		"~": "B10",
		"\u00b9": "E01",
		"\u00b2": "E02",
		"\u00b3": "E03",
		"\u00a3": "E04",
		"\u00a5": "E05",
		"\u0126": "E06",
		"\u00d0": "E07",
		"\u00de": "E08",
		"\u201c": "E09",
		"\u201d": "E10",
		"\u2014": "B00",
		"\u00f7": "E12",
		"\u00c4": "D01",
		"\u00c5": "D02",
		"\u00c3": "D03",
		"\u00d8": "D04",
		"\u0110": "D06",
		"\u0141": "D07",
		"\u00da": "D08",
		"\u00dc": "D09",
		"\u00d6": "D10",
		"\u2039": "D11",
		"\u203a": "D12",
		"\u00c1": "C01",
		"\u030b": "C04",
		"\u00d1": "C07",
		"\u00c9": "C08",
		"\u00cd": "C09",
		"\u00d3": "C10",
		"\u00d5": "C11",
		"\u00c6": "B01",
		"\u00c7": "B03",
		"\u0152": "B04",
		"\u00a0": "A03"
	},
	"altR+caps": {
		"`": "E00",
		"1": "E01",
		"2": "E02",
		"3": "E03",
		"4": "E04",
		"5": "E05",
		"6": "E06",
		"7": "E07",
		"8": "E08",
		"9": "E09",
		"0": "E10",
		"-": "B00",
		"=": "E12",
		"\u00c4": "D01",
		"\u00c5": "D02",
		"\u00c3": "D03",
		"\u00d8": "D04",
		"\u0328": "D05",
		"\u0110": "D06",
		"\u0141": "D07",
		"\u00da": "D08",
		"\u00dc": "D09",
		"P": "D10",
		"[": "D11",
		"]": "D12",
		"\\": "D13",
		"\u00c1": "C01",
		"\u0300": "C02",
		"\u00df": "C03",
		"\u0301": "C04",
		"\u0308": "C05",
		"\u030c": "C06",
		"\u00d1": "C07",
		"\u00c9": "C08",
		"\u00cd": "C09",
		"\u00d3": "C10",
		"'": "C11",
		"\u00c6": "B01",
		"\u0302": "B02",
		"\u00c7": "B03",
		"\u0152": "B04",
		"\u0306": "B05",
		"\u030a": "B06",
		"\u0304": "B07",
		",": "B08",
		".": "B09",
		"/": "B10",
		" ": "A03"
	},
	"altR+caps+shift": {
		"~": "B07",
		"!": "E01",
		"@": "E02",
		"#": "E03",
		"$": "E04",
		"%": "E05",
		"^": "E06",
		"&": "E07",
		"*": "E08",
		"(": "E09",
		")": "E10",
		"_": "E11",
		"+": "E12",
		"\u00e4": "D01",
		"\u00e5": "D02",
		"\u00e3": "D03",
		"\u00f8": "D04",
		"\u0111": "D06",
		"\u0142": "D07",
		"\u00fa": "D08",
		"\u00fc": "D09",
		"p": "D10",
		"{": "D11",
		"}": "D12",
		"|": "D13",
		"\u00e1": "C01",
		"\u030b": "C04",
		"\u00f1": "C07",
		"\u00e9": "C08",
		"\u00ed": "C09",
		"\u00f3": "C10",
		"\"": "C11",
		"-": "B00",
		"\u00e6": "B01",
		"\u00e7": "B03",
		"\u0153": "B04",
		"<": "B08",
		">": "B09",
		"?": "B10",
		"\u00a0": "A03"
	}
}