{
	"lang": "Greece (Chrome OS)",
	"": {
		"`": "E00",
		"5": "E05",
		"6": "E06",
		"8": "E08",
		"9": "E09",
		"-": "E11",
		"=": "E12",
		"\u03b5": "D03",
		"\u03c4": "D05",
		"\u03c5": "D06",
		"\u03bf": "D09",
		"\\": "D13",
		"\u03b1": "C01",
		"\u03c3": "C02",
		"\u03b7": "C06",
		"\u00ab": "B00",
		"/": "B10",
		" ": "A03"
	},
	"shift": {
		"~": "E00",
		"%": "E05",
		"^": "E06",
		"*": "E08",
		"(": "E09",
		"_": "E11",
		"+": "E12",
		"\u0395": "D03",
		"\u03a4": "D05",
		"\u03a5": "D06",
		"\u039f": "D09",
		"|": "D13",
		"\u0391": "C01",
		"\u03a3": "C02",
		"\u0397": "C06",
		"\u00bb": "B00",
		"?": "B10",
		" ": "A03"
	},
	"caps": {
		"`": "E00",
		"5": "E05",
		"6": "E06",
		"8": "E08",
		"9": "E09",
		"-": "E11",
		"=": "E12",
		"\u03a3": "C02",
		"\u0395": "D03",
		"\u03a1": "D04",
		"\u03a4": "D05",
		"\u03a5": "D06",
		"\u0398": "D07",
		"\u0399": "D08",
		"\u039f": "D09",
		"\u03a0": "D10",
		"\\": "D13",
		"\u0391": "C01",
		"\u0394": "C03",
		"\u03a6": "C04",
		"\u0393": "C05",
		"\u0397": "C06",
		"\u039e": "C07",
		"\u039a": "C08",
		"\u039b": "C09",
		"\u00ab": "B00",
		"\u0396": "B01",
		"\u03a7": "B02",
		"\u03a8": "B03",
		"\u03a9": "B04",
		"\u0392": "B05",
		"\u039d": "B06",
		"\u039c": "B07",
		"/": "B10",
		" ": "A03"
	},
	"caps+shift": {
		"~": "E00",
		"!": "E01",
		"@": "E02",
		"#": "E03",
		"$": "E04",
		"5": "E05",
		"^": "E06",
		"&": "E07",
		"*": "E08",
		"(": "E09",
		")": "E10",
		"_": "E11",
		"+": "E12",
		":": "D01",
		"\u03b5": "D03",
		"\u03c4": "D05",
		"\u03c5": "D06",
		"\u03bf": "D09",
		"{": "D11",
		"}": "D12",
		"|": "D13",
		"\u03b1": "C01",
		"\u03c3": "C02",
		"\u03b7": "C06",
		"\u0308": "C10",
		"\"": "C11",
		"\u00bb": "B00",
		"<": "B08",
		">": "B09",
		"?": "B10",
		" ": "A03"
	},
	"altR": {
		"`": "E00",
		"\u00bd": "E02",
		"\u00a3": "E03",
		"\u00bc": "E04",
		"\u20ac": "D03",
		"6": "E06",
		"\u03f0": "E07",
		"8": "E08",
		"9": "E09",
		"\u00b0": "E10",
		"-": "E11",
		"=": "E12",
		"\u00b7": "D01",
		"\u03db": "D02",
		"\u00ae": "D04",
		"\u03c4": "D05",
		"\u03c5": "D06",
		"\u03d1": "D07",
		"\u037b": "D08",
		"\u03bf": "D09",
		"\u03e1": "D10",
		"\u0303": "D11",
		"\u0345": "D12",
		"\\": "D13",
		"\u03b1": "C01",
		"\u03c3": "C02",
		"\u2193": "C03",
		"\u03d5": "C04",
		"\u03dd": "C05",
		"\u03b7": "C06",
		"\u037c": "C07",
		"\u03df": "C08",
		"\u03f2": "C09",
		"\u0301": "C10",
		"\u0300": "C11",
		"\u00ab": "B08",
		"\u037d": "B01",
		"\u2192": "B02",
		"\u00a9": "B03",
		"\u03d6": "B04",
		"\u03d0": "B05",
		"\u0374": "B06",
		"\u03fb": "B07",
		"\u00bb": "B09",
		"/": "B10",
		" ": "A03"
	},
	"altR+shift": {
		"~": "E00",
		"\u00b9": "E01",
		"\u00b2": "E02",
		"\u00b3": "E03",
		"\u00be": "E04",
		"%": "E05",
		"^": "E06",
		"&": "E07",
		"*": "E08",
		"(": "E09",
		")": "E10",
		"_": "E11",
		"+": "E12",
		":": "D01",
		"\u03da": "D02",
		"\u0395": "D03",
		"\u03f1": "D04",
		"\u03a4": "D05",
		"\u03a5": "D06",
		"\u03f4": "D07",
		"\u03fd": "D08",
		"\u039f": "D09",
		"\u03e0": "D10",
		"\u0304": "D11",
		"\u0306": "D12",
		"|": "D13",
		"\u0391": "C01",
		"\u03a3": "C02",
		"\u2191": "C03",
		"\u03a6": "C04",
		"\u03dc": "C05",
		"\u0397": "C06",
		"\u03fe": "C07",
		"\u03de": "C08",
		"\u03f9": "C09",
		"\u1fbf": "C10",
		"\u1ffe": "C11",
		"\u00bb": "B00",
		"\u03ff": "B01",
		"\u2190": "B02",
		"\u03a8": "B03",
		"\u03a9": "B04",
		"\u0392": "B05",
		"\u0375": "B06",
		"\u03fa": "B07",
		"<": "B08",
		"\u00b7": "B09",
		"?": "B10",
		" ": "A03"
	},
	"altR+caps": {
		"`": "E00",
		"1": "E01",
		"2": "E02",
		"3": "E03",
		"4": "E04",
		"5": "E05",
		"6": "E06",
		"7": "E07",
		"8": "E08",
		"9": "E09",
		"0": "E10",
		"-": "E11",
		"=": "E12",
		";": "D01",
		"\u03a3": "C02",
		"\u0395": "D03",
		"\u03a1": "D04",
		"\u03a4": "D05",
		"\u03a5": "D06",
		"\u0398": "D07",
		"\u0399": "D08",
		"\u039f": "D09",
		"\u03a0": "D10",
		"[": "D11",
		"]": "D12",
		"\\": "D13",
		"\u0391": "C01",
		"\u0394": "C03",
		"\u03a6": "C04",
		"\u0393": "C05",
		"\u0397": "C06",
		"\u039e": "C07",
		"\u039a": "C08",
		"\u039b": "C09",
		"\u0301": "C10",
		"'": "C11",
		"\u00ab": "B00",
		"\u0396": "B01",
		"\u03a7": "B02",
		"\u03a8": "B03",
		"\u03a9": "B04",
		"\u0392": "B05",
		"\u039d": "B06",
		"\u039c": "B07",
		",": "B08",
		".": "B09",
		"/": "B10",
		" ": "A03"
	},
	"altR+caps+shift": {
		"~": "E00",
		"!": "E01",
		"@": "E02",
		"#": "E03",
		"$": "E04",
		"%": "E05",
		"^": "E06",
		"&": "E07",
		"*": "E08",
		"(": "E09",
		")": "E10",
		"_": "E11",
		"+": "E12",
		":": "D01",
		"\u03c2": "D02",
		"\u03b5": "D03",
		"\u03c1": "D04",
		"\u03c4": "D05",
		"\u03c5": "D06",
		"\u03b8": "D07",
		"\u03b9": "D08",
		"\u03bf": "D09",
		"\u03c0": "D10",
		"{": "D11",
		"}": "D12",
		"|": "D13",
		"\u03b1": "C01",
		"\u03c3": "C02",
		"\u03b4": "C03",
		"\u03c6": "C04",
		"\u03b3": "C05",
		"\u03b7": "C06",
		"\u03be": "C07",
		"\u03ba": "C08",
		"\u03bb": "C09",
		"\u0308": "C10",
		"\"": "C11",
		"\u00bb": "B00",
		"\u03b6": "B01",
		"\u03c7": "B02",
		"\u03c8": "B03",
		"\u03c9": "B04",
		"\u03b2": "B05",
		"\u03bd": "B06",
		"\u03bc": "B07",
		"<": "B08",
		">": "B09",
		"?": "B10",
		" ": "A03"
	}
}