{
	"lang": "Canada (Chrome OS)",
	"": {
		"#": "E00",
		"1": "E01",
		"2": "E02",
		"3": "E03",
		"4": "E04",
		"5": "E05",
		"6": "E06",
		"7": "E07",
		"8": "E08",
		"9": "E09",
		"0": "E10",
		"-": "E11",
		"=": "E12",
		"q": "D01",
		"w": "D02",
		"e": "D03",
		"r": "D04",
		"t": "D05",
		"y": "D06",
		"u": "D07",
		"i": "D08",
		"o": "D09",
		"p": "D10",
		"\u0302": "D11",
		"\u0327": "D12",
		"<": "D13",
		"a": "C01",
		"s": "C02",
		"d": "C03",
		"f": "C04",
		"g": "C05",
		"h": "C06",
		"j": "C07",
		"k": "C08",
		"l": "C09",
		";": "C10",
		"\u0300": "C11",
		"\u00ab": "B00",
		"z": "B01",
		"x": "B02",
		"c": "B03",
		"v": "B04",
		"b": "B05",
		"n": "B06",
		"m": "B07",
		",": "B08",
		".": "B09",
		"\u00e9": "B10",
		" ": "A03"
	},
	"shift": {
		"|": "E00",
		"!": "E01",
		"\"": "E02",
		"/": "E03",
		"$": "E04",
		"%": "E05",
		"?": "E06",
		"&": "E07",
		"*": "E08",
		"(": "E09",
		")": "E10",
		"_": "E11",
		"+": "E12",
		"Q": "D01",
		"W": "D02",
		"E": "D03",
		"R": "D04",
		"T": "D05",
		"Y": "D06",
		"U": "D07",
		"I": "D08",
		"O": "D09",
		"P": "D10",
		"\u0302": "D11",
		"\u0308": "D12",
		">": "D13",
		"A": "C01",
		"S": "C02",
		"D": "C03",
		"F": "C04",
		"G": "C05",
		"H": "C06",
		"J": "C07",
		"K": "C08",
		"L": "C09",
		":": "C10",
		"\u0300": "C11",
		"\u00bb": "B00",
		"Z": "B01",
		"X": "B02",
		"C": "B03",
		"V": "B04",
		"B": "B05",
		"N": "B06",
		"M": "B07",
		"'": "B08",
		".": "B09",
		"\u00c9": "B10",
		" ": "A03"
	},
	"caps": {
		"#": "E00",
		"1": "E01",
		"2": "E02",
		"3": "E03",
		"4": "E04",
		"5": "E05",
		"6": "E06",
		"7": "E07",
		"8": "E08",
		"9": "E09",
		"0": "E10",
		"-": "E11",
		"=": "E12",
		"Q": "D01",
		"W": "D02",
		"E": "D03",
		"R": "D04",
		"T": "D05",
		"Y": "D06",
		"U": "D07",
		"I": "D08",
		"O": "D09",
		"P": "D10",
		"\u0302": "D11",
		"\u0327": "D12",
		"<": "D13",
		"A": "C01",
		"S": "C02",
		"D": "C03",
		"F": "C04",
		"G": "C05",
		"H": "C06",
		"J": "C07",
		"K": "C08",
		"L": "C09",
		";": "C10",
		"\u0300": "C11",
		"\u00ab": "B00",
		"Z": "B01",
		"X": "B02",
		"C": "B03",
		"V": "B04",
		"B": "B05",
		"N": "B06",
		"M": "B07",
		",": "B08",
		".": "B09",
		"\u00c9": "B10",
		" ": "A03"
	},
	"caps+shift": {
		"|": "E00",
		"!": "E01",
		"\"": "E02",
		"/": "E03",
		"$": "E04",
		"%": "E05",
		"?": "E06",
		"&": "E07",
		"*": "E08",
		"(": "E09",
		")": "E10",
		"_": "E11",
		"+": "E12",
		"q": "D01",
		"w": "D02",
		"e": "D03",
		"r": "D04",
		"t": "D05",
		"y": "D06",
		"u": "D07",
		"i": "D08",
		"o": "D09",
		"p": "D10",
		"\u0302": "D11",
		"\u0308": "D12",
		">": "D13",
		"a": "C01",
		"s": "C02",
		"d": "C03",
		"f": "C04",
		"g": "C05",
		"h": "C06",
		"j": "C07",
		"k": "C08",
		"l": "C09",
		":": "C10",
		"\u0300": "C11",
		"\u00bb": "B00",
		"z": "B01",
		"x": "B02",
		"c": "B03",
		"v": "B04",
		"b": "B05",
		"n": "B06",
		"m": "B07",
		"'": "B08",
		".": "B09",
		"\u00e9": "B10",
		" ": "A03"
	},
	"altR": {
		"\\": "E00",
		"\u00b1": "E01",
		"@": "E02",
		"\u00a3": "E03",
		"\u00a2": "E04",
		"\u00a4": "E05",
		"\u00ac": "E06",
		"\u00a6": "E07",
		"\u00b2": "E08",
		"\u00b3": "E09",
		"\u00bc": "E10",
		"\u00bd": "E11",
		"\u00be": "E12",
		"q": "D01",
		"w": "D02",
		"e": "D03",
		"r": "D04",
		"t": "D05",
		"y": "D06",
		"u": "D07",
		"i": "D08",
		"\u00a7": "D09",
		"\u00b6": "D10",
		"[": "D11",
		"]": "D12",
		"}": "D13",
		"a": "C01",
		"s": "C02",
		"d": "C03",
		"f": "C04",
		"g": "C05",
		"h": "C06",
		"j": "C07",
		"k": "C08",
		"l": "C09",
		"~": "C10",
		"{": "C11",
		"\u00b0": "B00",
		"z": "B01",
		"x": "B02",
		"c": "B03",
		"v": "B04",
		"b": "B05",
		"n": "B06",
		"\u00b5": "B07",
		"\u00af": "B08",
		"\u00ad": "B09",
		"\u0301": "B10",
		"\u00a0": "A03"
	},
	"altR+shift": {
		"#": "E00",
		"1": "E01",
		"2": "E02",
		"3": "E03",
		"4": "E04",
		"5": "E05",
		"6": "E06",
		"7": "E07",
		"8": "E08",
		"9": "E09",
		"0": "E10",
		"-": "E11",
		"=": "E12",
		"Q": "D01",
		"W": "D02",
		"E": "D03",
		"R": "D04",
		"T": "D05",
		"Y": "D06",
		"U": "D07",
		"I": "D08",
		"o": "D09",
		"p": "D10",
		"\u0302": "D11",
		"\u0327": "D12",
		"<": "D13",
		"A": "C01",
		"S": "C02",
		"D": "C03",
		"F": "C04",
		"G": "C05",
		"H": "C06",
		"J": "C07",
		"K": "C08",
		"L": "C09",
		";": "C10",
		"\u0300": "C11",
		"\u00ab": "B00",
		"Z": "B01",
		"X": "B02",
		"C": "B03",
		"V": "B04",
		"B": "B05",
		"N": "B06",
		"m": "B07",
		",": "B08",
		".": "B09",
		"\u00e9": "B10",
		" ": "A03"
	},
	"altR+caps": {
		"#": "E00",
		"1": "E01",
		"2": "E02",
		"3": "E03",
		"4": "E04",
		"5": "E05",
		"6": "E06",
		"7": "E07",
		"8": "E08",
		"9": "E09",
		"0": "E10",
		"-": "E11",
		"=": "E12",
		"Q": "D01",
		"W": "D02",
		"E": "D03",
		"R": "D04",
		"T": "D05",
		"Y": "D06",
		"U": "D07",
		"I": "D08",
		"\u00a7": "D09",
		"\u00b6": "D10",
		"[": "D11",
		"\u0327": "D12",
		"<": "D13",
		"A": "C01",
		"S": "C02",
		"D": "C03",
		"F": "C04",
		"G": "C05",
		"H": "C06",
		"J": "C07",
		"K": "C08",
		"L": "C09",
		";": "C10",
		"{": "C11",
		"\u00ab": "B00",
		"Z": "B01",
		"X": "B02",
		"C": "B03",
		"V": "B04",
		"B": "B05",
		"N": "B06",
		"\u00b5": "B07",
		",": "B08",
		"\u00ad": "B09",
		"\u0301": "B10",
		"\u00a0": "A03"
	}
}