{
	"lang": "Canadian Multilingual (Chrome OS)",
	"": {
		"/": "E00",
		"1": "E01",
		"2": "E02",
		"3": "E03",
		"4": "E04",
		"5": "E05",
		"6": "E06",
		"7": "E07",
		"8": "E08",
		"9": "E09",
		"0": "E10",
		"-": "E11",
		"=": "E12",
		"q": "D01",
		"w": "D02",
		"e": "D03",
		"r": "D04",
		"t": "D05",
		"y": "D06",
		"u": "D07",
		"i": "D08",
		"o": "D09",
		"p": "D10",
		"\u0302": "D11",
		"\u00e7": "D12",
		"\u00e0": "D13",
		"a": "C01",
		"s": "C02",
		"d": "C03",
		"f": "C04",
		"g": "C05",
		"h": "C06",
		"j": "C07",
		"k": "C08",
		"l": "C09",
		";": "C10",
		"\u00e8": "C11",
		"\u00f9": "B00",
		"z": "B01",
		"x": "B02",
		"c": "B03",
		"v": "B04",
		"b": "B05",
		"n": "B06",
		"m": "B07",
		",": "B08",
		".": "B09",
		"\u00e9": "B10",
		" ": "A03"
	},
	"shift": {
		"\\": "E00",
		"!": "E01",
		"@": "E02",
		"#": "E03",
		"$": "E04",
		"%": "E05",
		"?": "E06",
		"&": "E07",
		"*": "E08",
		"(": "E09",
		")": "E10",
		"_": "E11",
		"+": "E12",
		"Q": "D01",
		"W": "D02",
		"E": "D03",
		"R": "D04",
		"T": "D05",
		"Y": "D06",
		"U": "D07",
		"I": "D08",
		"O": "D09",
		"P": "D10",
		"\u0308": "D11",
		"\u00c7": "D12",
		"\u00c0": "D13",
		"A": "C01",
		"S": "C02",
		"D": "C03",
		"F": "C04",
		"G": "C05",
		"H": "C06",
		"J": "C07",
		"K": "C08",
		"L": "C09",
		":": "C10",
		"\u00c8": "C11",
		"\u00d9": "B00",
		"Z": "B01",
		"X": "B02",
		"C": "B03",
		"V": "B04",
		"B": "B05",
		"N": "B06",
		"M": "B07",
		"'": "B08",
		"\"": "B09",
		"\u00c9": "B10",
		" ": "A03"
	},
	"caps": {
		"\\": "E00",
		"!": "E01",
		"@": "E02",
		"#": "E03",
		"$": "E04",
		"%": "E05",
		"?": "E06",
		"&": "E07",
		"*": "E08",
		"(": "E09",
		")": "E10",
		"_": "E11",
		"+": "E12",
		"Q": "D01",
		"W": "D02",
		"E": "D03",
		"R": "D04",
		"T": "D05",
		"Y": "D06",
		"U": "D07",
		"I": "D08",
		"O": "D09",
		"P": "D10",
		"\u0302": "D11",
		"\u00c7": "D12",
		"\u00c0": "D13",
		"A": "C01",
		"S": "C02",
		"D": "C03",
		"F": "C04",
		"G": "C05",
		"H": "C06",
		"J": "C07",
		"K": "C08",
		"L": "C09",
		";": "C10",
		"\u00c8": "C11",
		"\u00d9": "B00",
		"Z": "B01",
		"X": "B02",
		"C": "B03",
		"V": "B04",
		"B": "B05",
		"N": "B06",
		"M": "B07",
		"'": "B08",
		"\"": "B09",
		"\u00c9": "B10",
		" ": "A03"
	},
	"altR": {
		"|": "E00",
		"\u00b1": "E01",
		"@": "E02",
		"\u00a3": "E03",
		"\u00a2": "E04",
		"\u00a4": "E05",
		"\u00ac": "E12",
		"{": "C11",
		"}": "D13",
		"[": "E09",
		"]": "E10",
		"\u00bd": "E11",
		"q": "D01",
		"w": "D02",
		"e": "D03",
		"r": "D04",
		"t": "D05",
		"y": "D06",
		"u": "D07",
		"i": "D08",
		"\u00a7": "D09",
		"\u00b6": "D10",
		"\u0300": "D11",
		"~": "D12",
		"a": "C01",
		"s": "C02",
		"d": "C03",
		"f": "C04",
		"g": "C05",
		"h": "C06",
		"j": "C07",
		"k": "C08",
		"l": "C09",
		"\u00b0": "B00",
		"\u00ab": "B01",
		"\u00bb": "B02",
		"c": "B03",
		"v": "B04",
		"b": "B05",
		"n": "B06",
		"\u00b5": "B07",
		"<": "B08",
		">": "B09",
		"\u0301": "B10",
		"\u00a0": "A03"
	},
	"altR+caps": {
		"|": "E00",
		"\u00b1": "E01",
		"@": "E02",
		"\u00a3": "E03",
		"\u00a2": "E04",
		"\u00a4": "E05",
		"\u00ac": "E12",
		"{": "C11",
		"}": "D13",
		"[": "E09",
		"]": "E10",
		"\u00bd": "E11",
		"q": "D01",
		"w": "D02",
		"e": "D03",
		"r": "D04",
		"t": "D05",
		"y": "D06",
		"u": "D07",
		"i": "D08",
		"\u00a7": "D09",
		"\u00b6": "D10",
		"\u0302": "D11",
		"~": "D12",
		"a": "C01",
		"s": "C02",
		"d": "C03",
		"f": "C04",
		"g": "C05",
		"h": "C06",
		"j": "C07",
		"k": "C08",
		"l": "C09",
		";": "C10",
		"\u00b0": "B00",
		"\u00ab": "B01",
		"\u00bb": "B02",
		"c": "B03",
		"v": "B04",
		"b": "B05",
		"n": "B06",
		"\u00b5": "B07",
		"<": "B08",
		">": "B09",
		"\u0301": "B10",
		" ": "A03"
	},
	"ctrl": {
		"/": "E00",
		"\u00b9": "E01",
		"\u00b2": "E02",
		"\u00b3": "E03",
		"\u00bc": "E04",
		"\u00bd": "E05",
		"\u00be": "E06",
		"7": "E07",
		"8": "E08",
		"9": "E09",
		"0": "E10",
		"-": "E11",
		"\u0327": "E12",
		"q": "D01",
		"\u0142": "D02",
		"\u0153": "D03",
		"\u00b6": "D04",
		"\u0167": "D05",
		"\u2190": "D06",
		"\u2193": "D07",
		"\u2192": "D08",
		"\u00f8": "D09",
		"\u00fe": "D10",
		"\u0302": "D11",
		"\u0303": "D12",
		"\u00e0": "D13",
		"\u00e6": "C01",
		"\u00df": "C02",
		"\u00f0": "C03",
		"f": "C04",
		"\u014b": "C05",
		"\u0127": "C06",
		"\u0133": "C07",
		"\u0138": "C08",
		"\u0140": "C09",
		"\u0301": "C10",
		"\u00e8": "C11",
		"\u00f9": "B00",
		"z": "B01",
		"x": "B02",
		"\u00a2": "B03",
		"\u201c": "B04",
		"\u201d": "B05",
		"\u0149": "B06",
		"\u00b5": "B07",
		"\u2015": "B08",
		"\u00b7": "B09",
		"\u00e9": "B10",
		" ": "A03"
	},
	"ctrl+shift": {
		"\u00ad": "E00",
		"\u00a1": "E01",
		"2": "E02",
		"\u00a3": "E03",
		"\u00a4": "E04",
		"\u215c": "E05",
		"\u215d": "E06",
		"\u215e": "E07",
		"\u2122": "E08",
		"\u00b1": "E09",
		"0": "E10",
		"\u00bf": "E11",
		"\u0328": "E12",
		"\u03a9": "D01",
		"\u0141": "D02",
		"\u0152": "D03",
		"\u00ae": "D04",
		"\u0166": "D05",
		"\u00a5": "D06",
		"\u2191": "D07",
		"\u0131": "D08",
		"\u00d8": "D09",
		"\u00de": "D10",
		"\u030a": "D11",
		"\u0304": "D12",
		"\u0306": "D13",
		"\u00c6": "C01",
		"\u00a7": "C02",
		"\u00d0": "C03",
		"\u00aa": "C04",
		"\u014a": "C05",
		"\u0126": "C06",
		"\u0132": "C07",
		"k": "C08",
		"\u013f": "C09",
		"\u030b": "C10",
		"\u030c": "C11",
		"\u00a6": "B00",
		"z": "B01",
		"x": "B02",
		"\u00a9": "B03",
		"\u2018": "B04",
		"\u2019": "B05",
		"\u266a": "B06",
		"\u00ba": "B07",
		"\u00d7": "B08",
		"\u00f7": "B09",
		"\u0307": "B10",
		" ": "A03"
	},
	"ctrl+caps": {
		"\u00ad": "E00",
		"\u00a1": "E01",
		"2": "E02",
		"\u00a3": "E03",
		"\u00a4": "E04",
		"\u215c": "E05",
		"\u215d": "E06",
		"\u215e": "E07",
		"\u2122": "E08",
		"\u00b1": "E09",
		"0": "E10",
		"\u00bf": "E11",
		"\u0328": "E12",
		"\u03a9": "D01",
		"\u0141": "D02",
		"\u0152": "D03",
		"\u00ae": "D04",
		"\u0166": "D05",
		"\u00a5": "D06",
		"\u2191": "D07",
		"\u0131": "D08",
		"\u00d8": "D09",
		"\u00de": "D10",
		"\u0302": "D11",
		"\u0304": "D12",
		"\u0306": "D13",
		"\u00c6": "C01",
		"\u00a7": "C02",
		"\u00d0": "C03",
		"\u00aa": "C04",
		"\u014a": "C05",
		"\u0126": "C06",
		"\u0132": "C07",
		"k": "C08",
		"\u013f": "C09",
		";": "C10",
		"\u030c": "C11",
		"\u00a6": "B00",
		"z": "B01",
		"x": "B02",
		"\u00a9": "B03",
		"\u2018": "B04",
		"\u2019": "B05",
		"\u266a": "B06",
		"\u00ba": "B07",
		"\u00d7": "B08",
		"\u00f7": "B09",
		"\u0307": "B10",
		" ": "A03"
	}
}