{
	"lang": "Turkey (Chrome OS)",
	"": {
		"\"": "E00",
		"1": "E01",
		"2": "E02",
		"3": "E03",
		"4": "E04",
		"5": "E05",
		"6": "E06",
		"7": "E07",
		"8": "E08",
		"9": "E09",
		"0": "E10",
		"*": "E11",
		"-": "E12",
		"q": "D01",
		"w": "D02",
		"e": "D03",
		"r": "D04",
		"t": "D05",
		"y": "D06",
		"u": "D07",
		"\u0131": "D08",
		"o": "D09",
		"p": "D10",
		"\u011f": "D11",
		"\u00fc": "D12",
		",": "D13",
		"a": "C01",
		"s": "C02",
		"d": "C03",
		"f": "C04",
		"g": "C05",
		"h": "C06",
		"j": "C07",
		"k": "C08",
		"l": "C09",
		"\u015f": "C10",
		"i": "C11",
		"<": "B00",
		"z": "B01",
		"x": "B02",
		"c": "B03",
		"v": "B04",
		"b": "B05",
		"n": "B06",
		"m": "B07",
		"\u00f6": "B08",
		"\u00e7": "B09",
		".": "B10",
		" ": "A03"
	},
	"shift": {
		"\u00e9": "E00",
		"!": "E01",
		"'": "E02",
		"^": "E03",
		"+": "E04",
		"%": "E05",
		"&": "E06",
		"/": "E07",
		"(": "E08",
		")": "E09",
		"=": "E10",
		"?": "E11",
		"_": "E12",
		"Q": "D01",
		"W": "D02",
		"E": "D03",
		"R": "D04",
		"T": "D05",
		"Y": "D06",
		"U": "D07",
		"I": "D08",
		"O": "D09",
		"P": "D10",
		"\u011e": "D11",
		"\u00dc": "D12",
		";": "D13",
		"A": "C01",
		"S": "C02",
		"D": "C03",
		"F": "C04",
		"G": "C05",
		"H": "C06",
		"J": "C07",
		"K": "C08",
		"L": "C09",
		"\u015e": "C10",
		"\u0130": "C11",
		">": "B00",
		"Z": "B01",
		"X": "B02",
		"C": "B03",
		"V": "B04",
		"B": "B05",
		"N": "B06",
		"M": "B07",
		"\u00d6": "B08",
		"\u00c7": "B09",
		":": "B10",
		" ": "A03"
	},
	"caps": {
		"\"": "E00",
		"1": "E01",
		"2": "E02",
		"3": "E03",
		"4": "E04",
		"5": "E05",
		"6": "E06",
		"7": "E07",
		"8": "E08",
		"9": "E09",
		"0": "E10",
		"*": "E11",
		"-": "E12",
		"Q": "D01",
		"W": "D02",
		"E": "D03",
		"R": "D04",
		"T": "D05",
		"Y": "D06",
		"U": "D07",
		"I": "D08",
		"O": "D09",
		"P": "D10",
		"\u011e": "D11",
		"\u00dc": "D12",
		",": "D13",
		"A": "C01",
		"S": "C02",
		"D": "C03",
		"F": "C04",
		"G": "C05",
		"H": "C06",
		"J": "C07",
		"K": "C08",
		"L": "C09",
		"\u015e": "C10",
		"\u0130": "C11",
		"<": "B00",
		"Z": "B01",
		"X": "B02",
		"C": "B03",
		"V": "B04",
		"B": "B05",
		"N": "B06",
		"M": "B07",
		"\u00d6": "B08",
		"\u00c7": "B09",
		".": "B10",
		" ": "A03"
	},
	"caps+shift": {
		"~": "E00",
		"!": "E01",
		"@": "E02",
		"#": "E03",
		"$": "E04",
		"%": "E05",
		"^": "E06",
		"&": "E07",
		"*": "E08",
		"(": "E09",
		")": "E10",
		"_": "E11",
		"+": "E12",
		"q": "D01",
		"w": "D02",
		"e": "D03",
		"r": "D04",
		"t": "D05",
		"y": "D06",
		"u": "D07",
		"\u0131": "D08",
		"o": "D09",
		"p": "D10",
		"{": "D11",
		"}": "D12",
		"|": "D13",
		"a": "C01",
		"s": "C02",
		"d": "C03",
		"f": "C04",
		"g": "C05",
		"h": "C06",
		"j": "C07",
		"k": "C08",
		"l": "C09",
		":": "C10",
		"\"": "C11",
		">": "B09",
		"z": "B01",
		"x": "B02",
		"c": "B03",
		"v": "B04",
		"b": "B05",
		"n": "B06",
		"m": "B07",
		"<": "B08",
		"?": "B10",
		" ": "A03"
	},
	"altR": {
		"<": "E00",
		">": "E01",
		"\u00a3": "E02",
		"#": "E03",
		"$": "E04",
		"\u00bd": "E05",
		"\u00be": "E06",
		"{": "E07",
		"[": "E08",
		"]": "E09",
		"}": "E10",
		"\\": "E11",
		"|": "B00",
		"@": "D01",
		"\u0000": "C09",
		"\u20ac": "D03",
		"\u00b6": "D04",
		"\u2122": "D05",
		"\u2190": "D06",
		"\u00fb": "D07",
		"\u00ee": "D08",
		"\u00f4": "D09",
		"\u0308": "D11",
		"~": "D12",
		"`": "D13",
		"\u00e2": "C01",
		"\u00a7": "C02",
		"\u00aa": "C04",
		"j": "C07",
		"\u00b4": "C10",
		"'": "C11",
		"\u00ab": "B01",
		"\u00bb": "B02",
		"\u00a2": "B03",
		"\u201c": "B04",
		"\u201d": "B05",
		"n": "B06",
		"\u00b5": "B07",
		"\u00d7": "B08",
		"\u00b7": "B09",
		"\u0307": "B10",
		" ": "A03"
	},
	"altR+shift": {
		"\u00b0": "E10",
		"\u00a1": "E01",
		"\u00b2": "E02",
		"\u00b3": "E03",
		"\u00bc": "E04",
		"\u215c": "E05",
		"\u0000": "B08",
		"\u00b1": "E09",
		"\u00bf": "E11",
		"\u03a9": "D01",
		"\u00ae": "D04",
		"\u00a5": "D06",
		"\u00db": "D07",
		"\u00ce": "D08",
		"\u00d4": "D09",
		"\u030a": "D11",
		"\u0304": "D12",
		"\u0300": "D13",
		"\u00c2": "C01",
		"J": "C07",
		"\u0301": "C10",
		"\u030c": "C11",
		"\u00a6": "B00",
		"<": "B01",
		">": "B02",
		"\u00a9": "B03",
		"\u2018": "B04",
		"\u2019": "B05",
		"N": "B06",
		"\u00ba": "B07",
		"\u00f7": "B09",
		"\u0307": "B10",
		" ": "A03"
	},
	"altR+caps": {
		"\"": "E00",
		"1": "E01",
		"2": "E02",
		"3": "E03",
		"4": "E04",
		"5": "E05",
		"6": "E06",
		"7": "E07",
		"8": "E08",
		"9": "E09",
		"0": "E10",
		"*": "E11",
		"-": "E12",
		"@": "D01",
		"\u0000": "C09",
		"\u20ac": "D03",
		"\u00b6": "D04",
		"\u2122": "D05",
		"\u2190": "D06",
		"\u00db": "D07",
		"\u00ce": "D08",
		"\u00d4": "D09",
		"\u011e": "D11",
		"~": "D12",
		",": "D13",
		"\u00c2": "C01",
		"\u00a7": "C02",
		"\u00aa": "C04",
		"J": "C07",
		"\u00b4": "C10",
		"'": "C11",
		"<": "B00",
		"\u00ab": "B01",
		"\u00bb": "B02",
		"\u00a2": "B03",
		"\u201c": "B04",
		"\u201d": "B05",
		"N": "B06",
		"\u00b5": "B07",
		"\u00d7": "B08",
		"\u00b7": "B09",
		".": "B10",
		" ": "A03"
	},
	"altR+caps+shift": {
		"\"": "E00",
		"1": "E01",
		"2": "E02",
		"3": "E03",
		"4": "E04",
		"5": "E05",
		"6": "E06",
		"7": "E07",
		"8": "E08",
		"9": "E09",
		"0": "E10",
		"*": "E11",
		"-": "E12",
		"\u03a9": "D01",
		"\u0000": "B08",
		"\u00ae": "D04",
		"\u00a5": "D06",
		"\u00fb": "D07",
		"\u00ee": "D08",
		"\u00f4": "D09",
		"\u011f": "D11",
		"\u0304": "D12",
		",": "D13",
		"\u00e2": "C01",
		"j": "C07",
		"\u0301": "C10",
		"\u030c": "C11",
		"<": "B01",
		">": "B02",
		"\u00a9": "B03",
		"\u2018": "B04",
		"\u2019": "B05",
		"n": "B06",
		"\u00ba": "B07",
		"\u00f7": "B09",
		".": "B10",
		" ": "A03"
	}
}