{
	"lang": "United Kingdom - Dvorak (Chrome OS)",
	"": {
		"`": "E00",
		"1": "E01",
		"2": "E02",
		"3": "E03",
		"4": "E04",
		"5": "E05",
		"6": "E06",
		"7": "E07",
		"8": "E08",
		"9": "E09",
		"0": "E10",
		"[": "E11",
		"]": "E12",
		"'": "D01",
		",": "D02",
		".": "D03",
		"p": "D04",
		"y": "D05",
		"f": "D06",
		"g": "D07",
		"c": "D08",
		"r": "D09",
		"l": "D10",
		"/": "D11",
		"=": "D12",
		"#": "D13",
		"a": "C01",
		"o": "C02",
		"e": "C03",
		"u": "C04",
		"i": "C05",
		"d": "C06",
		"h": "C07",
		"t": "C08",
		"n": "C09",
		"s": "C10",
		"-": "C11",
		"\\": "B00",
		";": "B01",
		"q": "B02",
		"j": "B03",
		"k": "B04",
		"x": "B05",
		"b": "B06",
		"m": "B07",
		"w": "B08",
		"v": "B09",
		"z": "B10",
		" ": "A03"
	},
	"shift": {
		"\u00ac": "E00",
		"!": "E01",
		"\"": "E02",
		"\u00a3": "E03",
		"$": "E04",
		"%": "E05",
		"^": "E06",
		"&": "E07",
		"*": "E08",
		"(": "E09",
		")": "E10",
		"{": "E11",
		"}": "E12",
		"@": "D01",
		"<": "D02",
		">": "D03",
		"P": "D04",
		"Y": "D05",
		"F": "D06",
		"G": "D07",
		"C": "D08",
		"R": "D09",
		"L": "D10",
		"?": "D11",
		"+": "D12",
		"~": "D13",
		"A": "C01",
		"O": "C02",
		"E": "C03",
		"U": "C04",
		"I": "C05",
		"D": "C06",
		"H": "C07",
		"T": "C08",
		"N": "C09",
		"S": "C10",
		"_": "C11",
		"|": "B00",
		":": "B01",
		"Q": "B02",
		"J": "B03",
		"K": "B04",
		"X": "B05",
		"B": "B06",
		"M": "B07",
		"W": "B08",
		"V": "B09",
		"Z": "B10",
		" ": "A03"
	},
	"caps": {
		"`": "E00",
		"1": "E01",
		"2": "E02",
		"3": "E03",
		"4": "E04",
		"5": "E05",
		"6": "E06",
		"7": "E07",
		"8": "E08",
		"9": "E09",
		"0": "E10",
		"[": "E11",
		"]": "E12",
		"'": "D01",
		",": "D02",
		".": "D03",
		"P": "D04",
		"Y": "D05",
		"F": "D06",
		"G": "D07",
		"C": "D08",
		"R": "D09",
		"L": "D10",
		"/": "D11",
		"=": "D12",
		"#": "D13",
		"A": "C01",
		"O": "C02",
		"E": "C03",
		"U": "C04",
		"I": "C05",
		"D": "C06",
		"H": "C07",
		"T": "C08",
		"N": "C09",
		"S": "C10",
		"-": "C11",
		"\\": "B00",
		";": "B01",
		"Q": "B02",
		"J": "B03",
		"K": "B04",
		"X": "B05",
		"B": "B06",
		"M": "B07",
		"W": "B08",
		"V": "B09",
		"Z": "B10",
		" ": "A03"
	},
	"caps+shift": {
		"~": "E00",
		"!": "E01",
		"@": "E02",
		"#": "E03",
		"$": "E04",
		"%": "E05",
		"^": "E06",
		"&": "E07",
		"*": "E08",
		"(": "E09",
		")": "E10",
		"{": "E11",
		"}": "E12",
		"\"": "D01",
		"<": "D02",
		">": "D03",
		"p": "D04",
		"y": "D05",
		"f": "D06",
		"g": "D07",
		"c": "D08",
		"r": "D09",
		"l": "D10",
		"?": "D11",
		"+": "D12",
		"|": "B00",
		"a": "C01",
		"o": "C02",
		"e": "C03",
		"u": "C04",
		"i": "C05",
		"d": "C06",
		"h": "C07",
		"t": "C08",
		"n": "C09",
		"s": "C10",
		"_": "C11",
		":": "B01",
		"q": "B02",
		"j": "B03",
		"k": "B04",
		"x": "B05",
		"b": "B06",
		"m": "B07",
		"w": "B08",
		"v": "B09",
		"z": "B10",
		" ": "A03"
	},
	"altR": {
		"|": "E00",
		"1": "E01",
		"\u00b2": "E02",
		"\u00b3": "E03",
		"\u20ac": "E04",
		"5": "E05",
		"\u0302": "E06",
		"7": "E07",
		"8": "E08",
		"\u0300": "E09",
		"0": "E10",
		"[": "E11",
		"\u0303": "E12",
		"\u0301": "D01",
		"\u00e4": "D02",
		"\u00ea": "D03",
		"\u00eb": "D04",
		"\u00fc": "D05",
		"f": "D06",
		"g": "D07",
		"\u00e7": "D08",
		"r": "D09",
		"l": "D10",
		"/": "D11",
		"=": "D12",
		"\\": "B00",
		"\u00e0": "C01",
		"\u00f4": "C02",
		"\u00e9": "C03",
		"\u00fb": "C04",
		"\u00ee": "C05",
		"d": "C06",
		"h": "C07",
		"t": "C08",
		"n": "C09",
		"\u00df": "C10",
		"-": "C11",
		"\u00e2": "B01",
		"\u00f6": "B02",
		"\u00e8": "B03",
		"\u00f9": "B04",
		"\u00ef": "B05",
		"b": "B06",
		"m": "B07",
		"w": "B08",
		"v": "B09",
		"z": "B10",
		" ": "A03"
	},
	"altR+shift": {
		"|": "B00",
		"!": "E01",
		"2": "E02",
		"3": "E03",
		"$": "E04",
		"%": "E05",
		"\u0302": "E06",
		"&": "E07",
		"*": "E08",
		"9": "E09",
		")": "E10",
		"{": "E11",
		"]": "E12",
		"\u0308": "D01",
		"\u030c": "D02",
		"\u00b7": "D03",
		"\u0327": "D04",
		"Y": "D05",
		"F": "D06",
		"G": "D07",
		"\u0307": "D08",
		"R": "D09",
		"L": "D10",
		"?": "D11",
		"+": "D12",
		"A": "C01",
		"O": "C02",
		"E": "C03",
		"U": "C04",
		"I": "C05",
		"D": "C06",
		"H": "C07",
		"T": "C08",
		"N": "C09",
		"S": "C10",
		"_": "C11",
		"\u030b": "B03",
		"\u0328": "B02",
		"K": "B04",
		"X": "B05",
		"B": "B06",
		"M": "B07",
		"W": "B08",
		"V": "B09",
		"Z": "B10",
		" ": "A03"
	},
	"altR+caps": {
		"`": "E00",
		"1": "E01",
		"2": "E02",
		"3": "E03",
		"4": "E04",
		"5": "E05",
		"6": "E06",
		"7": "E07",
		"8": "E08",
		"9": "E09",
		"0": "E10",
		"[": "E11",
		"]": "E12",
		"'": "D01",
		",": "D02",
		".": "D03",
		"\u00eb": "D04",
		"\u00fc": "D05",
		"F": "D06",
		"G": "D07",
		"\u00e7": "D08",
		"R": "D09",
		"L": "D10",
		"/": "D11",
		"=": "D12",
		"\\": "B00",
		"\u00e0": "C01",
		"\u00f4": "C02",
		"\u00e9": "C03",
		"\u00fb": "C04",
		"\u00ee": "C05",
		"D": "C06",
		"H": "C07",
		"T": "C08",
		"N": "C09",
		"\u00df": "C10",
		"-": "C11",
		";": "B01",
		"\u00f6": "B02",
		"\u00e8": "B03",
		"\u00f9": "B04",
		"\u00ef": "B05",
		"B": "B06",
		"M": "B07",
		"W": "B08",
		"V": "B09",
		"Z": "B10",
		" ": "A03"
	},
	"altR+caps+shift": {
		"`": "E00",
		"!": "E01",
		"@": "D01",
		"#": "E03",
		"$": "E04",
		"%": "E05",
		"6": "E06",
		"&": "E07",
		"*": "E08",
		"9": "E09",
		")": "E10",
		"{": "E11",
		"]": "E12",
		",": "D02",
		".": "D03",
		"\u0327": "D04",
		"y": "D05",
		"f": "D06",
		"g": "D07",
		"\u0307": "D08",
		"r": "D09",
		"l": "D10",
		"?": "D11",
		"+": "D12",
		"|": "B00",
		"a": "C01",
		"o": "C02",
		"e": "C03",
		"u": "C04",
		"i": "C05",
		"d": "C06",
		"h": "C07",
		"t": "C08",
		"n": "C09",
		"s": "C10",
		"_": "C11",
		";": "B01",
		"\u0328": "B02",
		"\u030b": "B03",
		"k": "B04",
		"x": "B05",
		"b": "B06",
		"m": "B07",
		"w": "B08",
		"v": "B09",
		"z": "B10",
		" ": "A03"
	}
}