{
	"lang": "Germany - Neo 2 (Chrome OS)",
	"": {
		"\u0302": "E00",
		"1": "E01",
		"2": "E02",
		"3": "E03",
		"4": "E04",
		"5": "E05",
		"6": "E06",
		"7": "E07",
		"8": "E08",
		"9": "E09",
		"0": "E10",
		"-": "E11",
		"\u0300": "E12",
		"x": "D01",
		"v": "D02",
		"l": "D03",
		"c": "D04",
		"w": "D05",
		"k": "D06",
		"h": "D07",
		"g": "D08",
		"f": "D09",
		"q": "D10",
		"\u00df": "D11",
		"\u0301": "D12",
		"\u0000": "D13",
		"u": "C01",
		"i": "C02",
		"a": "C03",
		"e": "C04",
		"o": "C05",
		"s": "C06",
		"n": "C07",
		"r": "C08",
		"t": "C09",
		"d": "C10",
		"y": "C11",
		"\u00fc": "B01",
		"\u00f6": "B02",
		"\u00e4": "B03",
		"p": "B04",
		"z": "B05",
		"b": "B06",
		"m": "B07",
		",": "B08",
		".": "B09",
		"j": "B10",
		" ": "A03"
	},
	"shift": {
		"\u0303": "E00",
		"\u00b0": "E01",
		"\u00a7": "E02",
		"\u2113": "E03",
		"\u00bb": "E04",
		"\u00ab": "E05",
		"\u20ac": "E06",
		"$": "E07",
		"\u201e": "E08",
		"\u201c": "E09",
		"\u201d": "E10",
		"\u2014": "E11",
		"\u0300": "E12",
		"X": "D01",
		"V": "D02",
		"L": "D03",
		"C": "D04",
		"W": "D05",
		"K": "D06",
		"H": "D07",
		"G": "D08",
		"F": "D09",
		"Q": "D10",
		"\u1e9e": "D11",
		"\u0327": "D12",
		"\u0000": "D13",
		"U": "C01",
		"I": "C02",
		"A": "C03",
		"E": "C04",
		"O": "C05",
		"S": "C06",
		"N": "C07",
		"R": "C08",
		"T": "C09",
		"D": "C10",
		"Y": "C11",
		"\u00dc": "B01",
		"\u00d6": "B02",
		"\u00c4": "B03",
		"P": "B04",
		"Z": "B05",
		"B": "B06",
		"M": "B07",
		"\u2013": "B08",
		"\u2022": "B09",
		"J": "B10",
		" ": "A03"
	},
	"altR": {
		"\u030a": "E00",
		"\u00b9": "E01",
		"\u00b2": "E02",
		"\u00b3": "E03",
		"\u203a": "E04",
		"\u2039": "E05",
		"\u00a2": "E06",
		"\u00a5": "E07",
		"\u201a": "E08",
		"\u2018": "E09",
		"\u2019": "E10",
		"-": "C09",
		"\u0308": "E12",
		"\u2026": "D01",
		"_": "D02",
		"[": "D03",
		"]": "D04",
		"^": "D05",
		"!": "D06",
		"<": "D07",
		">": "D08",
		"=": "D09",
		"&": "D10",
		"\u017f": "D11",
		"\ufe63": "D12",
		"\u0000": "D13",
		"\\": "C01",
		"/": "C02",
		"{": "C03",
		"}": "C04",
		"*": "C05",
		"?": "C06",
		"(": "C07",
		")": "C08",
		":": "C10",
		"@": "C11",
		"#": "B01",
		"$": "B02",
		"|": "B03",
		"~": "B04",
		"`": "B05",
		"+": "B06",
		"%": "B07",
		"\"": "B08",
		"'": "B09",
		";": "B10",
		" ": "A03"
	},
	"altR+shift": {
		"\u0306": "E00",
		"\u2081": "E01",
		"\u2082": "E02",
		"\u2083": "E03",
		"\u2020": "E04",
		"\u2640": "E05",
		"\u2642": "E06",
		"\u03ba": "E07",
		"\u27e8": "E08",
		"\u27e9": "E09",
		"\u2080": "E10",
		"\u2011": "E11",
		"\u1ffe": "E12",
		"\u03be": "D01",
		"v": "D02",
		"\u03bb": "D03",
		"\u03c7": "D04",
		"\u03c9": "D05",
		"\u03f0": "D06",
		"\u03c8": "D07",
		"\u03b3": "D08",
		"\u03c6": "D09",
		"\u03d5": "D10",
		"\u03c2": "D11",
		"\u1fbf": "D12",
		"\u0000": "D13",
		"u": "C01",
		"\u03b9": "C02",
		"\u03b1": "C03",
		"\u03b5": "C04",
		"\u03bf": "C05",
		"\u03c3": "C06",
		"\u03bd": "C07",
		"\u03f1": "C08",
		"\u03c4": "C09",
		"\u03b4": "C10",
		"\u03c5": "C11",
		"\u00fc": "B01",
		"\u00f6": "B02",
		"\u03b7": "B03",
		"\u03c0": "B04",
		"\u03b6": "B05",
		"\u03b2": "B06",
		"\u03bc": "B07",
		"\u03c1": "B08",
		"\u03d1": "B09",
		"\u03b8": "B10",
		"\u00a0": "A03"
	},
	"ctrl": {
		"\u030c": "E00",
		"\u00aa": "E01",
		"\u00ba": "E02",
		"\u2116": "E03",
		"\u0000": "B03",
		"\u00b7": "E05",
		"\u00a3": "E06",
		"\u00a4": "E07",
		"8": "D08",
		"/": "E09",
		"*": "E10",
		"-": "E11",
		"\u030f": "E12",
		"\u22ee": "D01",
		"\b": "D02",
		"\u00a1": "D06",
		"7": "D07",
		"9": "D09",
		"+": "D10",
		"\u00df": "D11",
		"\u030b": "D12",
		"\u00bf": "C06",
		"4": "C07",
		"5": "C08",
		"6": "C09",
		",": "C10",
		".": "C11",
		"\u001b": "B01",
		"\t": "B02",
		"\r": "B04",
		"z": "B05",
		":": "B06",
		"1": "B07",
		"2": "B08",
		"3": "B09",
		";": "B10",
		"0": "A03"
	},
	"ctrl+shift": {
		"\u0302": "E00",
		"1": "E01",
		"2": "E02",
		"3": "E03",
		"\u0000": "B03",
		"5": "E05",
		"6": "E06",
		"7": "E07",
		"8": "E08",
		"9": "E09",
		"0": "E10",
		"-": "E11",
		"\u0300": "E12",
		"x": "D01",
		"\b": "D02",
		"k": "D06",
		"h": "D07",
		"g": "D08",
		"f": "D09",
		"q": "D10",
		"\u00df": "D11",
		"\u0301": "D12",
		"s": "C06",
		"n": "C07",
		"r": "C08",
		"t": "C09",
		"d": "C10",
		"y": "C11",
		"\u001b": "B01",
		"\t": "B02",
		"\r": "B04",
		"z": "B05",
		"b": "B06",
		"m": "B07",
		",": "B08",
		".": "B09",
		"j": "B10",
		" ": "A03"
	},
	"ctrl+altR": {
		"\u0304": "E00",
		"\u00ac": "E01",
		"\u2228": "E02",
		"\u2227": "E03",
		"\u22a5": "E04",
		"\u2221": "E05",
		"\u2225": "E06",
		"\u2192": "E07",
		"\u221e": "E08",
		"\u220b": "E09",
		"\u2205": "E10",
		"\u00ad": "E11",
		"\u0300": "E12",
		"\u039e": "D01",
		"\u2259": "D02",
		"\u039b": "D03",
		"\u2102": "D04",
		"\u03a9": "D05",
		"\u221a": "D06",
		"\u03a8": "D07",
		"\u0393": "D08",
		"\u03a6": "D09",
		"\u211a": "D10",
		"\u2218": "D11",
		"\u0307": "D12",
		"\u0000": "D13",
		"\u222e": "C01",
		"\u222b": "C02",
		"\u2200": "C03",
		"\u2203": "C04",
		"\u2208": "C05",
		"\u03a3": "C06",
		"\u2115": "C07",
		"\u211d": "C08",
		"\u2202": "C09",
		"\u0394": "C10",
		"\u2207": "C11",
		"\u211c": "B01",
		"\u2111": "B02",
		"\u2135": "B03",
		"\u03a0": "B04",
		"\u2124": "B05",
		"\u21d0": "B06",
		"\u21d4": "B07",
		"\u21d2": "B08",
		"\u0398": "B09",
		"\u221d": "B10",
		"\u202f": "A03"
	}
}