{
	"lang": "Croatia (Chrome OS)",
	"": {
		"`": "E00",
		"1": "E01",
		"2": "E02",
		"3": "E03",
		"4": "E04",
		"5": "E05",
		"6": "E06",
		"7": "E07",
		"8": "E08",
		"9": "E09",
		"0": "E10",
		"'": "E11",
		"+": "E12",
		"q": "D01",
		"w": "D02",
		"e": "D03",
		"r": "D04",
		"t": "D05",
		"z": "D06",
		"u": "D07",
		"i": "D08",
		"o": "D09",
		"p": "D10",
		"\u0161": "D11",
		"\u0111": "D12",
		"\u017e": "D13",
		"a": "C01",
		"s": "C02",
		"d": "C03",
		"f": "C04",
		"g": "C05",
		"h": "C06",
		"j": "C07",
		"k": "C08",
		"l": "C09",
		"\u010d": "C10",
		"\u0107": "C11",
		"y": "B01",
		"x": "B02",
		"c": "B03",
		"v": "B04",
		"b": "B05",
		"n": "B06",
		"m": "B07",
		",": "B08",
		".": "B09",
		"-": "B10",
		" ": "A03"
	},
	"shift": {
		"~": "E00",
		"!": "E01",
		"\"": "E02",
		"#": "E03",
		"$": "E04",
		"%": "E05",
		"&": "E06",
		"/": "E07",
		"(": "E08",
		")": "E09",
		"=": "E10",
		"?": "E11",
		"*": "E12",
		"Q": "D01",
		"W": "D02",
		"E": "D03",
		"R": "D04",
		"T": "D05",
		"Z": "D06",
		"U": "D07",
		"I": "D08",
		"O": "D09",
		"P": "D10",
		"\u0160": "D11",
		"\u0110": "D12",
		"\u017d": "D13",
		"A": "C01",
		"S": "C02",
		"D": "C03",
		"F": "C04",
		"G": "C05",
		"H": "C06",
		"J": "C07",
		"K": "C08",
		"L": "C09",
		"\u010c": "C10",
		"\u0106": "C11",
		"Y": "B01",
		"X": "B02",
		"C": "B03",
		"V": "B04",
		"B": "B05",
		"N": "B06",
		"M": "B07",
		";": "B08",
		":": "B09",
		"_": "B10",
		" ": "A03"
	},
	"caps": {
		"`": "E00",
		"1": "E01",
		"2": "E02",
		"3": "E03",
		"4": "E04",
		"5": "E05",
		"6": "E06",
		"7": "E07",
		"8": "E08",
		"9": "E09",
		"0": "E10",
		"'": "E11",
		"+": "E12",
		"Q": "D01",
		"W": "D02",
		"E": "D03",
		"R": "D04",
		"T": "D05",
		"Z": "D06",
		"U": "D07",
		"I": "D08",
		"O": "D09",
		"P": "D10",
		"\u0160": "D11",
		"\u0110": "D12",
		"\u017d": "D13",
		"A": "C01",
		"S": "C02",
		"D": "C03",
		"F": "C04",
		"G": "C05",
		"H": "C06",
		"J": "C07",
		"K": "C08",
		"L": "C09",
		"\u010c": "C10",
		"\u0106": "C11",
		"Y": "B01",
		"X": "B02",
		"C": "B03",
		"V": "B04",
		"B": "B05",
		"N": "B06",
		"M": "B07",
		",": "B08",
		".": "B09",
		"-": "B10",
		" ": "A03"
	},
	"caps+shift": {
		"~": "E00",
		"!": "E01",
		"@": "E02",
		"#": "E03",
		"$": "E04",
		"%": "E05",
		"^": "E06",
		"&": "E07",
		"*": "E08",
		"(": "E09",
		")": "E10",
		"_": "E11",
		"+": "E12",
		"q": "D01",
		"w": "D02",
		"e": "D03",
		"r": "D04",
		"t": "D05",
		"z": "D06",
		"u": "D07",
		"i": "D08",
		"o": "D09",
		"p": "D10",
		"{": "D11",
		"}": "D12",
		"|": "D13",
		"a": "C01",
		"s": "C02",
		"d": "C03",
		"f": "C04",
		"g": "C05",
		"h": "C06",
		"j": "C07",
		"k": "C08",
		"l": "C09",
		":": "C10",
		"\"": "C11",
		"y": "B01",
		"x": "B02",
		"c": "B03",
		"v": "B04",
		"b": "B05",
		"n": "B06",
		"m": "B07",
		"<": "B08",
		">": "B09",
		"?": "B10",
		" ": "A03"
	},
	"altR": {
		"\u00ac": "E00",
		"~": "E01",
		"\u030c": "E02",
		"^": "B07",
		"\u0306": "E04",
		"\u00b0": "E05",
		"\u0328": "E06",
		"`": "E07",
		"\u0307": "E08",
		"\u0301": "C10",
		"\u030b": "E10",
		"\u0308": "E11",
		"\u0327": "E12",
		"\\": "D01",
		"|": "D02",
		"\u20ac": "D03",
		"\u00b6": "D04",
		"\u0167": "D05",
		"\u2190": "D06",
		"\u2193": "D07",
		"\u2192": "D08",
		"\u00f8": "D09",
		"\u00fe": "D10",
		"\u00f7": "D11",
		"\u00d7": "D12",
		"\u00a4": "D13",
		"\u00e6": "C01",
		"\u201e": "C02",
		"\u201c": "C03",
		"[": "C04",
		"]": "C05",
		"\u0127": "C06",
		"j": "C07",
		"\u0142": "C09",
		"\u00df": "C11",
		"\u2018": "B01",
		"\u2019": "B02",
		"\u00a2": "B03",
		"@": "B04",
		"{": "B05",
		"}": "B06",
		"<": "B08",
		">": "B09",
		"\u0323": "B10",
		" ": "A03"
	},
	"altR+shift": {
		"\u00ac": "E00",
		"\u0303": "E01",
		"\u02c7": "E02",
		"\u0302": "E03",
		"\u02d8": "E04",
		"\u030a": "D11",
		"\u02db": "E06",
		"\u0300": "E07",
		"\u02d9": "E08",
		"'": "B05",
		"\u02dd": "E10",
		"\u00a8": "E11",
		"\u00b8": "E12",
		"\u03a9": "D01",
		"\u0141": "C09",
		"\u20ac": "D03",
		"\u00ae": "D04",
		"\u0166": "D05",
		"\u00a5": "D06",
		"\u2191": "D07",
		"\u0131": "D08",
		"\u00d8": "D09",
		"\u00de": "D10",
		"\u0304": "D12",
		"\u0306": "D13",
		"\u00c6": "C01",
		"\u00bb": "B01",
		"\u00ab": "B02",
		"\u00aa": "C04",
		"\u014a": "C05",
		"\u0126": "C06",
		"J": "C07",
		"&": "C08",
		"\u030b": "C10",
		"\u030c": "C11",
		"\u00a9": "B03",
		"`": "B04",
		"}": "B06",
		"\u00ba": "B07",
		"\u00d7": "B08",
		"\u00f7": "B09",
		"\u0307": "B10",
		" ": "A03"
	},
	"altR+caps": {
		"`": "E00",
		"1": "E01",
		"2": "E02",
		"3": "E03",
		"4": "E04",
		"5": "E05",
		"6": "E06",
		"7": "E07",
		"8": "E08",
		"9": "E09",
		"0": "E10",
		"'": "E11",
		"+": "E12",
		"\\": "D01",
		"|": "D02",
		"E": "D03",
		"\u00b6": "D04",
		"\u0166": "D05",
		"\u2190": "D06",
		"\u2193": "D07",
		"\u2192": "D08",
		"\u00d8": "D09",
		"\u00de": "D10",
		"\u0161": "D11",
		"\u0111": "D12",
		"\u017e": "D13",
		"\u00c6": "C01",
		"\u00df": "C02",
		"\u00d0": "C03",
		"[": "C04",
		"]": "C05",
		"\u0126": "C06",
		"J": "C07",
		"\u0142": "C08",
		"\u0141": "C09",
		"\u010d": "C10",
		"\u0107": "C11",
		"\u00ab": "B01",
		"\u00bb": "B02",
		"\u00a2": "B03",
		"@": "B04",
		"{": "B05",
		"}": "B06",
		"\u00a7": "B07",
		",": "B08",
		".": "B09",
		"-": "B10",
		" ": "A03"
	},
	"altR+caps+shift": {
		"`": "B04",
		"1": "E01",
		"2": "E02",
		"3": "E03",
		"4": "E04",
		"5": "E05",
		"6": "E06",
		"7": "E07",
		"8": "E08",
		"9": "E09",
		"0": "E10",
		"'": "B05",
		"+": "E12",
		"\u03a9": "D01",
		"\u0141": "D02",
		"e": "D03",
		"\u00ae": "D04",
		"\u0167": "D05",
		"\u00a5": "D06",
		"\u2191": "D07",
		"\u0131": "D08",
		"\u00f8": "D09",
		"\u00fe": "D10",
		"\u0161": "D11",
		"\u0111": "D12",
		"\u017e": "D13",
		"\u00e6": "C01",
		"\u00a7": "C02",
		"\u00f0": "C03",
		"\u00aa": "C04",
		"\u014a": "C05",
		"\u0127": "C06",
		"j": "C07",
		"&": "C08",
		"\u0142": "C09",
		"\u010d": "C10",
		"\u0107": "C11",
		"<": "B01",
		">": "B02",
		"\u00a9": "B03",
		"}": "B06",
		"\u00ba": "B07",
		",": "B08",
		".": "B09",
		"-": "B10",
		" ": "A03"
	}
}