{
	"lang": "Slovakia (Chrome OS)",
	"": {
		";": "E00",
		"+": "E01",
		"\u013e": "E02",
		"\u0161": "E03",
		"\u010d": "E04",
		"\u0165": "E05",
		"\u017e": "E06",
		"\u00fd": "E07",
		"\u00e1": "E08",
		"\u00ed": "E09",
		"\u00e9": "E10",
		"=": "E11",
		"\u0301": "E12",
		"q": "D01",
		"w": "D02",
		"e": "D03",
		"r": "D04",
		"t": "D05",
		"z": "D06",
		"u": "D07",
		"i": "D08",
		"o": "D09",
		"p": "D10",
		"\u00fa": "D11",
		"\u00e4": "D12",
		"\u0148": "D13",
		"a": "C01",
		"s": "C02",
		"d": "C03",
		"f": "C04",
		"g": "C05",
		"h": "C06",
		"j": "C07",
		"k": "C08",
		"l": "C09",
		"\u00f4": "C10",
		"\u00a7": "C11",
		"\u20ac": "C12",
		"\\": "B00",
		"y": "B01",
		"x": "B02",
		"c": "B03",
		"v": "B04",
		"b": "B05",
		"n": "B06",
		"m": "B07",
		",": "B08",
		".": "B09",
		"-": "B10",
		" ": "A03"
	},
	"shift": {
		"\u030a": "E00",
		"1": "E01",
		"2": "E02",
		"3": "E03",
		"4": "E04",
		"5": "E05",
		"6": "E06",
		"7": "E07",
		"8": "E08",
		"9": "E09",
		"0": "E10",
		"%": "E11",
		"\u030c": "E12",
		"Q": "D01",
		"W": "D02",
		"E": "D03",
		"R": "D04",
		"T": "D05",
		"Z": "D06",
		"U": "D07",
		"I": "D08",
		"O": "D09",
		"P": "D10",
		"/": "D11",
		"(": "D12",
		")": "D13",
		"A": "C01",
		"S": "C02",
		"D": "C03",
		"F": "C04",
		"G": "C05",
		"H": "C06",
		"J": "C07",
		"K": "C08",
		"L": "C09",
		"\"": "C10",
		"!": "C11",
		"\u0308": "C12",
		"|": "B00",
		"Y": "B01",
		"X": "B02",
		"C": "B03",
		"V": "B04",
		"B": "B05",
		"N": "B06",
		"M": "B07",
		"?": "B08",
		":": "B09",
		"_": "B10",
		" ": "A03"
	},
	"caps": {
		";": "E00",
		"+": "E01",
		"\u013e": "E02",
		"\u0161": "E03",
		"\u010d": "E04",
		"\u0165": "E05",
		"\u017e": "E06",
		"\u00fd": "E07",
		"\u00e1": "E08",
		"\u00ed": "E09",
		"\u00e9": "E10",
		"=": "E11",
		"\u0301": "E12",
		"Q": "D01",
		"W": "D02",
		"E": "D03",
		"R": "D04",
		"T": "D05",
		"Z": "D06",
		"U": "D07",
		"I": "D08",
		"O": "D09",
		"P": "D10",
		"\u00fa": "D11",
		"\u00e4": "D12",
		"\u0148": "D13",
		"A": "C01",
		"S": "C02",
		"D": "C03",
		"F": "C04",
		"G": "C05",
		"H": "C06",
		"J": "C07",
		"K": "C08",
		"L": "C09",
		"\u00f4": "C10",
		"\u00a7": "C11",
		"\u20ac": "C12",
		"\\": "B00",
		"Y": "B01",
		"X": "B02",
		"C": "B03",
		"V": "B04",
		"B": "B05",
		"N": "B06",
		"M": "B07",
		",": "B08",
		".": "B09",
		"-": "B10",
		" ": "A03"
	},
	"caps+shift": {
		"~": "E00",
		"!": "E01",
		"@": "E02",
		"#": "E03",
		"$": "E04",
		"%": "E05",
		"^": "E06",
		"&": "E07",
		"*": "E08",
		"(": "E09",
		")": "E10",
		"_": "E11",
		"+": "E12",
		"q": "D01",
		"w": "D02",
		"e": "D03",
		"r": "D04",
		"t": "D05",
		"z": "D06",
		"u": "D07",
		"i": "D08",
		"o": "D09",
		"p": "D10",
		"{": "D11",
		"}": "D12",
		"|": "B00",
		"a": "C01",
		"s": "C02",
		"d": "C03",
		"f": "C04",
		"g": "C05",
		"h": "C06",
		"j": "C07",
		"k": "C08",
		"l": "C09",
		":": "C10",
		"\"": "C11",
		"\u0308": "C12",
		"y": "B01",
		"x": "B02",
		"c": "B03",
		"v": "B04",
		"b": "B05",
		"n": "B06",
		"m": "B07",
		"<": "B08",
		">": "B09",
		"?": "B10",
		" ": "A03"
	},
	"altR": {
		"`": "C06",
		"!": "E01",
		"@": "B04",
		"#": "B02",
		"$": "C10",
		"%": "E05",
		"^": "B07",
		"&": "B03",
		"*": "B10",
		"{": "B05",
		"}": "B06",
		"=": "E11",
		"\u0304": "E12",
		"\\": "D13",
		"|": "D02",
		"\u20ac": "C12",
		"r": "D04",
		"t": "D05",
		"z": "D06",
		"u": "D07",
		"i": "D08",
		"o": "D09",
		"p": "D10",
		"[": "C04",
		"]": "C05",
		"~": "C01",
		"\u0111": "C02",
		"\u0110": "C03",
		"'": "C11",
		"\u0142": "C08",
		"\u0141": "C09",
		"/": "B00",
		"\u00b0": "B01",
		"<": "B08",
		">": "B09",
		"\u00a0": "A03"
	},
	"altR+shift": {
		"~": "E00",
		"\u0303": "E01",
		"\u030c": "E02",
		"\u0302": "E03",
		"\u0306": "E04",
		"\u030a": "E05",
		"\u0328": "E06",
		"\u0300": "E07",
		"\u0307": "E08",
		"\u0301": "E09",
		"\u030b": "E10",
		"\u0308": "E11",
		"\u0327": "E12",
		"q": "D01",
		"w": "D02",
		"e": "D03",
		"r": "D04",
		"t": "D05",
		"z": "D06",
		"u": "D07",
		"i": "D08",
		"o": "D09",
		"p": "D10",
		"\u00f7": "D11",
		"\u00d7": "D12",
		"|": "D13",
		"a": "C01",
		"s": "C02",
		"d": "C03",
		"f": "C04",
		"g": "C05",
		"h": "C06",
		"j": "C07",
		"k": "C08",
		"l": "C09",
		"\u00f4": "C10",
		"\u00df": "C11",
		"\u20ac": "C12",
		"\\": "B00",
		"y": "B01",
		"x": "B02",
		"c": "B03",
		"v": "B04",
		"b": "B05",
		"n": "B06",
		"m": "B07",
		",": "B08",
		".": "B09",
		"-": "B10",
		"\u00a0": "A03"
	},
	"altR+caps": {
		";": "E00",
		"+": "E01",
		"\u013e": "E02",
		"\u0161": "E03",
		"\u010d": "E04",
		"\u0165": "E05",
		"\u017e": "E06",
		"\u00fd": "E07",
		"\u00e1": "E08",
		"\u00ed": "E09",
		"\u00e9": "E10",
		"=": "E11",
		"\u0301": "E12",
		"\\": "B00",
		"|": "D02",
		"\u20ac": "C12",
		"r": "D04",
		"t": "D05",
		"z": "D06",
		"u": "D07",
		"i": "D08",
		"o": "D09",
		"p": "D10",
		"\u00fa": "D11",
		"\u00e4": "D12",
		"\u0148": "D13",
		"~": "C01",
		"\u0111": "C02",
		"\u0110": "C03",
		"[": "C04",
		"]": "C05",
		"`": "C06",
		"'": "C07",
		"\u0142": "C08",
		"\u0141": "C09",
		"\u00f4": "C10",
		"\u00a7": "C11",
		"\u00b0": "B01",
		"#": "B02",
		"&": "B03",
		"@": "B04",
		"{": "B05",
		"}": "B06",
		"^": "B07",
		",": "B08",
		".": "B09",
		"-": "B10",
		"\u00a0": "A03"
	},
	"altR+caps+shift": {
		";": "E00",
		"+": "E01",
		"\u013e": "E02",
		"\u0161": "E03",
		"\u010d": "E04",
		"\u0165": "E05",
		"\u017e": "E06",
		"\u00fd": "E07",
		"\u00e1": "E08",
		"\u00ed": "E09",
		"\u00e9": "E10",
		"=": "E11",
		"\u0301": "E12",
		"q": "D01",
		"w": "D02",
		"e": "D03",
		"r": "D04",
		"t": "D05",
		"z": "D06",
		"u": "D07",
		"i": "D08",
		"o": "D09",
		"p": "D10",
		"\u00fa": "D11",
		"\u00e4": "D12",
		"\u0148": "D13",
		"a": "C01",
		"s": "C02",
		"d": "C03",
		"f": "C04",
		"g": "C05",
		"h": "C06",
		"j": "C07",
		"k": "C08",
		"l": "C09",
		"\u00f4": "C10",
		"\u00a7": "C11",
		"\u20ac": "C12",
		"\\": "B00",
		"y": "B01",
		"x": "B02",
		"c": "B03",
		"v": "B04",
		"b": "B05",
		"n": "B06",
		"m": "B07",
		",": "B08",
		".": "B09",
		"-": "B10",
		"\u00a0": "A03"
	}
}