{
	"lang": "Finland (Chrome OS)",
	"": {
		"\u00a7": "E00",
		"1": "E01",
		"2": "E02",
		"3": "E03",
		"4": "E04",
		"5": "E05",
		"6": "E06",
		"7": "E07",
		"8": "E08",
		"9": "E09",
		"0": "E10",
		"+": "E11",
		"\u0301": "E12",
		"q": "D01",
		"w": "D02",
		"e": "D03",
		"r": "D04",
		"t": "D05",
		"y": "D06",
		"u": "D07",
		"i": "D08",
		"o": "D09",
		"p": "D10",
		"\u00e5": "D11",
		"\u0308": "D12",
		"'": "D13",
		"a": "C01",
		"s": "C02",
		"d": "C03",
		"f": "C04",
		"g": "C05",
		"h": "C06",
		"j": "C07",
		"k": "C08",
		"l": "C09",
		"\u00f6": "C10",
		"\u00e4": "C11",
		"<": "B00",
		"z": "B01",
		"x": "B02",
		"c": "B03",
		"v": "B04",
		"b": "B05",
		"n": "B06",
		"m": "B07",
		",": "B08",
		".": "B09",
		"-": "B10",
		" ": "A03"
	},
	"shift": {
		"\u00bd": "E00",
		"!": "E01",
		"\"": "E02",
		"#": "E03",
		"\u00a4": "E04",
		"%": "E05",
		"&": "E06",
		"/": "E07",
		"(": "E08",
		")": "E09",
		"=": "E10",
		"?": "E11",
		"\u0300": "E12",
		"Q": "D01",
		"W": "D02",
		"E": "D03",
		"R": "D04",
		"T": "D05",
		"Y": "D06",
		"U": "D07",
		"I": "D08",
		"O": "D09",
		"P": "D10",
		"\u00c5": "D11",
		"\u0302": "D12",
		"*": "D13",
		"A": "C01",
		"S": "C02",
		"D": "C03",
		"F": "C04",
		"G": "C05",
		"H": "C06",
		"J": "C07",
		"K": "C08",
		"L": "C09",
		"\u00d6": "C10",
		"\u00c4": "C11",
		">": "B00",
		"Z": "B01",
		"X": "B02",
		"C": "B03",
		"V": "B04",
		"B": "B05",
		"N": "B06",
		"M": "B07",
		";": "B08",
		":": "B09",
		"_": "B10",
		" ": "A03"
	},
	"caps": {
		"\u00a7": "E00",
		"1": "E01",
		"2": "E02",
		"3": "E03",
		"4": "E04",
		"5": "E05",
		"6": "E06",
		"7": "E07",
		"8": "E08",
		"9": "E09",
		"0": "E10",
		"+": "E11",
		"\u0301": "E12",
		"Q": "D01",
		"W": "D02",
		"E": "D03",
		"R": "D04",
		"T": "D05",
		"Y": "D06",
		"U": "D07",
		"I": "D08",
		"O": "D09",
		"P": "D10",
		"\u00c5": "D11",
		"\u0308": "D12",
		"'": "D13",
		"A": "C01",
		"S": "C02",
		"D": "C03",
		"F": "C04",
		"G": "C05",
		"H": "C06",
		"J": "C07",
		"K": "C08",
		"L": "C09",
		"\u00d6": "C10",
		"\u00c4": "C11",
		"<": "B00",
		"Z": "B01",
		"X": "B02",
		"C": "B03",
		"V": "B04",
		"B": "B05",
		"N": "B06",
		"M": "B07",
		",": "B08",
		".": "B09",
		"-": "B10",
		" ": "A03"
	},
	"caps+shift": {
		"\u00bd": "E00",
		"!": "E01",
		"\"": "E02",
		"#": "E03",
		"\u00a4": "E04",
		"%": "E05",
		"&": "E06",
		"/": "E07",
		"(": "E08",
		")": "E09",
		"=": "E10",
		"?": "E11",
		"\u0300": "E12",
		"q": "D01",
		"w": "D02",
		"e": "D03",
		"r": "D04",
		"t": "D05",
		"y": "D06",
		"u": "D07",
		"i": "D08",
		"o": "D09",
		"p": "D10",
		"\u00e5": "D11",
		"\u0302": "D12",
		"*": "D13",
		"a": "C01",
		"s": "C02",
		"d": "C03",
		"f": "C04",
		"g": "C05",
		"h": "C06",
		"j": "C07",
		"k": "C08",
		"l": "C09",
		"\u00f6": "C10",
		"\u00e4": "C11",
		">": "B00",
		"z": "B01",
		"x": "B02",
		"c": "B03",
		"v": "B04",
		"b": "B05",
		"n": "B06",
		"m": "B07",
		";": "B08",
		":": "B09",
		"_": "B10",
		" ": "A03"
	},
	"altR": {
		"\ufe63": "C09",
		"1": "E01",
		"@": "E02",
		"\u00a3": "E03",
		"$": "E04",
		"\u2030": "E05",
		"\u201a": "E06",
		"{": "E07",
		"[": "E08",
		"]": "E09",
		"}": "E10",
		"\\": "E11",
		"\u0327": "E12",
		"q": "D01",
		"w": "D02",
		"\u20ac": "D03",
		"r": "D04",
		"\u00fe": "D05",
		"y": "D06",
		"u": "D07",
		"\u0131": "D08",
		"\u0153": "D09",
		"\u031b": "D10",
		"\u030b": "D11",
		"\u0303": "D12",
		"\u030c": "D13",
		"\u0259": "C01",
		"\u00df": "C02",
		"\u00f0": "C03",
		"f": "C04",
		"g": "C05",
		"h": "C06",
		"j": "C07",
		"\u0138": "C08",
		"\u00f8": "C10",
		"\u00e6": "C11",
		"|": "B00",
		"\u0292": "B01",
		"\u00d7": "B02",
		"c": "B03",
		"v": "B04",
		"b": "B05",
		"\u014b": "B06",
		"\u00b5": "B07",
		"\u2019": "B08",
		"\u0323": "B09",
		"\u2013": "B10",
		"\u00a0": "A03"
	},
	"altR+shift": {
		"\u00a7": "E00",
		"\u00a1": "E01",
		"\u201d": "E02",
		"\u00bb": "E03",
		"\u00ab": "E04",
		"\u201c": "E05",
		"\u201e": "E06",
		"7": "E07",
		"<": "B00",
		">": "E09",
		"\u00b0": "E10",
		"\u00bf": "E11",
		"\u0328": "E12",
		"Q": "D01",
		"W": "D02",
		"e": "D03",
		"R": "D04",
		"\u00de": "D05",
		"Y": "D06",
		"U": "D07",
		"|": "D08",
		"\u0152": "D09",
		"\u0309": "D10",
		"\u030a": "D11",
		"\u0304": "D12",
		"\u0306": "D13",
		"\u018f": "C01",
		"s": "C02",
		"\u00d0": "C03",
		"F": "C04",
		"G": "C05",
		"H": "C06",
		"J": "C07",
		"k": "C08",
		"l": "C09",
		"\u00d8": "C10",
		"\u00c6": "C11",
		"\u01b7": "B01",
		"\u00b7": "B02",
		"C": "B03",
		"V": "B04",
		"B": "B05",
		"\u014a": "B06",
		"\u2014": "B07",
		"\u2018": "B08",
		"\u0307": "B09",
		"\u0326": "B10",
		" ": "A03"
	},
	"altR+caps": {
		"\u00a7": "E00",
		"1": "E01",
		"2": "E02",
		"3": "E03",
		"4": "E04",
		"5": "E05",
		"6": "E06",
		"7": "E07",
		"8": "E08",
		"9": "E09",
		"0": "E10",
		"+": "E11",
		"\u0301": "E12",
		"Q": "D01",
		"W": "D02",
		"\u20ac": "D03",
		"R": "D04",
		"\u00de": "D05",
		"Y": "D06",
		"U": "D07",
		"\u0131": "D08",
		"\u0152": "D09",
		"\u031b": "D10",
		"\u030b": "D11",
		"\u0308": "D12",
		"'": "D13",
		"\u018f": "C01",
		"\u00df": "C02",
		"\u00d0": "C03",
		"F": "C04",
		"G": "C05",
		"H": "C06",
		"J": "C07",
		"\u0138": "C08",
		"\ufe63": "C09",
		"\u00d8": "C10",
		"\u00c6": "C11",
		"<": "B00",
		"\u01b7": "B01",
		"\u00d7": "B02",
		"C": "B03",
		"V": "B04",
		"B": "B05",
		"\u014a": "B06",
		"\u00b5": "B07",
		",": "B08",
		".": "B09",
		"-": "B10",
		" ": "A03"
	},
	"altR+caps+shift": {
		"\u00a7": "E00",
		"1": "E01",
		"2": "E02",
		"3": "E03",
		"4": "E04",
		"5": "E05",
		"6": "E06",
		"7": "E07",
		"8": "E08",
		"9": "E09",
		"0": "E10",
		"+": "E11",
		"\u0301": "E12",
		"q": "D01",
		"w": "D02",
		"e": "D03",
		"r": "D04",
		"\u00fe": "D05",
		"y": "D06",
		"u": "D07",
		"|": "D08",
		"\u0153": "D09",
		"\u0309": "D10",
		"\u030a": "D11",
		"\u0308": "D12",
		"'": "D13",
		"\u0259": "C01",
		"s": "C02",
		"\u00f0": "C03",
		"f": "C04",
		"g": "C05",
		"h": "C06",
		"j": "C07",
		"k": "C08",
		"l": "C09",
		"\u00f8": "C10",
		"\u00e6": "C11",
		"<": "B00",
		"\u0292": "B01",
		"\u00b7": "B02",
		"c": "B03",
		"v": "B04",
		"b": "B05",
		"\u014b": "B06",
		"\u2014": "B07",
		",": "B08",
		".": "B09",
		"-": "B10",
		" ": "A03"
	}
}