{
	"lang": "Serbia (Chrome OS)",
	"": {
		"`": "E00",
		"1": "E01",
		"2": "E02",
		"3": "E03",
		"4": "E04",
		"5": "E05",
		"6": "E06",
		"7": "E07",
		"8": "E08",
		"9": "E09",
		"0": "E10",
		"'": "E11",
		"+": "E12",
		"\u0459": "D01",
		"\u045a": "D02",
		"\u0435": "D03",
		"\u0440": "D04",
		"\u0442": "D05",
		"\u0437": "D06",
		"\u0443": "D07",
		"\u0438": "D08",
		"\u043e": "D09",
		"\u043f": "D10",
		"\u0448": "D11",
		"\u0452": "D12",
		"\u0436": "B01",
		"\u0430": "C01",
		"\u0441": "C02",
		"\u0434": "C03",
		"\u0444": "C04",
		"\u0433": "C05",
		"\u0445": "C06",
		"\u0458": "C07",
		"\u043a": "C08",
		"\u043b": "C09",
		"\u0447": "C10",
		"\u045b": "C11",
		"\u045f": "B02",
		"\u0446": "B03",
		"\u0432": "B04",
		"\u0431": "B05",
		"\u043d": "B06",
		"\u043c": "B07",
		",": "B08",
		".": "B09",
		"-": "B10",
		" ": "A03"
	},
	"shift": {
		"~": "E00",
		"!": "E01",
		"\"": "E02",
		"#": "E03",
		"$": "E04",
		"%": "E05",
		"&": "E06",
		"/": "E07",
		"(": "E08",
		")": "E09",
		"=": "E10",
		"?": "E11",
		"*": "E12",
		"\u0409": "D01",
		"\u040a": "D02",
		"\u0415": "D03",
		"\u0420": "D04",
		"\u0422": "D05",
		"\u0417": "D06",
		"\u0423": "D07",
		"\u0418": "D08",
		"\u041e": "D09",
		"\u041f": "D10",
		"\u0428": "D11",
		"\u0402": "D12",
		"\u0416": "B01",
		"\u0410": "C01",
		"\u0421": "C02",
		"\u0414": "C03",
		"\u0424": "C04",
		"\u0413": "C05",
		"\u0425": "C06",
		"\u0408": "C07",
		"\u041a": "C08",
		"\u041b": "C09",
		"\u0427": "C10",
		"\u040b": "C11",
		"\u040f": "B02",
		"\u0426": "B03",
		"\u0412": "B04",
		"\u0411": "B05",
		"\u041d": "B06",
		"\u041c": "B07",
		";": "B08",
		":": "B09",
		"_": "B10",
		" ": "A03"
	},
	"caps": {
		"`": "E00",
		"1": "E01",
		"2": "E02",
		"3": "E03",
		"4": "E04",
		"5": "E05",
		"6": "E06",
		"7": "E07",
		"8": "E08",
		"9": "E09",
		"0": "E10",
		"'": "E11",
		"+": "E12",
		"\u0409": "D01",
		"\u040a": "D02",
		"\u0415": "D03",
		"\u0420": "D04",
		"\u0422": "D05",
		"\u0417": "D06",
		"\u0423": "D07",
		"\u0418": "D08",
		"\u041e": "D09",
		"\u041f": "D10",
		"\u0428": "D11",
		"\u0402": "D12",
		"\u0416": "B01",
		"\u0410": "C01",
		"\u0421": "C02",
		"\u0414": "C03",
		"\u0424": "C04",
		"\u0413": "C05",
		"\u0425": "C06",
		"\u0408": "C07",
		"\u041a": "C08",
		"\u041b": "C09",
		"\u0427": "C10",
		"\u040b": "C11",
		"\u040f": "B02",
		"\u0426": "B03",
		"\u0412": "B04",
		"\u0411": "B05",
		"\u041d": "B06",
		"\u041c": "B07",
		",": "B08",
		".": "B09",
		"-": "B10",
		" ": "A03"
	},
	"caps+shift": {
		"`": "E00",
		"!": "E01",
		"\"": "E02",
		"3": "E03",
		"$": "E04",
		"%": "E05",
		"&": "E06",
		"7": "E07",
		"8": "E08",
		"9": "E09",
		"0": "E10",
		"'": "E11",
		"*": "E12",
		"\u0459": "D01",
		"\u045a": "D02",
		"\u0435": "D03",
		"\u0440": "D04",
		"\u0442": "D05",
		"\u0437": "D06",
		"\u0443": "D07",
		"\u0438": "D08",
		"\u043e": "D09",
		"\u043f": "D10",
		"\u0448": "D11",
		"\u0452": "D12",
		"\u0436": "B01",
		"\u0430": "C01",
		"\u0441": "C02",
		"\u0434": "C03",
		"\u0444": "C04",
		"\u0433": "C05",
		"\u0445": "C06",
		"\u0458": "C07",
		"\u043a": "C08",
		"\u043b": "C09",
		"\u0447": "C10",
		"\u045b": "C11",
		"\u045f": "B02",
		"\u0446": "B03",
		"\u0432": "B04",
		"\u0431": "B05",
		"\u043d": "B06",
		"\u043c": "B07",
		",": "B08",
		".": "B09",
		"-": "B10",
		" ": "A03"
	},
	"altR": {
		"\u00b0": "E00",
		"1": "E01",
		"2": "E02",
		"\u0302": "E03",
		"4": "E04",
		"5": "E05",
		"6": "E06",
		"\u0300": "E07",
		"\u030f": "E08",
		"\u0301": "E09",
		"\u0311": "E10",
		"\u0304": "E11",
		"+": "E12",
		"\\": "D01",
		"|": "D02",
		"\u20ac": "D03",
		"\u00b6": "D04",
		"\u2026": "D05",
		"\u2190": "D06",
		"\u2193": "D07",
		"\u2192": "D08",
		"\u00a7": "D09",
		"\u043f": "D10",
		"\u00f7": "D11",
		"\u00d7": "D12",
		"\u00a4": "D13",
		"\u0430": "C01",
		"\u201e": "C02",
		"\u201c": "C03",
		"[": "C04",
		"]": "C05",
		"\u0445": "C06",
		"\u0458": "C07",
		"\u043a": "C08",
		"\u043b": "C09",
		"\u0447": "C10",
		"\u045b": "C11",
		"\u2018": "B01",
		"\u2019": "B02",
		"\u00a2": "B03",
		"@": "B04",
		"{": "B05",
		"}": "B06",
		"^": "B07",
		"<": "B08",
		">": "B09",
		"\u2014": "B10",
		" ": "A03"
	},
	"altR+shift": {
		"\u00ac": "E00",
		"1": "E01",
		"2": "E02",
		"3": "E03",
		"4": "E04",
		"5": "E05",
		"6": "E06",
		"7": "E07",
		"8": "E08",
		"9": "E09",
		"0": "E10",
		"'": "E11",
		"+": "E12",
		"\u0459": "D01",
		"\u045a": "D02",
		"\u00a3": "D03",
		"\u00ae": "D04",
		"\u0442": "D05",
		"\u00a5": "D06",
		"\u2191": "D07",
		"\u0438": "D08",
		"\u043e": "D09",
		"\u043f": "D10",
		"\u0448": "D11",
		"\u0452": "D12",
		"\u0436": "B01",
		"\u0430": "C01",
		"\u00bb": "C02",
		"\u00ab": "C03",
		"\u0444": "C04",
		"\u0433": "C05",
		"\u0445": "C06",
		"\u0458": "C07",
		"\u043a": "C08",
		"\u043b": "C09",
		"\u0447": "C10",
		"\u045b": "C11",
		"\u045f": "B02",
		"\u00a9": "B03",
		"\u0432": "B04",
		"\u0431": "B05",
		"\u043d": "B06",
		"\u043c": "B07",
		",": "B08",
		".": "B09",
		"\u2013": "B10",
		" ": "A03"
	}
}