{"lang": "Arabic (102) AZERTY", "none": {">": "E00", "&": "E01", "\u00e9": "E02", "\"": "E03", "'": "E04", "(": "E05", "-": "E06", "\u00e8": "E07", "_": "E08", "\u00e7": "E09", "\u00e0": "E10", ")": "E11", "=": "E12", "\u0636": "D01", "\u0635": "D02", "\u062b": "D03", "\u0642": "D04", "\u0641": "D05", "\u063a": "D06", "\u0639": "D07", "\u0647": "D08", "\u062e": "D09", "\u062d": "D10", "\u062c": "D11", "\u062f": "D12", "\u0634": "C01", "\u0633": "C02", "\u064a": "C03", "\u0628": "C04", "\u0644": "C05", "\u0627": "C06", "\u062a": "C07", "\u0646": "C08", "\u0645": "C09", "\u0643": "C10", "\u0637": "C11", "\u0630": "C12", "\\": "B00", "\u0626": "B01", "\u0621": "B02", "\u0624": "B03", "\u0631": "B04", "\u0644\u0627": "B05", "\u0649": "B06", "\u0629": "B07", "\u0648": "B08", "\u0632": "B09", "\u0638": "B10", " ": "A03"}, "shift": {"<": "E00", "1": "E01", "2": "E02", "3": "E03", "4": "E04", "5": "E05", "6": "E06", "7": "E07", "8": "E08", "9": "E09", "0": "E10", "\u00b0": "E11", "+": "E12", "\u064e": "D01", "\u064b": "D02", "\u064f": "D03", "\u064c": "D04", "\u0644\u0625": "D05", "\u0625": "D06", "\u2018": "D07", "\u00f7": "D08", "\u00d7": "D09", "\u061b": "D10", "}": "D11", "{": "D12", "\\": "C01", "]": "C03", "[": "C04", "\u0644\u0623": "C05", "\u0623": "C06", "\u0640": "C07", "\u060c": "C08", "/": "C09", ":": "C10", "\"": "C11", "\u0651": "C12", "|": "B00", "~": "B01", "\u0652": "B02", "\u0650": "B03", "\u064d": "B04", "\u0644\u0622": "B05", "\u0622": "B06", "\u2019": "B07", ",": "B08", ".": "B09", "\u061f": "B10", " ": "A03"}, "altgr": {"\u00a4": "E04", "\u0651\u064e": "D01", "\u0651\u064b": "D02", "\u0651\u064f": "D03", "\u0651\u064c": "D04", "\u0651\u0650": "B03", "\u0651\u064d": "B04"}}