{"lang": "Azerbaijani (Standard)", "none": {"#": "E00", "1": "E01", "2": "E02", "3": "E03", "4": "E04", "5": "E05", "6": "E06", "7": "E07", "8": "E08", "9": "E09", "0": "E10", "-": "E11", "=": "E12", "p": "D01", "\u00fc": "D02", "\u015f": "D03", "u": "D04", "d": "D05", "b": "D06", "m": "D07", "y": "D08", "o": "D09", "h": "D10", "x": "D11", "j": "D12", "g": "C01", "\u0131": "C02", "s": "C03", "a": "C04", "r": "C05", "n": "C06", "\u0259": "C07", "l": "C08", "i": "C09", "c": "C10", "\u011f": "C11", "\u00e7": "B01", "f": "B02", "v": "B03", "t": "B04", "k": "B05", "e": "B06", "q": "B07", "z": "B08", "\u00f6": "B09", ".": "B10", " ": "A03"}, "shift": {"~": "E00", "!": "E01", "\"": "E02", "\u2116": "E03", ";": "E04", "%": "E05", ":": "E06", "?": "E07", "*": "E08", "(": "E09", ")": "E10", "_": "E11", "+": "E12", "P": "D01", "\u00dc": "D02", "\u015e": "D03", "U": "D04", "D": "D05", "B": "D06", "M": "D07", "Y": "D08", "O": "D09", "H": "D10", "X": "D11", "J": "D12", "G": "C01", "I": "C02", "S": "C03", "A": "C04", "R": "C05", "N": "C06", "\u018f": "C07", "L": "C08", "\u0130": "C09", "C": "C10", "\u011e": "C11", "\u00c7": "B01", "F": "B02", "V": "B03", "T": "B04", "K": "B05", "E": "B06", "Q": "B07", "Z": "B08", "\u00d6": "B09", ",": "B10", " ": "A03"}, "altgr": {"@": "E02", "\u20bc": "E04"}}