{"lang": "Bulgarian (Phonetic Traditional)", "none": {"\u0447": "E00", "1": "E01", "2": "E02", "3": "E03", "4": "E04", "5": "E05", "6": "E06", "7": "E07", "8": "E08", "9": "E09", "0": "E10", "-": "E11", "=": "E12", "\u044f": "D01", "\u0432": "D02", "\u0435": "D03", "\u0440": "D04", "\u0442": "D05", "\u044a": "D06", "\u0443": "D07", "\u0438": "D08", "\u043e": "D09", "\u043f": "D10", "\u0448": "D11", "\u0449": "D12", "\u0430": "C01", "\u0441": "C02", "\u0434": "C03", "\u0444": "C04", "\u0433": "C05", "\u0445": "C06", "\u0439": "C07", "\u043a": "C08", "\u043b": "C09", ";": "C10", "'": "C11", "\u044e": "B00", "\u0437": "B01", "\u044c": "B02", "\u0446": "B03", "\u0436": "B04", "\u0431": "B05", "\u043d": "B06", "\u043c": "B07", ",": "B08", ".": "B09", "/": "B10", " ": "A03"}, "shift": {"\u0427": "E00", "!": "E01", "@": "E02", "\u2116": "E03", "$": "E04", "%": "E05", "\u20ac": "E06", "\u00a7": "E07", "*": "E08", "(": "E09", ")": "E10", "_": "E11", "+": "E12", "\u042f": "D01", "\u0412": "D02", "\u0415": "D03", "\u0420": "D04", "\u0422": "D05", "\u042a": "D06", "\u0423": "D07", "\u0418": "D08", "\u041e": "D09", "\u041f": "D10", "\u0428": "D11", "\u0429": "D12", "\u0410": "C01", "\u0421": "C02", "\u0414": "C03", "\u0424": "C04", "\u0413": "C05", "\u0425": "C06", "\u0419": "C07", "\u041a": "C08", "\u041b": "C09", ":": "C10", "\"": "C11", "\u042e": "B00", "\u0417": "B01", "\u045d": "B02", "\u0426": "B03", "\u0416": "B04", "\u0411": "B05", "\u041d": "B06", "\u041c": "B07", "<": "B08", ">": "B09", "?": "B10", " ": "A03"}, "altgr+shift": {"\u042b": "D11", "\u042d": "D12"}}