{"lang": "N\u2019Ko", "none": {"\u07f7": "E00", "\u07c1": "E01", "\u07c2": "E02", "\u07c3": "E03", "\u07c4": "E04", "\u07c5": "E05", "\u07c6": "E06", "\u07c7": "E07", "\u07c8": "E08", "\u07c9": "E09", "\u07c0": "E10", "-": "E11", "=": "E12", "\u07d4": "D01", "\u07e7": "D02", "\u07e0": "D03", "\u07e5": "D04", "\u07e6": "D05", "\u07d9": "D06", "\u07d7": "D07", "\u07dc": "D08", "\u07e2": "D09", "\u07e1": "D10", "\u07e4": "D11", "\u07d2": "D12", "\u07cf": "C01", "\u07ce": "C02", "\u07cd": "C03", "\u07cc": "C04", "\u07cb": "C05", "\u07ca": "C06", "\u07d6": "C07", "\u07dd": "C08", "\u07e3": "C09", "\u07d5": "C10", "\u07d3": "C11", "\\": "B00", "\u07d0": "B01", "\u07f2": "B02", "\u07f5": "B03", "\u07f4": "B04", "\u07ec": "B05", "\u07eb": "B06", "\u07df": "B07", "\u07db": "B08", "\u07d8": "B09", "\u07de": "B10", " ": "A03"}, "shift": {"\u07f9": "E01", "%": "E05", "*": "E08", "(": "E09", ")": "E10", "_": "E11", "+": "E12", "\u07e9": "D01", "\u07e8": "D02", "\u07da": "D06", "\u00f7": "D08", "\u00d7": "D09", "\u07ea": "D10", "\u2039": "D11", "\u203a": "D12", "\u07f6": "C01", "\u00b0": "C02", "[": "C03", "]": "C04", "\ufd3e": "C05", "\ufd3f": "C06", "\u07fa": "C07", "\u060c": "C08", "/": "C09", ":": "C10", "\"": "C11", "|": "B00", "\u07f3": "B01", "\u07f1": "B02", "\u07ed": "B03", "\u07ee": "B04", "\u07f0": "B05", "\u07ef": "B06", "\u07f8": "B07", "\u07d1": "B08", ".": "B09", "\u061f": "B10", " ": "A03"}}