{"lang": "Buginese", "none": {"\ua9cf": "E00", "1": "E01", "2": "E02", "3": "E03", "4": "E04", "5": "E05", "6": "E06", "7": "E07", "8": "E08", "9": "E09", "0": "E10", "-": "E11", "=": "E12", "\u1a1b": "D01", "\u1a0f": "D02", "\u1a19": "D03", "\u1a11": "D04", "\u1a08": "D05", "\u1a10": "D06", "\u1a18": "D07", "\u1a17": "D08", "\u1a1a": "D09", "\u1a04": "D10", "[": "D11", "]": "D12", "\u1a15": "C01", "\u1a14": "C02", "\u1a09": "C03", "\u1a03": "C04", "\u1a01": "C05", "\u1a16": "C06", "\u1a0d": "C07", "\u1a00": "C08", "\u1a12": "C09", ";": "C10", "'": "C11", "\\": "B00", "\u1a0e": "B01", "\u1a02": "B02", "\u1a0c": "B03", "\u1a13": "B04", "\u1a05": "B05", "\u1a0a": "B06", "\u1a06": "B07", "\u1a1e": "B08", "\u1a1f": "B09", "/": "B10", " ": "A03"}, "shift": {"~": "E00", "!": "E01", "@": "E02", "#": "E03", "$": "E04", "%": "E05", "^": "E06", "&": "E07", "*": "E08", "(": "E09", ")": "E10", "_": "E11", "+": "E12", "{": "D11", "}": "D12", "\u1a15\u1a17\u200d\u1a10": "C01", ":": "C10", "\"": "C11", "|": "B00", "\u1a0b": "B06", "\u1a07": "B07", ",": "B08", ".": "B09", "?": "B10", " ": "A03"}}