{"lang": "Cherokee Phonetic", "none": {"`": "E00", "1": "E01", "2": "E02", "3": "E03", "4": "E04", "5": "E05", "6": "E06", "7": "E07", "8": "E08", "9": "E09", "0": "E10", "-": "E11", "=": "E12", "q": "D01", "w": "D02", "\u13a1": "D03", "t": "D05", "y": "D06", "\u13a4": "D07", "\u13a2": "D08", "\u13a3": "D09", "[": "D11", "]": "D12", "\u13a0": "C01", "s": "C02", "d": "C03", "g": "C05", "h": "C06", "j": "C07", "k": "C08", "l": "C09", ";": "C10", "'": "C11", "\\": "B00", "x": "B02", "c": "B03", "\u13a5": "B04", "n": "B06", "m": "B07", ",": "B08", ".": "B09", "/": "B10", " ": "A03"}, "shift": {"~": "E00", "!": "E01", "@": "E02", "#": "E03", "$": "E04", "%": "E05", "^": "E06", "&": "E07", "*": "E08", "(": "E09", ")": "E10", "_": "E11", "+": "E12", "Q": "D01", "W": "D02", "\u13a1": "D03", "T": "D05", "Y": "D06", "\u13a4": "D07", "\u13a2": "D08", "\u13a3": "D09", "{": "D11", "}": "D12", "\u13a0": "C01", "S": "C02", "D": "C03", "G": "C05", "H": "C06", "J": "C07", "K": "C08", "L": "C09", ":": "C10", "\"": "C11", "|": "B00", "X": "B02", "C": "B03", "\u13a5": "B04", "N": "B06", "M": "B07", "<": "B08", ">": "B09", "?": "B10", " ": "A03"}}