{"lang": "Czech Programmers", "none": {"`": "E00", "1": "E01", "2": "E02", "3": "E03", "4": "E04", "5": "E05", "6": "E06", "7": "E07", "8": "E08", "9": "E09", "0": "E10", "-": "E11", "=": "E12", "q": "D01", "w": "D02", "e": "D03", "r": "D04", "t": "D05", "y": "D06", "u": "D07", "i": "D08", "o": "D09", "p": "D10", "[": "D11", "]": "D12", "a": "C01", "s": "C02", "d": "C03", "f": "C04", "g": "C05", "h": "C06", "j": "C07", "k": "C08", "l": "C09", ";": "C10", "'": "C11", "\\": "B00", "z": "B01", "x": "B02", "c": "B03", "v": "B04", "b": "B05", "n": "B06", "m": "B07", ",": "B08", ".": "B09", "/": "B10", " ": "A03"}, "shift": {"~": "E00", "!": "E01", "@": "E02", "#": "E03", "$": "E04", "%": "E05", "^": "E06", "&": "E07", "*": "E08", "(": "E09", ")": "E10", "_": "E11", "+": "E12", "Q": "D01", "W": "D02", "E": "D03", "R": "D04", "T": "D05", "Y": "D06", "U": "D07", "I": "D08", "O": "D09", "P": "D10", "{": "D11", "}": "D12", "A": "C01", "S": "C02", "D": "C03", "F": "C04", "G": "C05", "H": "C06", "J": "C07", "K": "C08", "L": "C09", ":": "C10", "\"": "C11", "|": "B00", "Z": "B01", "X": "B02", "C": "B03", "V": "B04", "B": "B05", "N": "B06", "M": "B07", "<": "B08", ">": "B09", "?": "B10", " ": "A03"}, "altgr": {";": "E00", "+": "E01", "\u011b": "E02", "\u0161": "E03", "\u010d": "E04", "\u0159": "E05", "\u017e": "E06", "\u00fd": "E07", "\u00e1": "E08", "\u00ed": "E09", "\u00e9": "E10", "=": "E11", "\u00b4": "E12", "\u20ac": "D03", "\u00fa": "D11", ")": "D12", "\u016f": "C10", "\u00a7": "C11", "\u00a8": "C12", "\u00df": "B00", "?": "B08", ":": "B09", "-": "B10"}, "altgr+shift": {"\u00b0": "E00", "%": "E11", "\u02c7": "E12", "/": "D11", "(": "D12", "\"": "C10", "!": "C11", "^": "C12", "\u02dd": "B00", "\u00d7": "B08", "\u00f7": "B09", "_": "B10"}}