{"lang": "Divehi Phonetic", "none": {"`": "E00", "1": "E01", "2": "E02", "3": "E03", "4": "E04", "5": "E05", "6": "E06", "7": "E07", "8": "E08", "9": "E09", "0": "E10", "-": "E11", "=": "E12", "\u07b0": "D01", "\u0787": "D02", "\u07ac": "D03", "\u0783": "D04", "\u078c": "D05", "\u0794": "D06", "\u07aa": "D07", "\u07a8": "D08", "\u07ae": "D09", "\u0795": "D10", "]": "D11", "[": "D12", "\u07a6": "C01", "\u0790": "C02", "\u078b": "C03", "\u078a": "C04", "\u078e": "C05", "\u0780": "C06", "\u0796": "C07", "\u0786": "C08", "\u078d": "C09", "\u061b": "C10", "'": "C11", "\\": "B00", "\u0792": "B01", "\u00d7": "B02", "\u0797": "B03", "\u0788": "B04", "\u0784": "B05", "\u0782": "B06", "\u0789": "B07", "\u060c": "B08", ".": "B09", "/": "B10", " ": "A03"}, "shift": {"~": "E00", "!": "E01", "@": "E02", "#": "E03", "$": "E04", "%": "E05", "^": "E06", "&": "E07", "*": "E08", ")": "E09", "(": "E10", "_": "E11", "+": "E12", "\u07a4": "D01", "\u07a2": "D02", "\u07ad": "D03", "\u079c": "D04", "\u0793": "D05", "\u07a0": "D06", "\u07ab": "D07", "\u07a9": "D08", "\u07af": "D09", "\u00f7": "D10", "}": "D11", "{": "D12", "\u07a7": "C01", "\u0781": "C02", "\u0791": "C03", "\ufdf2": "C04", "\u07a3": "C05", "\u0799": "C06", "\u079b": "C07", "\u079a": "C08", "\u0785": "C09", ":": "C10", "\"": "C11", "|": "B00", "\u07a1": "B01", "\u0798": "B02", "\u079d": "B03", "\u07a5": "B04", "\u079e": "B05", "\u078f": "B06", "\u079f": "B07", ">": "B08", "<": "B09", "\u061f": "B10", " ": "A03"}, "altgr": {";": "C10", "\u200d": "B04", "\u200c": "B05", "\u200e": "B06", "\u200f": "B07", ",": "B08"}}