{"lang": "Dzongkha", "none": {"\u0f09": "E00", "\u0f21": "E01", "\u0f22": "E02", "\u0f23": "E03", "\u0f24": "E04", "\u0f25": "E05", "\u0f26": "E06", "\u0f27": "E07", "\u0f28": "E08", "\u0f29": "E09", "\u0f20": "E10", "\u0f14": "E11", "\u0f0d": "E12", "\u0f40": "D01", "\u0f41": "D02", "\u0f42": "D03", "\u0f44": "D04", "\u0f72": "D05", "\u0f74": "D06", "\u0f7a": "D07", "\u0f7c": "D08", "\u0f45": "D09", "\u0f46": "D10", "\u0f47": "D11", "\u0f49": "D12", "\u0f4f": "C01", "\u0f50": "C02", "\u0f51": "C03", "\u0f53": "C04", "\u0f54": "C05", "\u0f55": "C06", "\u0f56": "C07", "\u0f58": "C08", "\u0f59": "C09", "\u0f5a": "C10", "\u0f5b": "C11", "\u0f5d": "C12", "\u0f5e": "B01", "\u0f5f": "B02", "\u0f60": "B03", "\u0f61": "B04", "\u0f62": "B05", "\u0f63": "B06", "\u0f64": "B07", "\u0f66": "B08", "\u0f67": "B09", "\u0f68": "B10", "\u0f0b": "A03"}, "shift": {"\u0f0a": "E00", "\u0f04": "E01", "\u0f05": "E02", "\u0f06": "E03", "\u0f0e": "E05", "\u0f08": "E06", "\u0f38": "E07", "\u0f34": "E08", "\u0f3c": "E09", "\u0f3d": "E10", "\u0f7f": "E11", "\u0f11": "E12", "\u0f90": "D01", "\u0f91": "D02", "\u0f92": "D03", "\u0f94": "D04", "\u0f80": "D05", "\u0f84": "D06", "\u0f7b": "D07", "\u0f7d": "D08", "\u0f95": "D09", "\u0f96": "D10", "\u0f97": "D11", "\u0f99": "D12", "\u0f9f": "C01", "\u0fa0": "C02", "\u0fa1": "C03", "\u0fa3": "C04", "\u0fa4": "C05", "\u0fa5": "C06", "\u0fa6": "C07", "\u0fa8": "C08", "\u0fa9": "C09", "\u0faa": "C10", "\u0fab": "C11", "\u0fad": "C12", "\u0fae": "B01", "\u0faf": "B02", "\u0f71": "B03", "\u0fb1": "B04", "\u0fb2": "B05", "\u0fb3": "B06", "\u0fb4": "B07", "\u0fb6": "B08", "\u0fb7": "B09", "\u0fb8": "B10", " ": "A03"}, "altgr": {"\u0fd1": "E00", "1": "E01", "2": "E02", "3": "E03", "4": "E04", "5": "E05", "6": "E06", "7": "E07", "8": "E08", "9": "E09", "0": "E10", "-": "E11", "=": "E12", "\u0f88": "D01", "\u0f89": "D02", "\u0f8c": "D03", "\u0f83": "D04", "\u0f1a": "D05", "\u0f1b": "D06", "\u0f1c": "D07", "\u0f1d": "D08", "\u0f1e": "D09", "\u0f1f": "D10", "(": "D11", ")": "D12", "\u0f4a": "C01", "\u0f4b": "C02", "\u0f4c": "C03", "\u0f4e": "C04", "\u0f37": "C07", "\u0f7e": "C08", "\u0f39": "C09", ";": "C10", "'": "C11", "\\": "C12", "\u0f13": "B01", "\u0fbe": "B02", "\u0f03": "B03", "\u0f0f": "B04", "\u0f6a": "B05", "\u0f12": "B06", "\u0f65": "B07", ",": "B08", ".": "B09", "/": "B10", "\u0f0c": "A03"}, "altgr+shift": {"\u0fd0": "E00", "\u0fd3": "E01", "\u0fd4": "E02", "\u0f3a": "E03", "\u0f3b": "E04", "\u0f85": "E05", "\u0f01": "E06", "\u0f8a": "E07", "*": "E08", "\u0fd2": "E11", "+": "E12", "\u0f8d": "D01", "\u0f8e": "D02", "\u0f8f": "D03", "\u0f82": "D04", "\u0f8b\u0f99": "D05", "\u0f17": "D08", "\u0f18": "D09", "\u0f19": "D10", "\u0f3f": "D11", "\u0f3e": "D12", "\u0f9a": "C01", "\u0f9b": "C02", "\u0f9c": "C03", "\u0f9e": "C04", "\u0f35": "C07", "\u0f87": "C08", "\u0f86": "C09", ":": "C10", "\"": "C11", "\u0fba": "C12", "\u0f36": "B01", "\u0fbf": "B02", "\u0fb0": "B03", "\u0fbb": "B04", "\u0fbc": "B05", "\u0fb5": "B07", "\u0fd9": "B08", "\u0fda": "B09", "?": "B10", "\u00a0": "A03"}}