{"lang": "Greek Polytonic", "none": {"~": "E00", "1": "E01", "2": "E02", "3": "E03", "4": "E04", "5": "E05", "6": "E06", "7": "E07", "8": "E08", "9": "E09", "0": "E10", "-": "E11", "=": "E12", ";": "D01", "\u03c2": "D02", "\u03b5": "D03", "\u03c1": "D04", "\u03c4": "D05", "\u03c5": "D06", "\u03b8": "D07", "\u03b9": "D08", "\u03bf": "D09", "\u03c0": "D10", "[": "D11", "]": "D12", "\u03b1": "C01", "\u03c3": "C02", "\u03b4": "C03", "\u03c6": "C04", "\u03b3": "C05", "\u03b7": "C06", "\u03be": "C07", "\u03ba": "C08", "\u03bb": "C09", "\u0384": "C10", "'": "C11", "\\": "C12", "<": "B00", "\u03b6": "B01", "\u03c7": "B02", "\u03c8": "B03", "\u03c9": "B04", "\u03b2": "B05", "\u03bd": "B06", "\u03bc": "B07", ",": "B08", ".": "B09", "/": "B10", " ": "A03"}, "shift": {"`": "E00", "!": "E01", "@": "E02", "#": "E03", "$": "E04", "%": "E05", "^": "E06", "&": "E07", "*": "E08", "(": "E09", ")": "E10", "_": "E11", "+": "E12", ":": "D01", "\u0385": "D02", "\u0395": "D03", "\u03a1": "D04", "\u03a4": "D05", "\u03a5": "D06", "\u0398": "D07", "\u0399": "D08", "\u039f": "D09", "\u03a0": "D10", "{": "D11", "}": "D12", "\u0391": "C01", "\u03a3": "C02", "\u0394": "C03", "\u03a6": "C04", "\u0393": "C05", "\u0397": "C06", "\u039e": "C07", "\u039a": "C08", "\u039b": "C09", "\u00a8": "C10", "\"": "C11", "|": "C12", ">": "B09", "\u0396": "B01", "\u03a7": "B02", "\u03a8": "B03", "\u03a9": "B04", "\u0392": "B05", "\u039d": "B06", "\u039c": "B07", "<": "B08", "?": "B10", " ": "A03"}, "altgr": {"\u1fc1": "E00", "\u03da": "E01", "\u03de": "E02", "\u03e0": "E03", "\u00a3": "E04", "\u00a7": "E05", "\u00b6": "E06", "\u00a4": "E08", "\u00a6": "E09", "\u00b0": "E10", "\u00b1": "E11", "\u00bd": "E12", "\u1ffd": "D01", "\u20ac": "D03", "\u00ae": "D04", "\u00a5": "D06", "\u00ab": "D11", "\u00bb": "D12", "\u0385": "C10", "\u1fbf": "C11", "\u00ac": "C12", "\u00a9": "B03", "\u1fbe": "B10"}, "altgr+shift": {"\u00b2": "E02", "\u00b3": "E03", "\u1fdf": "E12", "\u0387": "D12", "\u1ffe": "C11", "\u1fdd": "C12", "\u1fde": "B10"}}