{"lang": "United States-Dvorak for left hand", "none": {"`": "E00", "[": "E01", "]": "E02", "/": "E03", "p": "E04", "f": "E05", "m": "E06", "l": "E07", "j": "E08", "4": "E09", "3": "E10", "2": "E11", "1": "E12", ";": "D01", "q": "D02", "b": "D03", "y": "D04", "u": "D05", "r": "D06", "s": "D07", "o": "D08", ".": "D09", "6": "D10", "5": "D11", "=": "D12", "-": "C01", "k": "C02", "c": "C03", "d": "C04", "t": "C05", "h": "C06", "e": "C07", "a": "C08", "z": "C09", "8": "C10", "7": "C11", "\\": "B00", "'": "B01", "x": "B02", "g": "B03", "v": "B04", "w": "B05", "n": "B06", "i": "B07", ",": "B08", "0": "B09", "9": "B10", " ": "A03"}, "shift": {"~": "E00", "{": "E01", "}": "E02", "?": "E03", "P": "E04", "F": "E05", "M": "E06", "L": "E07", "J": "E08", "$": "E09", "#": "E10", "@": "E11", "!": "E12", ":": "D01", "Q": "D02", "B": "D03", "Y": "D04", "U": "D05", "R": "D06", "S": "D07", "O": "D08", ">": "D09", "^": "D10", "%": "D11", "+": "D12", "_": "C01", "K": "C02", "C": "C03", "D": "C04", "T": "C05", "H": "C06", "E": "C07", "A": "C08", "Z": "C09", "*": "C10", "&": "C11", "|": "B00", "\"": "B01", "X": "B02", "G": "B03", "V": "B04", "W": "B05", "N": "B06", "I": "B07", "<": "B08", ")": "B09", "(": "B10", " ": "A03"}}