{"lang": "United States-Dvorak", "none": {"`": "E00", "1": "E01", "2": "E02", "3": "E03", "4": "E04", "5": "E05", "6": "E06", "7": "E07", "8": "E08", "9": "E09", "0": "E10", "[": "E11", "]": "E12", "'": "D01", ",": "D02", ".": "D03", "p": "D04", "y": "D05", "f": "D06", "g": "D07", "c": "D08", "r": "D09", "l": "D10", "/": "D11", "=": "D12", "a": "C01", "o": "C02", "e": "C03", "u": "C04", "i": "C05", "d": "C06", "h": "C07", "t": "C08", "n": "C09", "s": "C10", "-": "C11", "\\": "B00", ";": "B01", "q": "B02", "j": "B03", "k": "B04", "x": "B05", "b": "B06", "m": "B07", "w": "B08", "v": "B09", "z": "B10", " ": "A03"}, "shift": {"~": "E00", "!": "E01", "@": "E02", "#": "E03", "$": "E04", "%": "E05", "^": "E06", "&": "E07", "*": "E08", "(": "E09", ")": "E10", "{": "E11", "}": "E12", "\"": "D01", "<": "D02", ">": "D03", "P": "D04", "Y": "D05", "F": "D06", "G": "D07", "C": "D08", "R": "D09", "L": "D10", "?": "D11", "+": "D12", "A": "C01", "O": "C02", "E": "C03", "U": "C04", "I": "C05", "D": "C06", "H": "C07", "T": "C08", "N": "C09", "S": "C10", "_": "C11", "|": "B00", ":": "B01", "Q": "B02", "J": "B03", "K": "B04", "X": "B05", "B": "B06", "M": "B07", "W": "B08", "V": "B09", "Z": "B10", " ": "A03"}}