{"lang": "English (India)", "none": {"`": "E00", "1": "E01", "2": "E02", "3": "E03", "4": "E04", "5": "E05", "6": "E06", "7": "E07", "8": "E08", "9": "E09", "0": "E10", "-": "E11", "=": "E12", "q": "D01", "w": "D02", "e": "D03", "r": "D04", "t": "D05", "y": "D06", "u": "D07", "i": "D08", "o": "D09", "p": "D10", "[": "D11", "]": "D12", "a": "C01", "s": "C02", "d": "C03", "f": "C04", "g": "C05", "h": "C06", "j": "C07", "k": "C08", "l": "C09", ";": "C10", "'": "C11", "\\": "B00", "z": "B01", "x": "B02", "c": "B03", "v": "B04", "b": "B05", "n": "B06", "m": "B07", ",": "B08", ".": "B09", "/": "B10", " ": "A03"}, "shift": {"~": "E00", "!": "E01", "@": "E02", "#": "E03", "$": "E04", "%": "E05", "^": "E06", "&": "E07", "*": "E08", "(": "E09", ")": "E10", "_": "E11", "+": "E12", "Q": "D01", "W": "D02", "E": "D03", "R": "D04", "T": "D05", "Y": "D06", "U": "D07", "I": "D08", "O": "D09", "P": "D10", "{": "D11", "}": "D12", "A": "C01", "S": "C02", "D": "C03", "F": "C04", "G": "C05", "H": "C06", "J": "C07", "K": "C08", "L": "C09", ":": "C10", "\"": "C11", "|": "B00", "Z": "B01", "X": "B02", "C": "B03", "V": "B04", "B": "B05", "N": "B06", "M": "B07", "<": "B08", ">": "B09", "?": "B10", " ": "A03"}, "altgr": {"\u20b9": "E04", "-": "E11", "\u00e6": "D01", "\u0113": "D03", "r\u0325": "D04", "\u1e6d": "D05", "\u00f1": "D06", "\u016b": "D07", "\u012b": "D08", "\u014d": "D09", "\u0101": "C01", "\u015b": "C02", "\u1e0d": "C03", "\u1e45": "C05", "\u1e25": "C06", "l\u0325": "C09", "\u1e63": "B02", "\u1e47": "B06", "\u1e41": "B07", ",": "B08", ".": "B09"}, "altgr+shift": {"~": "E00", "\u02c6": "E06", "\u02d8": "E09", "\u02cd": "E11", "\u00c6": "D01", "\u0112": "D03", "R\u0325": "D04", "\u1e6c": "D05", "\u00d1": "D06", "\u016a": "D07", "\u012a": "D08", "\u014c": "D09", "\u0100": "C01", "\u015a": "C02", "\u1e0c": "C03", "\u1e44": "C05", "\u1e24": "C06", "L\u0325": "C09", "\u1e62": "B02", "\u1e46": "B06", "\u1e40": "B07", "<": "B08"}}