{"lang": "Persian (Standard)", "none": {"\u200d": "E00", "\u06f1": "E01", "\u06f2": "E02", "\u06f3": "E03", "\u06f4": "E04", "\u06f5": "E05", "\u06f6": "E06", "\u06f7": "E07", "\u06f8": "E08", "\u06f9": "E09", "\u06f0": "E10", "-": "E11", "=": "E12", "\u0636": "D01", "\u0635": "D02", "\u062b": "D03", "\u0642": "D04", "\u0641": "D05", "\u063a": "D06", "\u0639": "D07", "\u0647": "D08", "\u062e": "D09", "\u062d": "D10", "\u062c": "D11", "\u0686": "D12", "\u0634": "C01", "\u0633": "C02", "\u06cc": "C03", "\u0628": "C04", "\u0644": "C05", "\u0627": "C06", "\u062a": "C07", "\u0646": "C08", "\u0645": "C09", "\u06a9": "C10", "\u06af": "C11", "\\": "B00", "\u0638": "B01", "\u0637": "B02", "\u0632": "B03", "\u0631": "B04", "\u0630": "B05", "\u062f": "B06", "\u067e": "B07", "\u0648": "B08", ".": "B09", "/": "B10", " ": "A03"}, "shift": {"\u200d": "E00", "!": "E01", "\u066c": "E02", "\u066b": "E03", "\u0631\u06cc\u0627\u0644": "E04", "\u066a": "E05", "\u00d7": "E06", "\u060c": "E07", "*": "E08", ")": "E09", "(": "E10", "\u0640": "E11", "+": "E12", "\u0652": "D01", "\u064c": "D02", "\u064d": "D03", "\u064b": "D04", "\u064f": "D05", "\u0650": "D06", "\u064e": "D07", "\u0651": "D08", "]": "D09", "[": "D10", "}": "D11", "{": "D12", "\u0624": "C01", "\u0626": "C02", "\u064a": "C03", "\u0625": "C04", "\u0623": "C05", "\u0622": "C06", "\u0629": "C07", "\u00bb": "C08", "\u00ab": "C09", ":": "C10", "\u061b": "C11", "|": "B00", "\u0643": "B01", "\u0637": "B02", "\u0698": "B03", "\u0670": "B04", "\u200c": "A03", "\u0654": "B06", "\u0621": "B07", ">": "B08", "<": "B09", "\u061f": "B10"}}