{"lang": "Persian", "none": {"\u00f7": "E00", "1": "E01", "2": "E02", "3": "E03", "4": "E04", "5": "E05", "6": "E06", "7": "E07", "8": "E08", "9": "E09", "0": "E10", "-": "E11", "=": "E12", "\u0636": "D01", "\u0635": "D02", "\u062b": "D03", "\u0642": "D04", "\u0641": "D05", "\u063a": "D06", "\u0639": "D07", "\u0647": "D08", "\u062e": "D09", "\u062d": "D10", "\u062c": "D11", "\u0686": "D12", "\u0634": "C01", "\u0633": "C02", "\u06cc": "C03", "\u0628": "C04", "\u0644": "C05", "\u0627": "C06", "\u062a": "C07", "\u0646": "C08", "\u0645": "C09", "\u06a9": "C10", "\u06af": "C11", "\u067e": "B00", "\u0638": "B01", "\u0637": "B02", "\u0632": "B03", "\u0631": "B04", "\u0630": "B05", "\u062f": "B06", "\u0626": "B07", "\u0648": "B08", ".": "B09", "/": "B10", " ": "A03"}, "shift": {"\u00d7": "E00", "!": "E01", "@": "E02", "#": "E03", "$": "E04", "%": "E05", "^": "E06", "&": "E07", "*": "E08", ")": "E09", "(": "E10", "_": "E11", "+": "E12", "\u064b": "D01", "\u064c": "D02", "\u064d": "D03", "\u0631\u064a\u0627\u0644": "D04", "\u060c": "D05", "\u061b": "D06", ",": "D07", "]": "D08", "[": "D09", "\\": "D10", "}": "D11", "{": "D12", "\u064e": "C01", "\u064f": "C02", "\u0650": "C03", "\u0651": "C04", "\u06c0": "C05", "\u0622": "C06", "\u0640": "C07", "\u00ab": "C08", "\u00bb": "C09", ":": "C10", "\"": "C11", "|": "B00", "\u0629": "B01", "\u064a": "B02", "\u0698": "B03", "\u0624": "B04", "\u0625": "B05", "\u0623": "B06", "\u0621": "B07", "<": "B08", ">": "B09", "\u061f": "B10", " ": "A03"}}