{"lang": "Ogham", "none": {"\u168a": "D01", "\u1695": "D02", "\u1693": "D03", "\u168f": "D04", "\u1688": "D05", "\u1698": "D06", "\u1692": "D07", "\u1694": "D08", "\u1691": "D09", "\u169a": "D10", "\u1690": "C01", "\u1684": "C02", "\u1687": "C03", "\u1683": "C04", "\u168c": "C05", "\u1686": "C06", "\u1697": "C07", "\u1696": "C08", "\u1682": "C09", "\u1680": "C11", "\u169b": "C12", "\u168e": "B01", "\u1699": "B02", "\u1689": "B03", "\u168d": "B04", "\u1681": "B05", "\u1685": "B06", "\u168b": "B07", " ": "A03"}, "shift": {"\u169c": "C12", " ": "A03"}}