{"lang": "Gujarati", "none": {"1": "E01", "2": "E02", "3": "E03", "4": "E04", "5": "E05", "6": "E06", "7": "E07", "8": "E08", "9": "E09", "0": "E10", "-": "E11", "\u0ac3": "E12", "\u0acc": "D01", "\u0ac8": "D02", "\u0abe": "D03", "\u0ac0": "D04", "\u0ac2": "D05", "\u0aac": "D06", "\u0ab9": "D07", "\u0a97": "D08", "\u0aa6": "D09", "\u0a9c": "D10", "\u0aa1": "D11", "\u0abc": "D12", "\u0acb": "C01", "\u0ac7": "C02", "\u0acd": "C03", "\u0abf": "C04", "\u0ac1": "C05", "\u0aaa": "C06", "\u0ab0": "C07", "\u0a95": "C08", "\u0aa4": "C09", "\u0a9a": "C10", "\u0a9f": "C11", "\u0ac9": "C12", "\u0a82": "B02", "\u0aae": "B03", "\u0aa8": "B04", "\u0ab5": "B05", "\u0ab2": "B06", "\u0ab8": "B07", ",": "B08", ".": "B09", "\u0aaf": "B10", " ": "A03"}, "shift": {"\u0a8d": "E01", "\u0ac5": "E02", "\u0acd\u0ab0": "E03", "\u0ab0\u0acd": "E04", "\u0a9c\u0acd\u0a9e": "E05", "\u0aa4\u0acd\u0ab0": "E06", "\u0a95\u0acd\u0ab7": "E07", "\u0ab6\u0acd\u0ab0": "E08", "(": "E09", ")": "E10", "\u0a83": "E11", "\u0a8b": "E12", "\u0a94": "D01", "\u0a90": "D02", "\u0a86": "D03", "\u0a88": "D04", "\u0a8a": "D05", "\u0aad": "D06", "\u0a99": "D07", "\u0a98": "D08", "\u0aa7": "D09", "\u0a9d": "D10", "\u0aa2": "D11", "\u0a9e": "D12", "\u0a93": "C01", "\u0a8f": "C02", "\u0a85": "C03", "\u0a87": "C04", "\u0a89": "C05", "\u0aab": "C06", "\u0a96": "C08", "\u0aa5": "C09", "\u0a9b": "C10", "\u0aa0": "C11", "\u0a91": "C12", "\u0a81": "B02", "\u0aa3": "B03", "\u0ab3": "B06", "\u0ab6": "B07", "\u0ab7": "B08", "\u0964": "B09", " ": "A03"}, "altgr": {"\u0ae7": "E01", "\u0ae8": "E02", "\u0ae9": "E03", "\u0aea": "E04", "\u0aeb": "E05", "\u0aec": "E06", "\u0aed": "E07", "\u0aee": "E08", "\u0aef": "E09", "\u0ae6": "E10", "\u0ac4": "E12", "\u0965": "B09"}, "altgr+shift": {"\u0ae0": "E12", "\u0ad0": "B02", "\u0abd": "B09"}}