{"lang": "Hebrew (Standard)", "none": {";": "E00", "1": "E01", "2": "E02", "3": "E03", "4": "E04", "5": "E05", "6": "E06", "7": "E07", "8": "E08", "9": "E09", "0": "E10", "-": "E11", "=": "E12", "/": "D01", "'": "D02", "\u05e7": "D03", "\u05e8": "D04", "\u05d0": "D05", "\u05d8": "D06", "\u05d5": "D07", "\u05df": "D08", "\u05dd": "D09", "\u05e4": "D10", "]": "D11", "[": "D12", "\u05e9": "C01", "\u05d3": "C02", "\u05d2": "C03", "\u05db": "C04", "\u05e2": "C05", "\u05d9": "C06", "\u05d7": "C07", "\u05dc": "C08", "\u05da": "C09", "\u05e3": "C10", ",": "C11", "\\": "B00", "\u05d6": "B01", "\u05e1": "B02", "\u05d1": "B03", "\u05d4": "B04", "\u05e0": "B05", "\u05de": "B06", "\u05e6": "B07", "\u05ea": "B08", "\u05e5": "B09", ".": "B10", " ": "A03"}, "shift": {"~": "E00", "!": "E01", "@": "E02", "#": "E03", "$": "E04", "%": "E05", "^": "E06", "&": "E07", "*": "E08", ")": "E09", "(": "E10", "_": "E11", "+": "E12", "Q": "D01", "W": "D02", "E": "D03", "R": "D04", "T": "D05", "Y": "D06", "U": "D07", "I": "D08", "O": "D09", "P": "D10", "}": "D11", "{": "D12", "A": "C01", "S": "C02", "D": "C03", "F": "C04", "G": "C05", "H": "C06", "J": "C07", "K": "C08", "L": "C09", ":": "C10", "\"": "C11", "|": "B00", "Z": "B01", "X": "B02", "C": "B03", "V": "B04", "B": "B05", "N": "B06", "M": "B07", ">": "B08", "<": "B09", "?": "B10", " ": "A03"}, "altgr": {"\u05f3": "E00", "\u20ac": "E03", "\u20aa": "E04", "\u00b0": "E05", "\u05ab": "E06", "\u05bd": "E07", "\u00d7": "E08", "\u200e": "E09", "\u200f": "E10", "\u05be": "E11", "\u2013": "E12", "\u05c2": "D01", "\u05c1": "D02", "\u05b8": "D03", "\u05b3": "D04", "\u05f0": "D06", "\u05b9": "D07", "\u05b7": "D10", "\u05b2": "D11", "\u05bf": "D12", "\u05b0": "C01", "\u05bc": "C02", "\u05f1": "C05", "\u05f2": "C06", "\u05b4": "C07", "\u201d": "C09", "\u201e": "C10", "\u05f4": "C11", "\u05bb": "C12", "\u05b6": "B02", "\u05b1": "B03", "\u05b5": "B07", "\u2019": "B08", "\u201a": "B09", "\u00f7": "B10"}, "altgr+shift": {"\u05ba": "D07", "\u200d": "C07", "\u201c": "C09", "\u201d": "C10", "\u034f": "B03", "\u05c6": "B05", "\u200c": "B06", "\u2018": "B08", "\u2019": "B09"}}