{"lang": "Hebrew", "none": {";": "E00", "1": "E01", "2": "E02", "3": "E03", "4": "E04", "5": "E05", "6": "E06", "7": "E07", "8": "E08", "9": "E09", "0": "E10", "-": "E11", "=": "E12", "/": "D01", "'": "D02", "\u05e7": "D03", "\u05e8": "D04", "\u05d0": "D05", "\u05d8": "D06", "\u05d5": "D07", "\u05df": "D08", "\u05dd": "D09", "\u05e4": "D10", "]": "D11", "[": "D12", "\u05e9": "C01", "\u05d3": "C02", "\u05d2": "C03", "\u05db": "C04", "\u05e2": "C05", "\u05d9": "C06", "\u05d7": "C07", "\u05dc": "C08", "\u05da": "C09", "\u05e3": "C10", ",": "C11", "\\": "B00", "\u05d6": "B01", "\u05e1": "B02", "\u05d1": "B03", "\u05d4": "B04", "\u05e0": "B05", "\u05de": "B06", "\u05e6": "B07", "\u05ea": "B08", "\u05e5": "B09", ".": "B10", " ": "A03"}, "shift": {"~": "E00", "!": "E01", "@": "E02", "#": "E03", "$": "E04", "%": "E05", "^": "E06", "&": "E07", "*": "E08", ")": "E09", "(": "E10", "_": "E11", "+": "E12", "Q": "D01", "W": "D02", "E": "D03", "R": "D04", "T": "D05", "Y": "D06", "U": "D07", "I": "D08", "O": "D09", "P": "D10", "}": "D11", "{": "D12", "A": "C01", "S": "C02", "D": "C03", "F": "C04", "G": "C05", "H": "C06", "J": "C07", "K": "C08", "L": "C09", ":": "C10", "\"": "C11", "|": "B00", "Z": "B01", "X": "B02", "C": "B03", "V": "B04", "B": "B05", "N": "B06", "M": "B07", ">": "B08", "<": "B09", "?": "B10", " ": "A03"}, "altgr": {"\u20aa": "E04", "\u05bf": "E11", "\u20ac": "D03", "\u05f0": "D07", "\u05f2": "C06", "\u05f1": "C07"}}