{"lang": "Devanagari - INSCRIPT", "none": {"\u094a": "E00", "1": "E01", "2": "E02", "3": "E03", "4": "E04", "5": "E05", "6": "E06", "7": "E07", "8": "E08", "9": "E09", "0": "E10", "-": "E11", "\u0943": "E12", "\u094c": "D01", "\u0948": "D02", "\u093e": "D03", "\u0940": "D04", "\u0942": "D05", "\u092c": "D06", "\u0939": "D07", "\u0917": "D08", "\u0926": "D09", "\u091c": "D10", "\u0921": "D11", "\u093c": "D12", "\u094b": "C01", "\u0947": "C02", "\u094d": "C03", "\u093f": "C04", "\u0941": "C05", "\u092a": "C06", "\u0930": "C07", "\u0915": "C08", "\u0924": "C09", "\u091a": "C10", "\u091f": "C11", "\u0949": "B00", "\u0946": "B01", "\u0902": "B02", "\u092e": "B03", "\u0928": "B04", "\u0935": "B05", "\u0932": "B06", "\u0938": "B07", ",": "B08", ".": "B09", "\u092f": "B10", " ": "A03"}, "shift": {"\u0912": "E00", "\u090d": "E01", "\u0945": "E02", "\u094d\u0930": "E03", "\u0930\u094d": "E04", "\u091c\u094d\u091e": "E05", "\u0924\u094d\u0930": "E06", "\u0915\u094d\u0937": "E07", "\u0936\u094d\u0930": "E08", "(": "E09", ")": "E10", "\u0903": "E11", "\u090b": "E12", "\u0914": "D01", "\u0910": "D02", "\u0906": "D03", "\u0908": "D04", "\u090a": "D05", "\u092d": "D06", "\u0919": "D07", "\u0918": "D08", "\u0927": "D09", "\u091d": "D10", "\u0922": "D11", "\u091e": "D12", "\u0913": "C01", "\u090f": "C02", "\u0905": "C03", "\u0907": "C04", "\u0909": "C05", "\u092b": "C06", "\u0931": "C07", "\u0916": "C08", "\u0925": "C09", "\u091b": "C10", "\u0920": "C11", "\u0911": "B00", "\u090e": "B01", "\u0901": "B02", "\u0923": "B03", "\u0929": "B04", "\u0934": "B05", "\u0933": "B06", "\u0936": "B07", "\u0937": "B08", "\u0964": "B09", "\u095f": "B10", " ": "A03"}, "altgr": {"\u0967": "E01", "\u0968": "E02", "\u0969": "E03", "\u096a": "E04", "\u096b": "E05", "\u096c": "E06", "\u096d": "E07", "\u096e": "E08", "\u096f": "E09", "\u0966": "E10", "\u0944": "E12", "\u0963": "D04", "\u095a": "D08", "\u095b": "D10", "\u095c": "D11", "\u0952": "C10", "\u0962": "C04", "\u0958": "C08", "\u0953": "B01", "\u0954": "B03", "\u0970": "B08", "\u0965": "B09"}, "altgr+shift": {"\u0960": "E12", "\u0951": "C11", "\u0961": "D04", "\u095d": "D11", "\u090c": "C04", "\u095e": "C06", "\u0959": "C08", "\u0950": "B02", "\u093d": "B09"}}