{"lang": "Armenian Typewriter", "none": {"\u055d": "E00", "\u0586": "E01", "\u0571": "E02", "-": "E03", ",": "E04", "\u0589": "E05", "\u055e": "E06", "\u2024": "E07", "\u055b": "E08", ")": "E09", "\u0585": "E10", "\u0567": "E11", "\u0572": "E12", "\u0573": "D01", "\u0583": "D02", "\u0562": "D03", "\u057d": "D04", "\u0574": "D05", "\u0578": "D06", "\u0582": "D07", "\u056f": "D08", "\u0568": "D09", "\u0569": "D10", "\u056e": "D11", "\u0581": "D12", "\u057b": "C01", "\u057e": "C02", "\u0563": "C03", "\u0565": "C04", "\u0561": "C05", "\u0576": "C06", "\u056b": "C07", "\u057f": "C08", "\u0570": "C09", "\u057a": "C10", "\u0580": "C11", "\u00bb": "C12", "\u056a": "B01", "\u0564": "B02", "\u0579": "B03", "\u0575": "B04", "\u0566": "B05", "\u056c": "B06", "\u0584": "B07", "\u056d": "B08", "\u0577": "B09", "\u057c": "B10", " ": "A03"}, "shift": {"\u055c": "E00", "\u0556": "E01", "\u0541": "E02", "\u058f": "E04", "\u058a": "E05", "\u2014": "E06", "\u0587": "E07", "\u055a": "E08", "(": "E09", "\u0555": "E10", "\u0537": "E11", "\u0542": "E12", "\u0543": "D01", "\u0553": "D02", "\u0532": "D03", "\u054d": "D04", "\u0544": "D05", "\u0548": "D06", "\u0552": "D07", "\u053f": "D08", "\u0538": "D09", "\u0539": "D10", "\u053e": "D11", "\u0551": "D12", "\u054b": "C01", "\u054e": "C02", "\u0533": "C03", "\u0535": "C04", "\u0531": "C05", "\u0546": "C06", "\u053b": "C07", "\u054f": "C08", "\u0540": "C09", "\u054a": "C10", "\u0550": "C11", "\u00ab": "C12", "\u053a": "B01", "\u0534": "B02", "\u0549": "B03", "\u0545": "B04", "\u0536": "B05", "\u053c": "B06", "\u0554": "B07", "\u053d": "B08", "\u0547": "B09", "\u054c": "B10", " ": "A03"}, "altgr": {"`": "E00", "1": "E01", "2": "E02", "3": "E03", "4": "E04", "5": "E05", "6": "E06", "7": "E07", "8": "E08", "9": "E09", "0": "E10", "-": "E11", "=": "E12", "[": "D11", "]": "D12", ";": "C10", "'": "C11", "\\": "C12", ",": "B08", ".": "B09", "/": "B10"}, "altgr+shift": {"~": "E00", "!": "E01", "@": "E02", "#": "E03", "$": "E04", "%": "E05", "^": "E06", "&": "E07", "*": "E08", "(": "E09", ")": "E10", "_": "E11", "+": "E12", "{": "D11", "}": "D12", ":": "C10", "\"": "C11", "|": "C12", "<": "B08", ">": "B09", "?": "B10"}}