{"lang": "Georgian (Old Alphabets)", "none": {"\u201e": "E00", "!": "E01", "\u10fb": "E02", ",": "E03", ";": "E04", "%": "E05", ":": "E06", "?": "E07", ".": "E08", "(": "E09", ")": "E10", "-": "E11", "\u201c": "E12", "\u2d19": "D01", "\u2d0e": "D02", "\u2d13": "D03", "\u2d1b": "D04", "\u2d1d": "D05", "\u2d12": "D06", "\u2d07": "D07", "\u2d0c": "D08", "\u2d05": "D09", "\u2d18": "D10", "\u2d09": "D11", "\u2d15": "D12", "\u2d1e": "C01", "\u2d08": "C02", "\u2d00": "C03", "\u2d04": "C04", "\u2d0d": "C05", "\u2d03": "C06", "\u2d0b": "C07", "\u2d11": "C08", "\u2d10": "C09", "\u2d01": "C10", "\u2d02": "C11", "/": "C12", "\\": "B00", "\u2d1f": "B01", "\u2d20": "B02", "\u2d17": "B03", "\u2d16": "B04", "\u2d0f": "B05", "\u2d06": "B06", "\u2d1a": "B07", "\u2d0a": "B08", "\u2d14": "B09", "\u2d1c": "B10", " ": "A03"}, "shift": {"'": "E00", "1": "E01", "2": "E02", "3": "E03", "4": "E04", "5": "E05", "6": "E06", "7": "E07", "8": "E08", "9": "E09", "0": "E10", "+": "E11", "=": "E12", "\u10b9": "D01", "\u10ae": "D02", "\u10b3": "D03", "\u10bb": "D04", "\u10bd": "D05", "\u10b2": "D06", "\u10a7": "D07", "\u10ac": "D08", "\u10a5": "D09", "\u10b8": "D10", "\u10a9": "D11", "\u10b5": "D12", "\u10be": "C01", "\u10a8": "C02", "\u10a0": "C03", "\u10a4": "C04", "\u10ad": "C05", "\u10a3": "C06", "\u10ab": "C07", "\u10b1": "B01", "\u10b0": "C09", "\u10a1": "C10", "\u10a2": "C11", "\u00a7": "C12", "/": "B00", "\u10c0": "B02", "\u10b7": "B03", "\u10b6": "B04", "\u10af": "B05", "\u10a6": "B06", "\u10ba": "B07", "\u10aa": "B08", "\u10b4": "B09", "\u10bc": "B10", " ": "A03"}, "altgr": {"`": "E00", "!": "E01", "@": "E02", "#": "E03", "$": "E04", "\u20ac": "E05", "^": "E06", "&": "E07", "*": "E08", "(": "E09", ")": "E10", "\u2014": "E11", "=": "E12", "\u2116": "D02", "\u10fc": "D08", "\u10f3": "D09", "[": "D11", "]": "D12", "\u2d24": "C01", "\u2d22": "C02", "\u10fa": "C03", "\u2d21": "C04", "\u10f9": "C11", "\\": "C12", "\u2d25": "B02", "\u10f8": "B03", "\u10f6": "B09", "\u10fb": "B10", " ": "A03"}, "altgr+shift": {"~": "E00", "\u00a7": "E03", "\u00b0": "E08", "\u00ab": "E09", "\u00bb": "E10", "_": "E11", "{": "D11", "}": "D12", "\u10c4": "C01", "\u10c1": "C04", "\"": "C11", "|": "C12", ">": "B09", " ": "A03"}}