{"lang": "Georgian (Legacy)", "none": {"\u201e": "E00", "!": "E01", "?": "E02", "\u2116": "E03", "\u00a7": "E04", "%": "E05", ":": "E06", ".": "E07", ";": "E08", ",": "E09", "/": "E10", "\u2013": "E11", "=": "E12", "\u10e6": "D01", "\u10ef": "D02", "\u10e3": "D03", "\u10d9": "D04", "\u10d4": "D05", "\u10dc": "D06", "\u10d2": "D07", "\u10e8": "D08", "\u10ec": "D09", "\u10d6": "D10", "\u10ee": "D11", "\u10ea": "D12", "\u10e4": "C01", "\u10eb": "C02", "\u10d5": "C03", "\u10d7": "C04", "\u10d0": "C05", "\u10de": "C06", "\u10e0": "C07", "\u10dd": "C08", "\u10da": "C09", "\u10d3": "C10", "\u10df": "C11", "(": "B00", "\u10ed": "B01", "\u10e9": "B02", "\u10e7": "B03", "\u10e1": "B04", "\u10db": "B05", "\u10d8": "B06", "\u10e2": "B07", "\u10e5": "B08", "\u10d1": "B09", "\u10f0": "B10", " ": "A03"}, "shift": {"\u201c": "E00", "1": "E01", "2": "E02", "3": "E03", "4": "E04", "5": "E05", "6": "E06", "7": "E07", "8": "E08", "9": "E09", "0": "E10", "-": "E11", "+": "E12", "\u10e6": "D01", "\u10ef": "D02", "\u10e3": "D03", "\u10d9": "D04", "\u10d4": "D05", "\u10dc": "D06", "\u10d2": "D07", "\u10e8": "D08", "\u10ec": "D09", "\u10d6": "D10", "\u10ee": "D11", "\u10ea": "D12", "\u10e4": "C01", "\u10eb": "C02", "\u10d5": "C03", "\u10d7": "C04", "\u10d0": "C05", "\u10de": "C06", "\u10e0": "C07", "\u10dd": "C08", "\u10da": "C09", "\u10d3": "C10", "\u10df": "C11", ")": "B00", "\u10ed": "B01", "\u10e9": "B02", "\u10e7": "B03", "\u10e1": "B04", "\u10db": "B05", "\u10d8": "B06", "\u10e2": "B07", "\u10e5": "B08", "\u10d1": "B09", "\u10f0": "B10", " ": "A03"}, "altgr": {"\u10f1": "D05", "\u10f4": "D11", "\u10f6": "C01", "\u10f3": "C03", "\u10f2": "B06", "\u10f5": "B10"}}