{"lang": "Georgian (QWERTY)", "none": {"\u201e": "E00", "1": "E01", "2": "E02", "3": "E03", "4": "E04", "5": "E05", "6": "E06", "7": "E07", "8": "E08", "9": "E09", "0": "E10", "-": "E11", "=": "E12", "\u10e5": "D01", "\u10ec": "D02", "\u10d4": "D03", "\u10e0": "D04", "\u10e2": "D05", "\u10e7": "D06", "\u10e3": "D07", "\u10d8": "D08", "\u10dd": "D09", "\u10de": "D10", "[": "D11", "]": "D12", "\u10d0": "C01", "\u10e1": "C02", "\u10d3": "C03", "\u10e4": "C04", "\u10d2": "C05", "\u10f0": "C06", "\u10ef": "C07", "\u10d9": "C08", "\u10da": "C09", ";": "C10", "'": "C11", "~": "C12", "\\": "B00", "\u10d6": "B01", "\u10ee": "B02", "\u10ea": "B03", "\u10d5": "B04", "\u10d1": "B05", "\u10dc": "B06", "\u10db": "B07", ",": "B08", ".": "B09", "/": "B10", " ": "A03"}, "shift": {"\u201c": "E00", "!": "E01", "@": "E02", "#": "E03", "$": "E04", "%": "E05", "^": "E06", "&": "E07", "*": "E08", "(": "E09", ")": "E10", "_": "E11", "+": "E12", "\u10ed": "D02", "\u10e6": "D04", "\u10d7": "D05", "{": "D11", "}": "D12", "\u10e8": "C02", "\u10df": "C07", "\u20be": "C09", ":": "C10", "\"": "C11", "|": "C12", "\u10eb": "B01", "\u10e9": "B03", "N": "B06", "<": "B08", ">": "B09", "?": "B10", " ": "A03"}, "altgr": {"\u201e": "E02", "\u201c": "E03", "\u20ac": "E05", "\u00b0": "E08", "\u2014": "E11", "\u2013": "E12", "\u10f1": "D03", "\u00ae": "D04", "\u10f8": "D06", "\u10f2": "D08", "\u10fa": "C01", "\u10f6": "C04", "\u10f9": "C05", "\u10f5": "C06", "\u10f7": "C07", "\u10f4": "B02", "\u00a9": "B03", "\u10f3": "B04", "\u10fc": "B06", "\u00ab": "B08", "\u00bb": "B09", "\u10fb": "B10"}}