{"lang": "Georgian (MES)", "none": {"\u10ed": "E00", "1": "E01", "2": "E02", "3": "E03", "4": "E04", "5": "E05", "6": "E06", "7": "E07", "8": "E08", "9": "E09", "0": "E10", "-": "E11", "\u10df": "E12", "\u10e5": "D01", "\u10ec": "D02", "\u10d4": "D03", "\u10e0": "D04", "\u10e2": "D05", "\u10e7": "D06", "\u10e3": "D07", "\u10d8": "D08", "\u10dd": "D09", "\u10de": "D10", "\u10e8": "D11", "\u10e6": "D12", "\u10d0": "C01", "\u10e1": "C02", "\u10d3": "C03", "\u10e4": "C04", "\u10d2": "C05", "\u10f0": "C06", "\u10ef": "C07", "\u10d9": "C08", "\u10da": "C09", "\u10d7": "C10", "\u10e9": "C11", "=": "C12", "/": "B00", "\u10d6": "B01", "\u10ee": "B02", "\u10ea": "B03", "\u10d5": "B04", "\u10d1": "B05", "\u10dc": "B06", "\u10db": "B07", ",": "B08", ".": "B09", "\u10eb": "B10", " ": "A03"}, "shift": {"\\": "E00", "!": "E01", "@": "E02", "\u2116": "E03", "$": "E04", "%": "E05", "^": "E06", "&": "E07", "*": "E08", "(": "E09", ")": "E10", "_": "E11", "+": "E12", "Q": "D01", "W": "D02", "E": "D03", "R": "D04", "T": "D05", "Y": "D06", "U": "D07", "I": "D08", "O": "D09", "P": "D10", "[": "D11", "]": "D12", "A": "C01", "S": "C02", "D": "C03", "F": "C04", "G": "C05", "H": "C06", "J": "C07", "K": "C08", "L": "C09", ":": "B09", "\"": "C11", "/": "C12", "?": "B10", "Z": "B01", "X": "B02", "C": "B03", "V": "B04", "B": "B05", "N": "B06", "M": "B07", ";": "B08", " ": "A03"}, "altgr": {"`": "E00", "'": "E01", "~": "E02", "#": "E03", "\u20ac": "E04", "\u00a7": "E07", "\u00b0": "E08", "\u2014": "E10", "\u2013": "E11", "|": "E12", "\u10f2": "D08", "\u00ab": "D11", "\u00bb": "D12", "\u10fa": "C01", "\u10f6": "C04", "\u10f9": "C05", "\u10f1": "C06", "\u10f7": "C07", "\u10f5": "B01", "\u10f4": "B02", "\u10f3": "B04", "\u10fc": "B06", "<": "B08", ">": "B09", "\u10fb": "B10"}}