{"lang": "New Tai Lue", "none": {"\uff5e": "E00", "\uff01": "E01", "\uff20": "E02", "\uff03": "E03", "\uff04": "E04", "\uff05": "E05", "\u2026": "E06", "\uff06": "E07", "*": "E08", "\uff08": "E09", "\uff09": "E10", "\u2014": "E11", "+": "E12", "\u1980": "D01", "\u19c8": "D02", "\u19b5": "D03", "\u198f": "D04", "\u198e": "D05", "\u198a": "D06", "\u19b3": "D07", "\u19b2": "D08", "\u19b7": "D09", "\u1994": "D10", "[": "D11", "]": "D12", "\u19b0": "C01", "\u1989": "C02", "\u19a1": "C03", "\u199a": "C04", "\u1984": "C05", "\u19a0": "C06", "\u1995": "C07", "\u1982": "C08", "\u199c": "C09", "\uff1b": "C10", "\u2019\u2018": "C11", "\u3001": "C12", "\u19de": "B01", "\u1983": "B02", "\u1988": "B03", "\u199b": "B04", "\u19a2": "B05", "\u1990": "B06", "\u1996": "B07", "\uff0c": "B08", "\u3002": "B09", "/": "B10", " ": "A03"}, "shift": {"\u19da": "E00", "\u19d1": "E01", "\u19d2": "E02", "\u19d3": "E03", "\u19d4": "E04", "\u19d5": "E05", "\u19d6": "E06", "\u19d7": "E07", "\u19d8": "E08", "\u19d9": "E09", "\u19d0": "E10", "-": "E11", "=": "E12", "\u1981": "D01", "\u19c9": "D02", "\u19b6": "D03", "\u1992": "D04", "\u1991": "D05", "\u198d": "D06", "\u19b4": "D07", "\u19c0": "D08", "\u19b8": "D09", "\u1997": "D10", "{": "D11", "}": "D12", "\u19b1": "C01", "\u198c": "C02", "\u19a4": "C03", "\u199d": "C04", "\u1987": "C05", "\u19a3": "C06", "\u1998": "C07", "\u1985": "C08", "\u199f": "C09", "\uff1a": "C10", "\u201c\u201d": "C11", "|": "B00", "\u19df": "B01", "\u1986": "B02", "\u198b": "B03", "\u199e": "B04", "\u19a5": "B05", "\u1993": "B06", "\u1999": "B07", "\u300a": "B08", "\u300b": "B09", "\uff1f": "B10", " ": "A03"}, "altgr": {"\u19b9": "D03", "\u19be": "D04", "\u19bb": "D06", "\u19bc": "D07", "\u19bf": "D08", "\u19bd": "D09", "\u19ab": "C01", "\u19aa": "C02", "\u19c6": "C03", "\u19c2": "C05", "\u19a6": "C06", "\u19a8": "C07", "\u19c5": "C08", "\u19ba": "C09", "\u19a7": "B02", "\u19a9": "B03", "\u19c1": "B04", "\u19c7": "B05", "\u19c3": "B06", "\u19c4": "B07"}}