{"lang": "Kannada", "none": {"\u0cca": "E00", "1": "E01", "2": "E02", "3": "E03", "4": "E04", "5": "E05", "6": "E06", "7": "E07", "8": "E08", "9": "E09", "0": "E10", "-": "E11", "\u0cc3": "E12", "\u0ccc": "D01", "\u0cc8": "D02", "\u0cbe": "D03", "\u0cc0": "D04", "\u0cc2": "D05", "\u0cac": "D06", "\u0cb9": "D07", "\u0c97": "D08", "\u0ca6": "D09", "\u0c9c": "D10", "\u0ca1": "D11", "\u0ccb": "C01", "\u0cc7": "C02", "\u0ccd": "C03", "\u0cbf": "C04", "\u0cc1": "C05", "\u0caa": "C06", "\u0cb0": "C07", "\u0c95": "C08", "\u0ca4": "C09", "\u0c9a": "C10", "\u0c9f": "C11", "\u0cc6": "B01", "\u0c82": "B02", "\u0cae": "B03", "\u0ca8": "B04", "\u0cb5": "B05", "\u0cb2": "B06", "\u0cb8": "B07", ",": "B08", ".": "B09", "\u0caf": "B10", " ": "A03"}, "shift": {"\u0c92": "E00", "\u0ccd\u0cb0": "E03", "\u0cb0\u0ccd": "E04", "\u0c9c\u0ccd\u0c9e": "E05", "\u0ca4\u0ccd\u0cb0": "E06", "\u0c95\u0ccd\u0cb7": "E07", "\u0cb6\u0ccd\u0cb0": "E08", "(": "E09", ")": "E10", "\u0c83": "E11", "\u0c8b": "E12", "\u0c94": "D01", "\u0c90": "D02", "\u0c86": "D03", "\u0c88": "D04", "\u0c8a": "D05", "\u0cad": "D06", "\u0c99": "D07", "\u0c98": "D08", "\u0ca7": "D09", "\u0c9d": "D10", "\u0ca2": "D11", "\u0c9e": "D12", "\u0c93": "C01", "\u0c8f": "C02", "\u0c85": "C03", "\u0c87": "C04", "\u0c89": "C05", "\u0cab": "C06", "\u0cb1": "C07", "\u0c96": "C08", "\u0ca5": "C09", "\u0c9b": "C10", "\u0ca0": "C11", "\u0c8e": "B01", "\u0ca3": "B03", "\u0cb3": "B06", "\u0cb6": "B07", "\u0cb7": "B08", "|": "B09", " ": "A03"}, "altgr": {"\u0ce7": "E01", "\u0ce8": "E02", "\u0ce9": "E03", "\u0cea": "E04", "\u0ceb": "E05", "\u0cec": "E06", "\u0ced": "E07", "\u0cee": "E08", "\u0cef": "E09", "\u0ce6": "E10", "\u0cc4": "E12", "\u0cd6": "D02", "\u0cd5": "C02"}, "altgr+shift": {"\u0ce0": "E12", "\u0ce1": "D04", "\u0c8c": "C04", "\u0cde": "C06"}}