{"lang": "Lisu (Standard)", "none": {"`": "E00", "\ua4ed": "E01", "\ua4f7": "C03", "\ua4f6": "E03", "\ua4db": "E04", "\ua4d2": "E05", "\ua4e8": "E06", "\ua4d8": "E07", "\ua4d5": "E08", "\ua4de": "E09", "\ua4e9": "E10", "\ua4f5": "E11", "=": "E12", "\ua4f1": "D01", "\ua4ea": "D02", "\ua4f0": "D03", "\ua4e3": "D04", "\ua4d4": "D05", "\ua4ec": "D06", "\ua4f4": "D07", "\ua4f2": "D08", "\ua4f3": "D09", "\ua4d1": "D10", "[": "D11", "]": "D12", "\ua4ee": "C01", "\ua4e2": "C02", "\ua4dd": "C04", "\ua4d6": "C05", "\ua4e7": "C06", "\ua4d9": "C07", "\ua4d7": "C08", "\ua4e1": "C09", "\ua4ef": "C10", "\u02bc": "C11", "\\": "B00", "\ua4dc": "B01", "\ua4eb": "B02", "\ua4da": "B03", "\ua4e6": "B04", "\ua4d0": "B05", "\ua4e0": "B06", "\ua4df": "B07", "\ua4e5": "B08", "\ua4e4": "B09", "?": "B10", " ": "A03"}, "shift": {"~": "E00", "1": "E01", "2": "E02", "3": "E03", "4": "E04", "5": "E05", "6": "E06", "7": "E07", "8": "E08", "9": "E09", "0": "E10", "_": "E11", "+": "E12", "Q": "D01", "\ua4f9\ua4fc": "D02", "#": "D05", "\ua4fb": "D07", "\ua4fe": "D08", "\u02cd": "D09", "^": "D10", "{": "D11", "}": "D12", "@": "C01", "\ua4f8\ua4fc": "C02", "(": "C03", ")": "C04", "\ua4ff": "C06", "\ua4fd": "C07", "\ua4fc": "C08", "\u2010": "C09", "\ua4fa": "C10", "\"": "C11", "|": "B00", "<": "B01", ">": "B02", "&": "B03", "%": "B04", "$": "B05", "*": "B06", "!": "B07", ",": "B08", ".": "B09", "/": "B10", " ": "A03"}}