{"lang": "Lisu (Basic)", "none": {"`": "E00", "1": "E01", "2": "E02", "3": "E03", "4": "E04", "5": "E05", "6": "E06", "7": "E07", "8": "E08", "9": "E09", "0": "E10", "\u2010": "E11", "\ua4ff": "E12", "Q": "D01", "\ua4ea": "D02", "\ua4f0": "D03", "\ua4e3": "D04", "\ua4d4": "D05", "\ua4ec": "D06", "\ua4f4": "D07", "\ua4f2": "D08", "\ua4f3": "D09", "\ua4d1": "D10", "[": "D11", "]": "D12", "\ua4ee": "C01", "\ua4e2": "C02", "\ua4d3": "C03", "\ua4dd": "C04", "\ua4d6": "C05", "\ua4e7": "C06", "\ua4d9": "C07", "\ua4d7": "C08", "\ua4e1": "C09", "\ua4fc": "C10", "\u02bc": "C11", "\\": "B00", "\ua4dc": "B01", "\ua4eb": "B02", "\ua4da": "B03", "\ua4e6": "B04", "\ua4d0": "B05", "\ua4e0": "B06", "\ua4df": "B07", ",": "B08", ".": "B09", "/": "B10", " ": "A03"}, "shift": {"~": "E00", "!": "E01", "@": "E02", "#": "E03", "$": "E04", "%": "E05", "^": "E06", "&": "E07", "*": "E08", "(": "E09", ")": "E10", "_": "E11", "+": "E12", "\ua4f9\ua4fc": "D02", "\ua4f1": "D03", "\ua4e4": "D04", "\ua4d5": "D05", "\ua4fb": "D06", "\ua4f5": "D07", "\ua4fe": "D08", "\u02cd": "D09", "\ua4d2": "D10", "{": "D11", "}": "D12", "\ua4ef": "C01", "\ua4f8\ua4fc": "C02", "\ua4f7": "C03", "\ua4de": "C04", "\ua4e8": "C05", "\ua4fa": "C06", "\ua4e9": "C07", "\ua4d8": "C08", "\ua4f6": "C09", "\ua4fd": "C10", "\"": "C11", "|": "B00", "\ua4db": "B03", "\ua4e5": "B04", "\ua4ed": "B05", "<": "B08", ">": "B09", "?": "B10", " ": "A03"}}