{"lang": "Lao", "none": {"\"": "E00", "\u0ea2": "E01", "\u0e9f": "E02", "\u0ec2": "E03", "\u0e96": "E04", "\u0eb8": "E05", "\u0eb9": "E06", "\u0e84": "E07", "\u0e95": "E08", "\u0e88": "E09", "\u0e82": "E10", "\u0e8a": "E11", "\u0ecd": "E12", "\u0ebb": "D01", "\u0ec4": "D02", "\u0eb3": "D03", "\u0e9e": "D04", "\u0eb0": "D05", "\u0eb4": "D06", "\u0eb5": "D07", "\u0eae": "D08", "\u0e99": "D09", "\u0e8d": "D10", "\u0e9a": "D11", "\u0ea5": "D12", "\u0eb1": "C01", "\u0eab": "C02", "\u0e81": "C03", "\u0e94": "C04", "\u0ec0": "C05", "\u0ec9": "C06", "\u0ec8": "C07", "\u0eb2": "C08", "\u0eaa": "C09", "\u0ea7": "C10", "\u0e87": "C11", "/": "C12", "\u0e9c": "B01", "\u0e9b": "B02", "\u0ec1": "B03", "\u0ead": "B04", "\u0eb6": "B05", "\u0eb7": "B06", "\u0e97": "B07", "\u0ea1": "B08", "\u0ec3": "B09", "\u0e9d": "B10", " ": "A03"}, "shift": {"'": "E00", "1": "E01", "2": "E02", "3": "E03", "4": "E04", "\u0ecc": "E05", "\u0ebc": "E06", "5": "E07", "6": "E08", "7": "E09", "8": "E10", "9": "E11", "\u0ecd\u0ec8": "E12", "\u0ebb\u0ec9": "D01", "0": "D02", "*": "D03", "_": "D04", "+": "D05", "\u0eb4\u0ec9": "D06", "\u0eb5\u0ec9": "D07", "\u0ea3": "D08", "\u0edc": "D09", "\u0ebd": "D10", "-": "D11", "\u0eab\u0ebc": "D12", "\u0eb1\u0ec9": "C01", ";": "C02", ".": "C03", ",": "C04", ":": "C05", "\u0eca": "C06", "\u0ecb": "C07", "!": "C08", "?": "C09", "%": "C10", "=": "C11", "\\": "C12", "\u20ad": "B01", "(": "B02", "\u0eaf": "B03", "x": "B04", "\u0eb6\u0ec9": "B05", "\u0eb7\u0ec9": "B06", "\u0ec6": "B07", "\u0edd": "B08", "$": "B09", ")": "B10", "\u200b": "A03"}, "altgr": {"\u0ed1": "E01", "\u0ed2": "E02", "\u0ed3": "E03", "\u0ed4": "E04", "\u0ed5": "E05", "\u0ed6": "E06", "\u0ed7": "E07", "\u0ed8": "E08", "\u0ed9": "E09", "\u0ed0": "E10"}}