{"lang": "Latvian (Standard)", "none": {"`": "E00", "1": "E01", "2": "E02", "3": "E03", "4": "E04", "5": "E05", "6": "E06", "7": "E07", "8": "E08", "9": "E09", "0": "E10", "-": "E11", "=": "E12", "q": "D01", "w": "D02", "e": "D03", "r": "D04", "t": "D05", "y": "D06", "u": "D07", "i": "D08", "o": "D09", "p": "D10", "[": "D11", "]": "D12", "a": "C01", "s": "C02", "d": "C03", "f": "C04", "g": "C05", "h": "C06", "j": "C07", "k": "C08", "l": "C09", ";": "C10", "'": "C11", "\\": "B00", "z": "B01", "x": "B02", "c": "B03", "v": "B04", "b": "B05", "n": "B06", "m": "B07", ",": "B08", ".": "B09", "/": "B10", " ": "A03"}, "shift": {"~": "E00", "!": "E01", "@": "E02", "#": "E03", "$": "E04", "%": "E05", "^": "E06", "&": "E07", "*": "E08", "(": "E09", ")": "E10", "_": "E11", "+": "E12", "Q": "D01", "W": "D02", "E": "D03", "R": "D04", "T": "D05", "Y": "D06", "U": "D07", "I": "D08", "O": "D09", "P": "D10", "{": "D11", "}": "D12", "A": "C01", "S": "C02", "D": "C03", "F": "C04", "G": "C05", "H": "C06", "J": "C07", "K": "C08", "L": "C09", ":": "C10", "\"": "C11", "|": "B00", "Z": "B01", "X": "B02", "C": "B03", "V": "B04", "B": "B05", "N": "B06", "M": "B07", "<": "B08", ">": "B09", "?": "B10", " ": "A03"}, "altgr": {"\u00ad": "E00", "\u00a0": "E01", "\u00ab": "E02", "\u00bb": "E03", "\u20ac": "E04", "\u2019": "E06", "\u2013": "E11", "\u0113": "D03", "\u0157": "D04", "\u016b": "D07", "\u012b": "D08", "\u014d": "D09", "\u0101": "C01", "\u0161": "C02", "\u0123": "C05", "\u0137": "C08", "\u013c": "C09", "\u00b4": "C11", "\u017e": "B01", "\u010d": "B03", "\u0146": "B06"}, "altgr+shift": {"\u00a7": "E04", "\u00b0": "E05", "\u00b1": "E07", "\u00d7": "E08", "\u2014": "E11", "\u0112": "D03", "\u0156": "D04", "\u016a": "D07", "\u012a": "D08", "\u014c": "D09", "\u0100": "C01", "\u0160": "C02", "\u0122": "C05", "\u0136": "C08", "\u013b": "C09", "\u00a8": "C11", "\u017d": "B01", "\u010c": "B03", "\u0145": "B06"}}