{"lang": "Latvian", "none": {"\u00ad": "E00", "1": "E01", "2": "E02", "3": "E03", "4": "E04", "5": "E05", "6": "E06", "7": "E07", "8": "E08", "9": "E09", "0": "E10", "-": "E11", "f": "E12", "\u016b": "D01", "g": "D02", "j": "D03", "r": "D04", "m": "D05", "v": "D06", "n": "D07", "z": "D08", "\u0113": "D09", "\u010d": "D10", "\u017e": "D11", "h": "D12", "\u0161": "C01", "u": "C02", "s": "C03", "i": "C04", "l": "C05", "d": "C06", "a": "C07", "t": "C08", "e": "C09", "c": "C10", "\u00b4": "C11", "\u0137": "C12", "\u0123": "B00", "\u0146": "B01", "b": "B02", "\u012b": "B03", "k": "B04", "p": "B05", "o": "B06", "\u0101": "B07", ",": "B08", ".": "B09", "\u013c": "B10", " ": "A03"}, "shift": {"?": "E00", "!": "E01", "\u00ab": "E02", "\u00bb": "E03", "$": "E04", "%": "E05", "/": "E06", "&": "E07", "\u00d7": "E08", "(": "E09", ")": "E10", "_": "E11", "F": "E12", "\u016a": "D01", "G": "D02", "J": "D03", "R": "D04", "M": "D05", "V": "D06", "N": "D07", "Z": "D08", "\u0112": "D09", "\u010c": "D10", "\u017d": "D11", "H": "D12", "\u0160": "C01", "U": "C02", "S": "C03", "I": "C04", "L": "C05", "D": "C06", "A": "C07", "T": "C08", "E": "C09", "C": "C10", "\u00b0": "C11", "\u0136": "C12", "\u0122": "B00", "\u0145": "B01", "B": "B02", "\u012a": "B03", "K": "B04", "P": "B05", "O": "B06", "\u0100": "B07", ";": "B08", ":": "B09", "\u013b": "B10", " ": "A03"}, "altgr": {"\u00ab": "E01", "\u20ac": "C09", "\"": "E05", "\u2019": "E06", ":": "E08", "\u2013": "E11", "=": "E12", "q": "D01", "\u0123": "D02", "\u0157": "D04", "w": "D05", "y": "D06", "[": "D11", "]": "D12", "\u00b4": "C11", "\\": "B00", "x": "B02", "\u0137": "B04", "\u00f5": "B06", "<": "B08", ">": "B09"}, "altgr+shift": {"@": "E02", "#": "E03", "$": "E04", "~": "E05", "^": "E06", "\u00b1": "E07", "\u2014": "E11", ";": "E12", "Q": "D01", "\u0122": "D02", "\u0156": "D04", "W": "D05", "Y": "D06", "{": "D11", "}": "D12", "\u00a8": "C11", "|": "B00", "X": "B02", "\u0136": "B04", "\u00d5": "B06"}}