{"lang": "Malayalam", "none": {"\u0d4a": "E00", "1": "E01", "2": "E02", "3": "E03", "4": "E04", "5": "E05", "6": "E06", "7": "E07", "8": "E08", "9": "E09", "0": "E10", "-": "E11", "\u0d43": "E12", "\u0d4c": "D01", "\u0d48": "D02", "\u0d3e": "D03", "\u0d40": "D04", "\u0d42": "D05", "\u0d2c": "D06", "\u0d39": "D07", "\u0d17": "D08", "\u0d26": "D09", "\u0d1c": "D10", "\u0d21": "D11", "\u0d7c": "D12", "\u0d4b": "C01", "\u0d47": "C02", "\u0d4d": "C03", "\u0d3f": "C04", "\u0d41": "C05", "\u0d2a": "C06", "\u0d30": "C07", "\u0d15": "C08", "\u0d24": "C09", "\u0d1a": "C10", "\u0d1f": "C11", "\u0d46": "B01", "\u0d02": "B02", "\u0d2e": "B03", "\u0d28": "B04", "\u0d35": "B05", "\u0d32": "B06", "\u0d38": "B07", ",": "B08", ".": "B09", "\u0d2f": "B10", " ": "A03"}, "shift": {"\u0d12": "E00", "\u0d4d\u0d30": "E03", "\u0d7f": "E06", "\u0d15\u0d4d\u0d37": "E07", "\u0d7e": "E08", "(": "E09", ")": "E10", "\u0d03": "E11", "\u0d0b": "E12", "\u0d14": "D01", "\u0d10": "D02", "\u0d06": "D03", "\u0d08": "D04", "\u0d0a": "D05", "\u0d2d": "D06", "\u0d19": "D07", "\u0d18": "D08", "\u0d27": "D09", "\u0d1d": "D10", "\u0d22": "D11", "\u0d1e": "D12", "\u0d13": "C01", "\u0d0f": "C02", "\u0d05": "C03", "\u0d07": "C04", "\u0d09": "C05", "\u0d2b": "C06", "\u0d31": "C07", "\u0d16": "C08", "\u0d25": "C09", "\u0d1b": "C10", "\u0d20": "C11", "\u0d0e": "B01", "\u0d7a": "B02", "\u0d23": "B03", "\u0d7b": "B04", "\u0d34": "B05", "\u0d33": "B06", "\u0d36": "B07", "\u0d37": "B08", "\u0d7d": "B09", " ": "A03"}, "altgr": {"\u0d67": "E01", "\u0d68": "E02", "\u0d69": "E03", "\u0d6a": "E04", "\u0d6b": "E05", "\u0d6c": "E06", "\u0d6d": "E07", "\u0d6e": "E08", "\u0d6f": "E09", "\u0d66": "E10", "\u0d57": "D01"}, "altgr+shift": {"\u0d70": "E01", "\u0d71": "E02", "\u0d72": "E03", "\u0d60": "E12", "\u0d61": "D04", "\u0d0c": "C03", "\u0d79": "B04"}}