{"lang": "Odia", "none": {"1": "E01", "2": "E02", "3": "E03", "4": "E04", "5": "E05", "6": "E06", "7": "E07", "8": "E08", "9": "E09", "0": "E10", "-": "E11", "\u0b43": "E12", "\u0b4c": "D01", "\u0b48": "D02", "\u0b3e": "D03", "\u0b40": "D04", "\u0b42": "D05", "\u0b2c": "D06", "\u0b39": "D07", "\u0b17": "D08", "\u0b26": "D09", "\u0b1c": "D10", "\u0b21": "D11", "\u0b3c": "D12", "\u0b4b": "C01", "\u0b47": "C02", "\u0b4d": "C03", "\u0b3f": "C04", "\u0b41": "C05", "\u0b2a": "C06", "\u0b30": "C07", "\u0b15": "C08", "\u0b24": "C09", "\u0b1a": "C10", "\u0b1f": "C11", "\u0b5f": "B10", "\u0b02": "B02", "\u0b2e": "B03", "\u0b28": "B04", "\u0b71": "B05", "\u0b32": "B06", "\u0b38": "B07", ",": "B08", ".": "B09", " ": "A03"}, "shift": {"\u0b4d\u0b30": "E03", "\u0b30\u0b4d": "E04", "\u0b1c\u0b4d\u0b1e": "E05", "\u0b24\u0b4d\u0b30": "E06", "\u0b15\u0b4d\u0b37": "E07", "\u0b36\u0b4d\u0b30": "E08", "(": "E09", ")": "E10", "\u0b03": "E11", "\u0b0b": "E12", "\u0b14": "D01", "\u0b10": "D02", "\u0b06": "D03", "\u0b08": "D04", "\u0b0a": "D05", "\u0b2d": "D06", "\u0b19": "D07", "\u0b18": "D08", "\u0b27": "D09", "\u0b1d": "D10", "\u0b22": "D11", "\u0b1e": "D12", "\u0b13": "C01", "\u0b0f": "C02", "\u0b05": "C03", "\u0b07": "C04", "\u0b09": "C05", "\u0b2b": "C06", "\u0b16": "C08", "\u0b25": "C09", "\u0b1b": "C10", "\u0b20": "C11", "\u0b71": "B01", "\u0b01": "B02", "\u0b23": "B03", "\u0b33": "B06", "\u0b36": "B07", "\u0b37": "B08", "\u0964": "B09", "\u0b2f": "B10", " ": "A03"}, "altgr": {"\u0b67": "E01", "\u0b68": "E02", "\u0b69": "E03", "\u0b6a": "E04", "\u0b6b": "E05", "\u0b6c": "E06", "\u0b6d": "E07", "\u0b6e": "E08", "\u0b6f": "E09", "\u0b66": "E10", "\u0b44": "E12", "\u0b63": "D04", "\u0b5c": "D11", "\u0b62": "C04", "\u0b70": "B02", "\u0b35": "B05", "\u0965": "B09"}, "altgr+shift": {"\u0b60": "E12", "\u0b61": "D04", "\u0b5d": "D11", "\u0b0c": "C04", "\u0b3d": "B09", "\u0b2f\u0b3c": "B10"}}