{"lang": "Punjabi", "none": {"1": "E01", "2": "E02", "3": "E03", "4": "E04", "5": "E05", "6": "E06", "7": "E07", "8": "E08", "9": "E09", "0": "E10", "-": "E11", "\u0a4c": "D01", "\u0a48": "D02", "\u0a3e": "D03", "\u0a40": "D04", "\u0a42": "D05", "\u0a2c": "D06", "\u0a39": "D07", "\u0a17": "D08", "\u0a26": "D09", "\u0a1c": "D10", "\u0a21": "D11", "\u0a3c": "D12", "\u0a4b": "C01", "\u0a47": "C02", "\u0a4d": "C03", "\u0a3f": "C04", "\u0a41": "C05", "\u0a2a": "C06", "\u0a30": "C07", "\u0a15": "C08", "\u0a24": "C09", "\u0a1a": "C10", "\u0a1f": "C11", "\u0a70": "B02", "\u0a2e": "B03", "\u0a28": "B04", "\u0a35": "B05", "\u0a32": "B06", "\u0a38": "B07", ",": "B08", ".": "B09", "\u0a2f": "B10", " ": "A03"}, "shift": {"\u0a4d\u0a39": "E00", "\u0a4d\u0a35": "E01", "\u0a4d\u0a2f": "E02", "\u0a4d\u0a30": "E03", "\u0a71": "E04", "(": "E09", ")": "E10", "\u0a14": "D01", "\u0a10": "D02", "\u0a06": "D03", "\u0a08": "D04", "\u0a0a": "D05", "\u0a2d": "D06", "\u0a19": "D07", "\u0a18": "D08", "\u0a27": "D09", "\u0a1d": "D10", "\u0a22": "D11", "\u0a1e": "D12", "\u0a13": "C01", "\u0a0f": "C02", "\u0a05": "C03", "\u0a07": "C04", "\u0a09": "C05", "\u0a2b": "C06", "\u0a5c": "C07", "\u0a16": "C08", "\u0a25": "C09", "\u0a1b": "C10", "\u0a20": "C11", "\u0a02": "B02", "\u0a23": "B03", "\u0a72": "B05", "\u0a33": "B06", "\u0a36": "B07", "\u0964": "B09", " ": "A03"}, "altgr": {"\u0a67": "E01", "\u0a68": "E02", "\u0a69": "E03", "\u0a6a": "E04", "\u0a6b": "E05", "\u0a6c": "E06", "\u0a6d": "E07", "\u0a6e": "E08", "\u0a6f": "E09", "\u0a66": "E10", "\u0a5a": "D08", "\u0a5b": "D10", "\u0a5c": "D11", "\u0a5e": "C06", "\u0a59": "C08", "\u0a73": "B05", "\u0965": "B09"}, "altgr+shift": {"\u0a72": "C04", "\u0a73": "C05", "\u0a74": "B02"}}