{"lang": "Pashto (Afghanistan)", "none": {"\u200d": "E00", "\u06f1": "E01", "\u06f2": "E02", "\u06f3": "E03", "\u06f4": "E04", "\u06f5": "E05", "\u06f6": "E06", "\u06f7": "E07", "\u06f8": "E08", "\u06f9": "E09", "\u06f0": "E10", "-": "E11", "=": "E12", "\u0636": "D01", "\u0635": "D02", "\u062b": "D03", "\u0642": "D04", "\u0641": "D05", "\u063a": "D06", "\u0639": "D07", "\u0647": "D08", "\u062e": "D09", "\u062d": "D10", "\u062c": "D11", "\u0686": "D12", "\u0634": "C01", "\u0633": "C02", "\u06cc": "C03", "\u0628": "C04", "\u0644": "C05", "\u0627": "C06", "\u062a": "C07", "\u0646": "C08", "\u0645": "C09", "\u06a9": "C10", "\u06ab": "C11", "\\": "C12", "\u0638": "B01", "\u0637": "B02", "\u0632": "B03", "\u0631": "B04", "\u0630": "B05", "\u062f": "B06", "\u0693": "B07", "\u0648": "B08", "\u0696": "B09", "/": "B10", " ": "A03"}, "shift": {"\u0654": "E00", "!": "E01", "\u066c": "E02", "\u066b": "E03", "\u060b": "E04", "\u066a": "E05", "\u00d7": "E06", "\u00bb": "E07", "\u00ab": "E08", ")": "E09", "(": "E10", "\u0640": "E11", "+": "E12", "\u0652": "D01", "\u064c": "D02", "\u064d": "D03", "\u064b": "D04", "\u064f": "D05", "\u0650": "D06", "\u064e": "D07", "\u0651": "D08", "\u0681": "D09", "\u0685": "D10", "]": "D11", "[": "D12", "\u069a": "C01", "\u06cd": "C02", "\u064a": "C03", "\u067e": "C04", "\u0623": "C05", "\u0622": "C06", "\u067c": "C07", "\u06bc": "C08", "\u0629": "C09", ":": "C10", "\u061b": "C11", "*": "C12", "\u0626": "B01", "\u06d0": "B02", "\u0698": "B03", "\u0621": "B04", "\u200c": "B05", "\u0689": "B06", "\u0624": "B07", "\u060c": "B08", ".": "B09", "\u061f": "B10", " ": "A03"}, "altgr": {"`": "E00", "~": "E01", "@": "E02", "#": "E03", "$": "E04", "%": "E05", "^": "E06", "&": "E07", "\u066d": "E08", "\u2022": "E09", "\u00b0": "E10", "_": "E11", "\u00f7": "E12", "\u20ac": "D01", "\u0671": "D02", "\u0649": "D03", "\u200e": "D04", "\u200f": "D05", "\u0653": "D06", "\u0659": "D07", "\u0670": "D08", "'": "D09", "\"": "D10", "}": "D11", "{": "D12", "\u06d2": "C03", "\u06ba": "C04", "\u06b7": "C05", "\u0625": "C06", "\u0679": "C07", ">": "C08", "<": "C09", "\u0643": "C10", "\u06af": "C11", "|": "C12", "?": "B01", ";": "B02", "\u0688": "B06", "\u0691": "B07", ",": "B08", "\u06c7": "B09", "\u06c9": "B10", "\u00a0": "A03"}}