{"lang": "Romanian (Legacy)", "none": {"]": "E00", "1": "E01", "2": "E02", "3": "E03", "4": "E04", "5": "E05", "6": "E06", "7": "E07", "8": "E08", "9": "E09", "0": "E10", "+": "E11", "'": "E12", "q": "D01", "w": "D02", "e": "D03", "r": "D04", "t": "D05", "z": "D06", "u": "D07", "i": "D08", "o": "D09", "p": "D10", "\u0103": "D11", "\u00ee": "D12", "a": "C01", "s": "C02", "d": "C03", "f": "C04", "g": "C05", "h": "C06", "j": "C07", "k": "C08", "l": "C09", "\u015f": "C10", "\u0163": "C11", "\u00e2": "C12", "<": "B00", "y": "B01", "x": "B02", "c": "B03", "v": "B04", "b": "B05", "n": "B06", "m": "B07", ",": "B08", ".": "B09", "-": "B10", " ": "A03"}, "shift": {"[": "E00", "!": "E01", "\"": "E02", "#": "E03", "\u00a4": "E04", "%": "E05", "&": "E06", "/": "E07", "(": "E08", ")": "E09", "=": "E10", "?": "E11", "*": "E12", "Q": "D01", "W": "D02", "E": "D03", "R": "D04", "T": "D05", "Z": "D06", "U": "D07", "I": "D08", "O": "D09", "P": "D10", "\u0102": "D11", "\u00ce": "D12", "A": "C01", "S": "C02", "D": "C03", "F": "C04", "G": "C05", "H": "C06", "J": "C07", "K": "C08", "L": "C09", "\u015e": "C10", "\u0162": "C11", "\u00c2": "C12", ">": "B00", "Y": "B01", "X": "B02", "C": "B03", "V": "B04", "B": "B05", "N": "B06", "M": "B07", ";": "B08", ":": "B09", "_": "B10", " ": "A03"}, "altgr": {"~": "E01", "\u02c7": "E02", "^": "E03", "\u02d8": "E04", "\u00b0": "E05", "\u02db": "E06", "`": "E07", "\u00b7": "E08", "\u00b4": "E09", "\u02dd": "E10", "\u00a8": "E11", "\u00b8": "E12", "\\": "D01", "|": "D02", "\u00f7": "D11", "\u00d7": "D12", "\u0111": "C02", "\u0110": "C03", "\u0142": "C08", "\u0141": "C09", "$": "C10", "\u00df": "C11", "\u001c": "B00", "@": "B04", "{": "B05", "}": "B06", "\u00a7": "B07", "<": "B08", ">": "B09", " ": "A03"}}