{"lang": "Sakha", "none": {"\"": "B00", "!": "E01", "\u043d\u044c": "E02", "\u0434\u044c": "E03", "\u04a5": "E04", "\u0495": "E05", "\u04e9": "E06", "\u04bb": "E07", "\u04af": "E08", ";": "E09", ":": "E10", "-": "E11", "=": "E12", "\u0439": "D01", "\u0446": "D02", "\u0443": "D03", "\u043a": "D04", "\u0435": "D05", "\u043d": "D06", "\u0433": "D07", "\u0448": "D08", "\u0449": "D09", "\u0437": "D10", "\u0445": "D11", "\u044a": "D12", "\u0444": "C01", "\u044b": "C02", "\u0432": "C03", "\u0430": "C04", "\u043f": "C05", "\u0440": "C06", "\u043e": "C07", "\u043b": "C08", "\u0434": "C09", "\u0436": "C10", "\u044d": "C11", "\\": "C12", "\u044f": "B01", "\u0447": "B02", "\u0441": "B03", "\u043c": "B04", "\u0438": "B05", "\u0442": "B06", "\u044c": "B07", "\u0431": "B08", "\u044e": "B09", ".": "B10", " ": "A03"}, "shift": {"\u2116": "B00", "?": "E01", "\u041d\u044c": "E02", "\u0414\u044c": "E03", "\u04a4": "E04", "\u0494": "E05", "\u04e8": "E06", "\u04ba": "E07", "\u04ae": "E08", "(": "E09", ")": "E10", "_": "E11", "+": "E12", "\u0419": "D01", "\u0426": "D02", "\u0423": "D03", "\u041a": "D04", "\u0415": "D05", "\u041d": "D06", "\u0413": "D07", "\u0428": "D08", "\u0429": "D09", "\u0417": "D10", "\u0425": "D11", "\u042a": "D12", "\u0424": "C01", "\u042b": "C02", "\u0412": "C03", "\u0410": "C04", "\u041f": "C05", "\u0420": "C06", "\u041e": "C07", "\u041b": "C08", "\u0414": "C09", "\u0416": "C10", "\u042d": "C11", "/": "C12", "\u042f": "B01", "\u0427": "B02", "\u0421": "B03", "\u041c": "B04", "\u0418": "B05", "\u0422": "B06", "\u042c": "B07", "\u0411": "B08", "\u042e": "B09", ",": "B10", " ": "A03"}, "altgr": {"\u20bd": "E08"}}