{"lang": "Ol Chiki", "none": {"\u1c51": "E01", "\u1c52": "E02", "\u1c53": "E03", "\u1c54": "E04", "\u1c55": "E05", "\u1c56": "E06", "\u1c57": "E07", "\u1c58": "E08", "\u1c59": "E09", "\u1c50": "E10", "\u1c5f": "D03", "\u1c75": "D06", "\u1c66": "D07", "\u1c5c": "D08", "\u1c6b": "D09", "\u1c61": "D10", "\u1c70": "D11", "\u1c79": "D12", "\u1c73": "C01", "\u1c6e": "C02", "\u1c5a": "C03", "\u1c64": "C04", "\u1c69": "C05", "\u1c6f": "C06", "\u1c68": "C07", "\u1c60": "C08", "\u1c5b": "C09", "\u1c6a": "C10", "\u1c74": "C11", "\u1c77": "B01", "\u1c78": "B02", "\u1c62": "B03", "\u1c71": "B04", "\u1c63": "B05", "\u1c5e": "B06", "\u1c65": "B07", ",": "B08", ".": "B09", "\u1c6d": "B10", " ": "A03"}, "shift": {"\u1c7b": "E00", "\u1c7c": "E11", "\u1c5d": "D07", "\u1c72": "D11", "\u1c67": "D12", "\u1c7a": "C10", "\u1c7d": "B01", "\u1c6c": "B03", "\u1c76": "B05", "\u1c7f": "B08", "\u1c7e": "B09", " ": "A03"}}