{"lang": "Telugu", "none": {"\u0c4a": "E00", "1": "E01", "2": "E02", "3": "E03", "4": "E04", "5": "E05", "6": "E06", "7": "E07", "8": "E08", "9": "E09", "0": "E10", "-": "E11", "\u0c43": "E12", "\u0c4c": "D01", "\u0c48": "D02", "\u0c3e": "D03", "\u0c40": "D04", "\u0c42": "D05", "\u0c2c": "D06", "\u0c39": "D07", "\u0c17": "D08", "\u0c26": "D09", "\u0c1c": "D10", "\u0c21": "D11", "\u0c4b": "C01", "\u0c47": "C02", "\u0c4d": "C03", "\u0c3f": "C04", "\u0c41": "C05", "\u0c2a": "C06", "\u0c30": "C07", "\u0c15": "C08", "\u0c24": "C09", "\u0c1a": "C10", "\u0c1f": "C11", "\u0c46": "B01", "\u0c02": "B02", "\u0c2e": "B03", "\u0c28": "B04", "\u0c35": "B05", "\u0c32": "B06", "\u0c38": "B07", ",": "B08", ".": "B09", "\u0c2f": "B10", " ": "A03"}, "shift": {"\u0c12": "E00", "\u0c4d\u0c30": "E03", "\u0c1c\u0c4d\u0c1e": "E05", "\u0c24\u0c4d\u0c30": "E06", "\u0c15\u0c4d\u0c37": "E07", "\u0c36\u0c4d\u0c30": "E08", "(": "E09", ")": "E10", "\u0c03": "E11", "\u0c0b": "E12", "\u0c14": "D01", "\u0c10": "D02", "\u0c06": "D03", "\u0c08": "D04", "\u0c0a": "D05", "\u0c2d": "D06", "\u0c19": "D07", "\u0c18": "D08", "\u0c27": "D09", "\u0c1d": "D10", "\u0c22": "D11", "\u0c1e": "D12", "\u0c13": "C01", "\u0c0f": "C02", "\u0c05": "C03", "\u0c07": "C04", "\u0c09": "C05", "\u0c2b": "C06", "\u0c31": "C07", "\u0c16": "C08", "\u0c25": "C09", "\u0c1b": "C10", "\u0c20": "C11", "\u0c0e": "B01", "\u0c01": "B02", "\u0c23": "B03", "\u0c28": "B04", "\u0c33": "B06", "\u0c36": "B07", "\u0c37": "B08", " ": "A03"}, "altgr": {"\u0c67": "E01", "\u0c68": "E02", "\u0c69": "E03", "\u0c6a": "E04", "\u0c6b": "E05", "\u0c6c": "E06", "\u0c6d": "E07", "\u0c6e": "E08", "\u0c6f": "E09", "\u0c66": "E10", "\u0c44": "E12", "\u0c56": "D02", "\u0c59": "D10", "\u0c55": "C02", "\u0c58": "C10"}, "altgr+shift": {"\u0c60": "E12", "\u0c61": "D04", "\u0c0c": "C04"}}