{"lang": "Thai Pattachote (non-ShiftLock)", "none": {"_": "E00", "=": "E01", "\u0e52": "E02", "\u0e53": "E03", "\u0e54": "E04", "\u0e55": "E05", "\u0e39": "E06", "\u0e57": "E07", "\u0e58": "E08", "\u0e59": "E09", "\u0e50": "E10", "\u0e51": "E11", "\u0e56": "E12", "\u0e47": "D01", "\u0e15": "D02", "\u0e22": "D03", "\u0e2d": "D04", "\u0e23": "D05", "\u0e48": "D06", "\u0e14": "D07", "\u0e21": "D08", "\u0e27": "D09", "\u0e41": "D10", "\u0e43": "D11", "\u0e0c": "D12", "\u0e49": "C01", "\u0e17": "C02", "\u0e07": "C03", "\u0e01": "C04", "\u0e31": "C05", "\u0e35": "C06", "\u0e32": "C07", "\u0e19": "C08", "\u0e40": "C09", "\u0e44": "C10", "\u0e02": "C11", "\uf8c7": "B00", "\u0e1a": "B01", "\u0e1b": "B02", "\u0e25": "B03", "\u0e2b": "B04", "\u0e34": "B05", "\u0e04": "B06", "\u0e2a": "B07", "\u0e30": "B08", "\u0e08": "B09", "\u0e1e": "B10", " ": "A03"}, "shift": {"\u0e3f": "E00", "+": "E01", "\"": "E02", "/": "E03", ",": "E04", "?": "E05", "\u0e38": "E06", "_": "E07", ".": "E08", "(": "E09", ")": "E10", "-": "E11", "%": "E12", "\u0e4a": "D01", "\u0e24": "D02", "\u0e46": "D03", "\u0e0d": "D04", "\u0e29": "D05", "\u0e36": "D06", "\u0e1d": "D07", "\u0e0b": "D08", "\u0e16": "D09", "\u0e12": "D10", "\u0e2f": "D11", "\u0e26": "D12", "\u0e4b": "C01", "\u0e18": "C02", "\u0e33": "C03", "\u0e13": "C04", "\u0e4c": "C05", "\u0e37": "C06", "\u0e1c": "C07", "\u0e0a": "C08", "\u0e42": "C09", "\u0e06": "C10", "\u0e11": "C11", "\u0e4d": "B00", "\u0e0e": "B01", "\u0e0f": "B02", "\u0e10": "B03", "\u0e20": "B04", "\u0e31": "B05", "\u0e28": "B06", "\u0e2e": "B07", "\u0e1f": "B08", "\u0e09": "B09", "\u0e2c": "B10", " ": "A03"}}