{"lang": "Thai Kedmanee", "none": {"_": "E00", "\u0e45": "E01", "/": "E02", "-": "E03", "\u0e20": "E04", "\u0e16": "E05", "\u0e38": "E06", "\u0e36": "E07", "\u0e04": "E08", "\u0e15": "E09", "\u0e08": "E10", "\u0e02": "E11", "\u0e0a": "E12", "\u0e46": "D01", "\u0e44": "D02", "\u0e33": "D03", "\u0e1e": "D04", "\u0e30": "D05", "\u0e31": "D06", "\u0e35": "D07", "\u0e23": "D08", "\u0e19": "D09", "\u0e22": "D10", "\u0e1a": "D11", "\u0e25": "D12", "\u0e1f": "C01", "\u0e2b": "C02", "\u0e01": "C03", "\u0e14": "C04", "\u0e40": "C05", "\u0e49": "C06", "\u0e48": "C07", "\u0e32": "C08", "\u0e2a": "C09", "\u0e27": "C10", "\u0e07": "C11", "\u0e03": "B00", "\u0e1c": "B01", "\u0e1b": "B02", "\u0e41": "B03", "\u0e2d": "B04", "\u0e34": "B05", "\u0e37": "B06", "\u0e17": "B07", "\u0e21": "B08", "\u0e43": "B09", "\u0e1d": "B10", " ": "A03"}}