{"lang": "Turkmen", "none": {"\u017e": "E00", "1": "E01", "2": "E02", "3": "E03", "4": "E04", "5": "E05", "6": "E06", "7": "E07", "8": "E08", "9": "E09", "0": "E10", "-": "E11", "=": "E12", "\u00e4": "D01", "w": "D02", "e": "D03", "r": "D04", "t": "D05", "y": "D06", "u": "D07", "i": "D08", "o": "D09", "p": "D10", "\u0148": "D11", "\u00f6": "D12", "a": "C01", "s": "C02", "d": "C03", "f": "C04", "g": "C05", "h": "C06", "j": "C07", "k": "C08", "l": "C09", ";": "C10", "'": "C11", "\u015f": "C12", "\\": "B00", "z": "B01", "\u00fc": "B02", "\u00e7": "B03", "\u00fd": "B04", "b": "B05", "n": "B06", "m": "B07", ",": "B08", ".": "B09", "/": "B10", " ": "A03"}, "shift": {"\u017d": "E00", "!": "E01", "@": "E02", "#": "E03", "$": "E04", "%": "E05", "\u2116": "E06", "&": "E07", "*": "E08", "(": "E09", ")": "E10", "_": "E11", "+": "E12", "\u00c4": "D01", "W": "D02", "E": "D03", "R": "D04", "T": "D05", "Y": "D06", "U": "D07", "I": "D08", "O": "D09", "P": "D10", "\u0147": "D11", "\u00d6": "D12", "A": "C01", "S": "C02", "D": "C03", "F": "C04", "G": "C05", "H": "C06", "J": "C07", "K": "C08", "L": "C09", ":": "C10", "\"": "C11", "\u015e": "C12", "|": "B00", "Z": "B01", "\u00dc": "B02", "\u00c7": "B03", "\u00dd": "B04", "B": "B05", "N": "B06", "M": "B07", "<": "B08", ">": "B09", "?": "B10", " ": "A03"}, "altgr": {"|": "C12", "\\": "B10"}}