{"lang": "Tifinagh (Basic)", "none": {"\u00b2": "E00", "&": "E01", "\"": "E03", "'": "E04", "(": "E05", "-": "E06", "_": "E08", ")": "E11", "=": "E12", "\u2d30": "D01", "\u2d63": "D02", "\u2d3b": "D03", "\u2d54": "D04", "\u2d5c": "D05", "\u2d62": "D06", "\u2d53": "D07", "\u2d49": "D08", "\u2d44": "D09", "\u2d43": "D10", "\u2d6f": "D11", "$": "D12", "\u2d47": "C01", "\u2d59": "C02", "\u2d37": "C03", "\u2d3c": "C04", "\u2d33": "C05", "\u2d40": "C06", "\u2d4a": "C07", "\u2d3d": "C08", "\u2d4d": "C09", "\u2d4e": "C10", "*": "C12", "<": "B00", "\u2d61": "B01", "\u2d45": "B02", "\u2d5b": "B03", "\u2d56": "B04", "\u2d31": "B05", "\u2d4f": "B06", ",": "B07", ";": "B08", ":": "B09", "!": "B10", " ": "A03"}, "shift": {"1": "E01", "2": "E02", "3": "E03", "4": "E04", "5": "E05", "6": "E06", "7": "E07", "8": "E08", "9": "E09", "0": "E10", "\u00b0": "E11", "+": "E12", "\u2d65": "D02", "\u2d55": "D04", "\u2d5f": "D05", "\u00a3": "D12", "\u2d5a": "C02", "\u2d39": "C03", "\u2d33\u2d6f": "C05", "\u2d3d\u2d6f": "C08", "%": "C11", "\u00b5": "C12", ">": "B00", "?": "B07", ".": "B08", "/": "B09", "\u00a7": "B10", " ": "A03"}, "altgr": {"~": "E02", "#": "E03", "{": "E04", "[": "E05", "|": "E06", "\\": "E08", "^": "E09", "@": "E10", "]": "E11", "}": "E12", "\u20ac": "D03", "\u00a4": "D12"}}