{"lang": "Turkish F", "none": {"+": "E00", "1": "E01", "2": "E02", "3": "E03", "4": "E04", "5": "E05", "6": "E06", "7": "E07", "8": "E08", "9": "E09", "0": "E10", "/": "E11", "-": "E12", "f": "D01", "g": "D02", "\u011f": "D03", "\u0131": "D04", "o": "D05", "d": "D06", "r": "D07", "n": "D08", "h": "D09", "p": "D10", "q": "D11", "w": "D12", "u": "C01", "i": "C02", "e": "C03", "a": "C04", "\u00fc": "C05", "t": "C06", "k": "C07", "m": "C08", "l": "C09", "y": "C10", "\u015f": "C11", "x": "C12", "<": "B00", "j": "B01", "\u00f6": "B02", "v": "B03", "c": "B04", "\u00e7": "B05", "z": "B06", "s": "B07", "b": "B08", ".": "B09", ",": "B10", " ": "A03"}, "shift": {"*": "E00", "!": "E01", "\"": "E02", "^": "E03", "$": "E04", "%": "E05", "&": "E06", "'": "E07", "(": "E08", ")": "E09", "=": "E10", "?": "E11", "_": "E12", "F": "D01", "G": "D02", "\u011e": "D03", "I": "D04", "O": "D05", "D": "D06", "R": "D07", "N": "D08", "H": "D09", "P": "D10", "Q": "D11", "W": "D12", "U": "C01", "\u0130": "C02", "E": "C03", "A": "C04", "\u00dc": "C05", "T": "C06", "K": "C07", "M": "C08", "L": "C09", "Y": "C10", "\u015e": "C11", "X": "C12", ">": "B00", "J": "B01", "\u00d6": "B02", "V": "B03", "C": "B04", "\u00c7": "B05", "Z": "B06", "S": "B07", "B": "B08", ":": "B09", ";": "B10", " ": "A03"}, "altgr": {"\u00ac": "E00", "\u00b9": "E01", "\u00b2": "E02", "#": "E03", "\u00bc": "E04", "\u00bd": "E05", "\u00be": "E06", "{": "E07", "[": "E08", "]": "E09", "}": "E10", "\\": "E11", "|": "B00", "@": "D01", "\u00b6": "D04", "\u00a5": "D06", "\u00f8": "D09", "\u00a3": "D10", "\u00a8": "D11", "~": "D12", "\u00e6": "C01", "\u00df": "C02", "\u20ac": "C03", "\u20ba": "C06", "\u00b4": "C10", "`": "C12", "\u00ab": "B01", "\u00bb": "B02", "\u00a2": "B03", "\u00b5": "B07", "\u00d7": "B08", "\u00f7": "B09", "\u00ad": "B10"}, "altgr+shift": {"\u00a1": "E01", "\u00b3": "E03", "\u00a4": "E04", "\u00bf": "E11", "\u00ae": "D04", "\u00d8": "D09", "\u00c6": "C01", "\u00a7": "C02", "\u00aa": "C04", "\u00a6": "B00", "<": "B01", ">": "B02", "\u00a9": "B03", "\u00ba": "B07"}}