{"lang": "Uyghur (Legacy)", "none": {"`": "E00", "1": "E01", "2": "E02", "3": "E03", "4": "E04", "5": "E05", "6": "E06", "7": "E07", "8": "E08", "9": "E09", "0": "E10", "-": "E11", "=": "E12", "\u0686": "D01", "\u06cb": "D02", "\u06d0": "D03", "\u0631": "D04", "\u062a": "D05", "\u064a": "D06", "\u06c7": "D07", "\u06ad": "D08", "\u0648": "D09", "\u067e": "D10", "]": "D11", "[": "D12", "\u06be": "C01", "\u0633": "C02", "\u062f": "C03", "\u0627": "C04", "\u06d5": "C05", "\u0649": "C06", "\u0642": "C07", "\u0643": "C08", "\u0644": "C09", "\u061b": "C10", "'": "C11", "\\": "C12", "\u0632": "B01", "\u0634": "B02", "\u063a": "B03", "\u06c8": "B04", "\u0628": "B05", "\u0646": "B06", "\u0645": "B07", "\u060c": "B08", ".": "B09", "\u0626": "B10", " ": "A03"}, "shift": {"~": "E00", "!": "E01", "@": "E02", "#": "E03", "$": "E04", "%": "E05", "^": "E06", "&": "E07", "*": "E08", ")": "E09", "(": "E10", "_": "E11", "+": "E12", "\u00bb": "D11", "\u00ab": "D12", "\u0698": "C03", "\u06a7": "C04", "\u06af": "C05", "\u062e": "C06", "\u062c": "C07", "\u06c6": "C08", "\u0644\u0627": "C09", ":": "C10", "\"": "C11", "|": "C12", ">": "B08", "<": "B09", "\u061f": "B10", " ": "A03"}}