{
	"lang": "Gothic (Windows)",
	"": {
		"\u0331\u0304": "E00",
		"1": "E01",
		"2": "E02",
		"3": "E03",
		"4": "E04",
		"5": "E05",
		"6": "E06",
		"7": "E07",
		"8": "E08",
		"9": "E09",
		"0": "E10",
		"-": "E11",
		"=": "E12",
		"\u0335": "D01",
		"\u0345": "D02",
		"\u0334": "D03",
		"\u0342": "D04",
		"\u0344": "D05",
		"\ud800\udf39\u0308": "D06",
		"\u033f": "D07",
		"\u0339": "D08",
		"\u0349": "D09",
		"\u0340": "D10",
		"\u0341": "D11",
		"\u034a": "D12",
		"\u0330": "C01",
		"\u0343": "C02",
		"\u0333": "C03",
		"\u0346": "C04",
		"\u0332": "C05",
		"\u0337": "C06",
		"\u033e": "C07",
		"\u033a": "C08",
		"\u033b": "C09",
		":": "C10",
		"'": "C11",
		"\u0305": "C12",
		"\u0336": "B01",
		"\u0347": "B02",
		"\u0338": "B03",
		"\u0348": "B04",
		"\u0331": "B05",
		"\u033d": "B06",
		"\u033c": "B07",
		",": "B08",
		".": "B09",
		"\u00b7": "B10",
		" ": "A03"
	},
	"shift": {
		"~": "E00",
		"!": "E01",
		"@": "E02",
		"#": "E03",
		"$": "E04",
		"%": "E05",
		"^": "E06",
		"&": "E07",
		"*": "E08",
		"(": "E09",
		")": "E10",
		"_": "E11",
		"+": "E12",
		"[": "D11",
		"]": "D12",
		";": "C10",
		"\"": "C11",
		"\\": "C12",
		"<": "B08",
		">": "B09",
		"/": "B10",
		" ": "A03"
	}
}