{
	"lang": "Hungarian 101-key (Windows)",
	"": {
		"\u00ed": "B00",
		"1": "E01",
		"2": "E02",
		"3": "E03",
		"4": "E04",
		"5": "E05",
		"6": "E06",
		"7": "E07",
		"8": "E08",
		"9": "E09",
		"\u00f6": "E10",
		"\u00fc": "E11",
		"\u00f3": "E12",
		"q": "D01",
		"w": "D02",
		"e": "D03",
		"r": "D04",
		"t": "D05",
		"y": "D06",
		"u": "D07",
		"i": "D08",
		"o": "D09",
		"p": "D10",
		"\u0151": "D11",
		"\u00fa": "D12",
		"a": "C01",
		"s": "C02",
		"d": "C03",
		"f": "C04",
		"g": "C05",
		"h": "C06",
		"j": "C07",
		"k": "C08",
		"l": "C09",
		"\u00e9": "C10",
		"\u00e1": "C11",
		"\u0171": "C12",
		"z": "B01",
		"x": "B02",
		"c": "B03",
		"v": "B04",
		"b": "B05",
		"n": "B06",
		"m": "B07",
		",": "B08",
		".": "B09",
		"-": "B10",
		" ": "A03"
	},
	"shift": {
		"\u00cd": "B00",
		"'": "E01",
		"\"": "E02",
		"+": "E03",
		"!": "E04",
		"%": "E05",
		"/": "E06",
		"=": "E07",
		"(": "E08",
		")": "E09",
		"\u00d6": "E10",
		"\u00dc": "E11",
		"\u00d3": "E12",
		"Q": "D01",
		"W": "D02",
		"E": "D03",
		"R": "D04",
		"T": "D05",
		"Y": "D06",
		"U": "D07",
		"I": "D08",
		"O": "D09",
		"P": "D10",
		"\u0150": "D11",
		"\u00da": "D12",
		"A": "C01",
		"S": "C02",
		"D": "C03",
		"F": "C04",
		"G": "C05",
		"H": "C06",
		"J": "C07",
		"K": "C08",
		"L": "C09",
		"\u00c9": "C10",
		"\u00c1": "C11",
		"\u0170": "C12",
		"Z": "B01",
		"X": "B02",
		"C": "B03",
		"V": "B04",
		"B": "B05",
		"N": "B06",
		"M": "B07",
		"?": "B08",
		":": "B09",
		"_": "B10",
		" ": "A03"
	},
	"caps": {
		"\u00cd": "B00",
		"1": "E01",
		"2": "E02",
		"3": "E03",
		"4": "E04",
		"5": "E05",
		"6": "E06",
		"7": "E07",
		"8": "E08",
		"9": "E09",
		"\u00d6": "E10",
		"\u00dc": "E11",
		"\u00d3": "E12",
		"Q": "D01",
		"W": "D02",
		"E": "D03",
		"R": "D04",
		"T": "D05",
		"Y": "D06",
		"U": "D07",
		"I": "D08",
		"O": "D09",
		"P": "D10",
		"\u0150": "D11",
		"\u00da": "D12",
		"A": "C01",
		"S": "C02",
		"D": "C03",
		"F": "C04",
		"G": "C05",
		"H": "C06",
		"J": "C07",
		"K": "C08",
		"L": "C09",
		"\u00c9": "C10",
		"\u00c1": "C11",
		"\u0170": "C12",
		"Z": "B01",
		"X": "B02",
		"C": "B03",
		"V": "B04",
		"B": "B05",
		"N": "B06",
		"M": "B07",
		",": "B08",
		".": "B09",
		"-": "B10",
		" ": "A03"
	},
	"caps+shift": {
		"\u00ed": "B00",
		"'": "E01",
		"\"": "E02",
		"+": "E03",
		"!": "E04",
		"%": "E05",
		"/": "E06",
		"=": "E07",
		"(": "E08",
		")": "E09",
		"\u00f6": "E10",
		"\u00fc": "E11",
		"\u00f3": "E12",
		"q": "D01",
		"w": "D02",
		"e": "D03",
		"r": "D04",
		"t": "D05",
		"y": "D06",
		"u": "D07",
		"i": "D08",
		"o": "D09",
		"p": "D10",
		"\u0151": "D11",
		"\u00fa": "D12",
		"a": "C01",
		"s": "C02",
		"d": "C03",
		"f": "C04",
		"g": "C05",
		"h": "C06",
		"j": "C07",
		"k": "C08",
		"l": "C09",
		"\u00e9": "C10",
		"\u00e1": "C11",
		"\u0171": "C12",
		"z": "B01",
		"x": "B02",
		"c": "B03",
		"v": "B04",
		"b": "B05",
		"n": "B06",
		"m": "B07",
		"?": "B08",
		":": "B09",
		"_": "B10",
		" ": "A03"
	},
	"altR": {
		"0": "E00",
		"~": "E01",
		"\u02c7": "E02",
		"^": "E03",
		"\u02d8": "E04",
		"\u00b0": "E05",
		"\u02db": "E06",
		"`": "E07",
		"\u02d9": "E08",
		"\u00b4": "E09",
		"\u02dd": "E10",
		"\\": "C12",
		"|": "D02",
		"\u00c4": "D03",
		"\u00a7": "D04",
		"\u00a4": "D05",
		"\u20ac": "D07",
		"\u00cd": "D08",
		"\u00f7": "D11",
		"\u00d7": "D12",
		"\u00e4": "C01",
		"\u0111": "C02",
		"\u0110": "C03",
		"[": "C04",
		"]": "C05",
		"\u00ed": "C07",
		"\u0142": "C08",
		"\u0141": "C09",
		"$": "C10",
		"\u00df": "C11",
		"<": "B07",
		">": "B09",
		"#": "B02",
		"&": "B03",
		"@": "B04",
		"{": "B05",
		"}": "B06",
		";": "B08",
		"*": "B10"
	},
	"ctrl": {
		"\u001b": "D11",
		"\u001d": "D12",
		"\u001c": "C12",
		" ": "A03"
	}
}