{
	"lang": "Armenian Phonetic (Windows)",
	"": {
		"\u055d": "E00",
		"\u0567": "E01",
		"\u0569": "E02",
		"\u0583": "E03",
		"\u0571": "E04",
		"\u057b": "E05",
		"\u0582": "D07",
		"\u0587": "E07",
		"\u0580": "E08",
		"\u0579": "E09",
		"\u0573": "E10",
		"-": "E11",
		"\u056a": "E12",
		"\u0584": "D01",
		"\u0578": "D02",
		"\u0565": "D03",
		"\u057c": "D04",
		"\u057f": "D05",
		"\u0568": "D06",
		"\u056b": "D08",
		"\u0585": "D09",
		"\u057a": "D10",
		"\u056d": "D11",
		"\u056e": "D12",
		"\u0561": "C01",
		"\u057d": "C02",
		"\u0564": "C03",
		"\u0586": "C04",
		"\u0563": "C05",
		"\u0570": "C06",
		"\u0575": "C07",
		"\u056f": "C08",
		"\u056c": "C09",
		";": "C10",
		"\u055b": "C11",
		"\u0577": "C12",
		"\u00bb": "B00",
		"\u0566": "B01",
		"\u0572": "B02",
		"\u0581": "B03",
		"\u057e": "B04",
		"\u0562": "B05",
		"\u0576": "B06",
		"\u0574": "B07",
		",": "B08",
		"\u2024": "B09",
		"/": "B10",
		" ": "A03"
	},
	"shift": {
		"\u055c": "E00",
		"\u0537": "E01",
		"\u0539": "E02",
		"\u0553": "E03",
		"\u0541": "E04",
		"\u054b": "E05",
		"\u0552": "D07",
		"\u0587": "E07",
		"\u0550": "E08",
		"\u0549": "E09",
		"\u0543": "E10",
		"\u2014": "E11",
		"\u053a": "E12",
		"\u0554": "D01",
		"\u0548": "D02",
		"\u0535": "D03",
		"\u054c": "D04",
		"\u054f": "D05",
		"\u0538": "D06",
		"\u053b": "D08",
		"\u0555": "D09",
		"\u054a": "D10",
		"\u053d": "D11",
		"\u053e": "D12",
		"\u0531": "C01",
		"\u054d": "C02",
		"\u0534": "C03",
		"\u0556": "C04",
		"\u0533": "C05",
		"\u0540": "C06",
		"\u0545": "C07",
		"\u053f": "C08",
		"\u053c": "C09",
		"\u0589": "C10",
		"\"": "C11",
		"\u0547": "C12",
		"\u00ab": "B00",
		"\u0536": "B01",
		"\u0542": "B02",
		"\u0551": "B03",
		"\u054e": "B04",
		"\u0532": "B05",
		"\u0546": "B06",
		"\u0544": "B07",
		"<": "B08",
		">": "B09",
		"\u055e": "B10",
		" ": "A03"
	},
	"caps": {
		"\u055d": "E00",
		"\u0537": "E01",
		"\u0539": "E02",
		"\u0553": "E03",
		"\u0541": "E04",
		"\u054b": "E05",
		"\u0552": "D07",
		"\u0587": "E07",
		"\u0550": "E08",
		"\u0549": "E09",
		"\u0543": "E10",
		"-": "E11",
		"\u053a": "E12",
		"\u0554": "D01",
		"\u0548": "D02",
		"\u0535": "D03",
		"\u054c": "D04",
		"\u054f": "D05",
		"\u0538": "D06",
		"\u053b": "D08",
		"\u0555": "D09",
		"\u054a": "D10",
		"\u053d": "D11",
		"\u053e": "D12",
		"\u0531": "C01",
		"\u054d": "C02",
		"\u0534": "C03",
		"\u0556": "C04",
		"\u0533": "C05",
		"\u0540": "C06",
		"\u0545": "C07",
		"\u053f": "C08",
		"\u053c": "C09",
		";": "C10",
		"\u055b": "C11",
		"\u0547": "C12",
		"\u00bb": "B00",
		"\u0536": "B01",
		"\u0542": "B02",
		"\u0551": "B03",
		"\u054e": "B04",
		"\u0532": "B05",
		"\u0546": "B06",
		"\u0544": "B07",
		",": "B08",
		"\u2024": "B09",
		"/": "B10",
		" ": "A03"
	},
	"caps+shift": {
		"\u055c": "E00",
		"\u0567": "E01",
		"\u0569": "E02",
		"\u0583": "E03",
		"\u0571": "E04",
		"\u057b": "E05",
		"\u0582": "D07",
		"\u0587": "E07",
		"\u0580": "E08",
		"\u0579": "E09",
		"\u0573": "E10",
		"\u2014": "E11",
		"\u056a": "E12",
		"\u0584": "D01",
		"\u0578": "D02",
		"\u0565": "D03",
		"\u057c": "D04",
		"\u057f": "D05",
		"\u0568": "D06",
		"\u056b": "D08",
		"\u0585": "D09",
		"\u057a": "D10",
		"\u056d": "D11",
		"\u056e": "D12",
		"\u0561": "C01",
		"\u057d": "C02",
		"\u0564": "C03",
		"\u0586": "C04",
		"\u0563": "C05",
		"\u0570": "C06",
		"\u0575": "C07",
		"\u056f": "C08",
		"\u056c": "C09",
		"\u0589": "C10",
		"\"": "C11",
		"\u0577": "C12",
		"\u00ab": "B00",
		"\u0566": "B01",
		"\u0572": "B02",
		"\u0581": "B03",
		"\u057e": "B04",
		"\u0562": "B05",
		"\u0576": "B06",
		"\u0574": "B07",
		"<": "B08",
		">": "B09",
		"\u055e": "B10",
		" ": "A03"
	},
	"altR": {
		"`": "E00",
		"1": "E01",
		"2": "E02",
		"3": "E03",
		"4": "E04",
		"5": "E05",
		"6": "E06",
		"7": "E07",
		"8": "E08",
		"9": "E09",
		"0": "E10",
		"-": "E11",
		"=": "E12",
		"[": "D11",
		"]": "D12",
		";": "C10",
		"'": "C11",
		"\\": "C12",
		",": "B08",
		".": "B09",
		"/": "B10"
	},
	"altR+shift": {
		"~": "E00",
		"!": "E01",
		"@": "E02",
		"#": "E03",
		"$": "E04",
		"%": "E05",
		"^": "E06",
		"&": "E07",
		"*": "E08",
		"(": "E09",
		")": "E10",
		"_": "E11",
		"+": "E12",
		"{": "D11",
		"}": "D12",
		":": "C10",
		"\"": "C11",
		"|": "C12",
		"<": "B08",
		">": "B09",
		"?": "B10"
	},
	"ctrl": {
		" ": "A03"
	}
}