{
	"lang": "Bengali (Windows)",
	"": {
		"1": "E01",
		"2": "E02",
		"3": "E03",
		"4": "E04",
		"5": "E05",
		"6": "E06",
		"7": "E07",
		"8": "E08",
		"9": "E09",
		"0": "E10",
		"-": "E11",
		"\u09c3": "E12",
		"\u09cc": "D01",
		"\u09c8": "D02",
		"\u09be": "D03",
		"\u09c0": "D04",
		"\u09c2": "D05",
		"\u09ac": "B05",
		"\u09b9": "D07",
		"\u0997": "D08",
		"\u09a6": "D09",
		"\u099c": "D10",
		"\u09a1": "D11",
		"\u09bc": "D12",
		"\u09cb": "C01",
		"\u09c7": "C02",
		"\u09cd": "C03",
		"\u09bf": "C04",
		"\u09c1": "C05",
		"\u09aa": "C06",
		"\u09b0": "C07",
		"\u0995": "C08",
		"\u09a4": "C09",
		"\u099a": "C10",
		"\u099f": "C11",
		"\u0982": "B02",
		"\u09ae": "B03",
		"\u09a8": "B04",
		"\u09b2": "B06",
		"\u09b8": "B07",
		",": "B08",
		".": "B09",
		"\u09af": "B10",
		" ": "A03"
	},
	"shift": {
		"\u0985\u09cd\u09af\u09be": "E01",
		"\u09cd\u09b0": "E03",
		"\u09b0\u09cd": "E04",
		"\u099c\u09cd\u09b0": "E05",
		"\u09a4\u09cd\u09b7": "E06",
		"\u0995\u09cd\u09b0": "E07",
		"\u09b6\u09cd\u09b0": "E08",
		"(": "E09",
		")": "E10",
		"\u0983": "E11",
		"\u098b": "E12",
		"\u0994": "D01",
		"\u0990": "D02",
		"\u0986": "D03",
		"\u0988": "D04",
		"\u098a": "D05",
		"\u09ad": "D06",
		"\u0999": "D07",
		"\u0998": "D08",
		"\u09a7": "D09",
		"\u099d": "D10",
		"\u09a2": "D11",
		"\u099e": "D12",
		"\u0993": "C01",
		"\u098f": "C02",
		"\u0985": "C03",
		"\u0987": "C04",
		"\u0989": "C05",
		"\u09ab": "C06",
		"\u0996": "C08",
		"\u09a5": "C09",
		"\u099b": "C10",
		"\u09a0": "C11",
		"\u0981": "B02",
		"\u09a3": "B03",
		"\u09b6": "B07",
		"\u09b7": "B08",
		"{": "B09",
		"\u09df": "B10",
		" ": "A03"
	},
	"altR": {
		"\u09e7": "E01",
		"\u09e8": "E02",
		"\u09e9": "E03",
		"\u09ea": "E04",
		"\u09eb": "E05",
		"\u09ec": "E06",
		"\u09ed": "E07",
		"\u09ee": "E08",
		"\u09ef": "E09",
		"\u09e6": "E10",
		"\u09e2": "C04",
		"\u09d7": "D01",
		"\u09e3": "D04",
		"\u09ce": "D08",
		"\u09dc": "D11",
		"\u09f4": "C01",
		"\u09f6": "C02",
		"\u09f8": "C03",
		"\u09f0": "C07",
		"\u09fa": "B02"
	},
	"altR+shift": {
		"\u09e0": "E12",
		"\u09e1": "D04",
		"\u09dd": "D11",
		"\u09f5": "C01",
		"\u09f7": "C02",
		"\u09f9": "C03",
		"\u098c": "C04",
		"\u09f1": "C07"
	},
	"ctrl+shift": {
		"\u200d": "E01",
		"\u200c": "E02",
		"\u20b9": "E04"
	}
}