{
	"lang": "Mongolian (Mongolian Script) (Windows)",
	"": {
		"\u180d": "E00",
		"1": "E01",
		"2": "E02",
		"3": "E03",
		"4": "E04",
		"5": "E05",
		"6": "E06",
		"7": "E07",
		"8": "E08",
		"9": "E09",
		"0": "E10",
		"\u202f": "E11",
		"=": "E12",
		"\u1834": "D01",
		"\u1823": "D02",
		"\u1821": "D03",
		"\u1837": "D04",
		"\u1832": "D05",
		"\u1836": "D06",
		"\u1826": "D07",
		"\u1822": "D08",
		"\u1825": "D09",
		"\u182b": "D10",
		"\u3014": "D11",
		"\u3015": "D12",
		"\u1820": "C01",
		"\u1830": "C02",
		"\u1833": "C03",
		"\u1839": "C04",
		"\u182d": "C05",
		"\u182c": "C06",
		"\u1835": "C07",
		"\u183a": "C08",
		"\u182f": "C09",
		";": "C10",
		"\u180b": "C11",
		"\u1801": "C12",
		"\u183d": "B01",
		"\u1831": "B02",
		"\u183c": "B03",
		"\u1824": "B04",
		"\u182a": "B05",
		"\u1828": "B06",
		"\u182e": "B07",
		"\u1802": "B08",
		"\u1803": "B09",
		".": "B10",
		" ": "A03"
	},
	"shift": {
		"~": "E00",
		"!": "E01",
		"\u2048": "E02",
		"\u2049": "E03",
		"\u2014": "E04",
		"%": "E05",
		"\u200c": "E06",
		"\u180a": "E07",
		"\u200d": "E08",
		"(": "E09",
		")": "E10",
		"\u180e": "E11",
		"+": "E12",
		"\u1838": "D02",
		"\u1827": "D03",
		"\u183f": "D04",
		"\u3008": "D11",
		"\u3009": "D12",
		"\u183e": "C06",
		"\u183b": "C08",
		"\u1840": "C09",
		"\u1804": "C10",
		"\u180c": "C11",
		"|": "C12",
		"\u1841": "B01",
		"\u1842": "B03",
		"\u1829": "B06",
		"\u300a": "B08",
		"\u300b": "B09",
		"?": "B10",
		" ": "A03"
	},
	"caps": {
		"\u180d": "E00",
		"1": "E01",
		"2": "E02",
		"3": "E03",
		"4": "E04",
		"5": "E05",
		"6": "E06",
		"7": "E07",
		"8": "E08",
		"9": "E09",
		"0": "E10",
		"\u202f": "E11",
		"=": "E12",
		"\u1834": "D01",
		"\u1838": "D02",
		"\u1827": "D03",
		"\u183f": "D04",
		"\u1832": "D05",
		"\u1836": "D06",
		"\u1826": "D07",
		"\u1822": "D08",
		"\u1825": "D09",
		"\u182b": "D10",
		"\u3008": "D11",
		"\u3015": "D12",
		"\u1820": "C01",
		"\u1830": "C02",
		"\u1833": "C03",
		"\u1839": "C04",
		"\u182d": "C05",
		"\u183e": "C06",
		"\u1835": "C07",
		"\u183a": "C08",
		"\u1840": "C09",
		"\u1804": "C10",
		"\u180c": "C11",
		"|": "C12",
		"\u1841": "B01",
		"\u1831": "B02",
		"\u1842": "B03",
		"\u1824": "B04",
		"\u182a": "B05",
		"\u1829": "B06",
		"\u182e": "B07",
		"\u300a": "B08",
		"\u300b": "B09",
		"?": "B10",
		" ": "A03"
	},
	"caps+shift": {
		"~": "E00",
		"!": "E01",
		"\u2048": "E02",
		"\u2049": "E03",
		"\u2014": "E04",
		"%": "E05",
		"\u200c": "E06",
		"\u180a": "E07",
		"\u200d": "E08",
		"(": "E09",
		")": "E10",
		"\u180e": "E11",
		"+": "E12",
		"\u1823": "D02",
		"\u1821": "D03",
		"\u1837": "D04",
		"\u3014": "D11",
		"\u3009": "D12",
		"\u182c": "C06",
		"\u183b": "C08",
		"\u182f": "C09",
		";": "C10",
		"\u180b": "C11",
		"\u1801": "C12",
		"\u183d": "B01",
		"\u183c": "B03",
		"\u1828": "B06",
		"\u1802": "B08",
		"\u1803": "B09",
		".": "B10",
		" ": "A03"
	},
	"ctrl": {
		" ": "A03"
	}
}