{
	"lang": "Armenian Western (Legacy) (Windows)",
	"": {
		"\u055d": "E00",
		":": "E01",
		"\u0571": "E02",
		"\u0575": "E03",
		"\u055b": "E04",
		",": "E05",
		"-": "E06",
		".": "E07",
		"\u00ab": "E08",
		"\u00bb": "E09",
		"\u0585": "E10",
		"\u057c": "E11",
		"\u056a": "E12",
		"\u056d": "D01",
		"\u057e": "D02",
		"\u0567": "D03",
		"\u0580": "D04",
		"\u0564": "D05",
		"\u0565": "D06",
		"\u0568": "D07",
		"\u056b": "D08",
		"\u0578": "D09",
		"\u0562": "D10",
		"\u0579": "D11",
		"\u057b": "D12",
		"\u0561": "C01",
		"\u057d": "C02",
		"\u057f": "C03",
		"\u0586": "C04",
		"\u056f": "C05",
		"\u0570": "C06",
		"\u0573": "C07",
		"\u0584": "C08",
		"\u056c": "C09",
		"\u0569": "C10",
		"\u0583": "C11",
		"'": "B00",
		"\u0566": "B01",
		"\u0581": "B02",
		"\u0563": "B03",
		"\u0582": "B04",
		"\u057a": "B05",
		"\u0576": "B06",
		"\u0574": "B07",
		"\u0577": "B08",
		"\u0572": "B09",
		"\u056e": "B10",
		" ": "A03"
	},
	"shift": {
		"\u055c": "E00",
		"1": "E01",
		"\u0541": "E02",
		"\u0545": "E03",
		"3": "E04",
		"4": "E05",
		"9": "E06",
		"\u0587": "E07",
		"(": "E08",
		")": "E09",
		"\u0555": "E10",
		"\u054c": "E11",
		"\u053a": "E12",
		"\u053d": "D01",
		"\u054e": "D02",
		"\u0537": "D03",
		"\u0550": "D04",
		"\u0534": "D05",
		"\u0535": "D06",
		"\u0538": "D07",
		"\u053b": "D08",
		"\u0548": "D09",
		"\u0532": "D10",
		"\u0549": "D11",
		"\u054b": "D12",
		"\u0531": "C01",
		"\u054d": "C02",
		"\u054f": "C03",
		"\u0556": "C04",
		"\u053f": "C05",
		"\u0540": "C06",
		"\u0543": "C07",
		"\u0554": "C08",
		"\u053c": "C09",
		"\u0539": "C10",
		"\u0553": "C11",
		"\u055e": "B00",
		"\u0536": "B01",
		"\u0551": "B02",
		"\u0533": "B03",
		"\u0552": "B04",
		"\u054a": "B05",
		"\u0546": "B06",
		"\u0544": "B07",
		"\u0547": "B08",
		"\u0542": "B09",
		"\u053e": "B10",
		" ": "A03"
	},
	"caps": {
		"\u055d": "E00",
		":": "E01",
		"\u0541": "E02",
		"\u0545": "E03",
		"\u055b": "E04",
		",": "E05",
		"-": "E06",
		".": "E07",
		"\u00ab": "E08",
		"\u00bb": "E09",
		"\u0555": "E10",
		"\u054c": "E11",
		"\u053a": "E12",
		"\u053d": "D01",
		"\u054e": "D02",
		"\u0537": "D03",
		"\u0550": "D04",
		"\u0534": "D05",
		"\u0535": "D06",
		"\u0538": "D07",
		"\u053b": "D08",
		"\u0548": "D09",
		"\u0532": "D10",
		"\u0549": "D11",
		"\u054b": "D12",
		"\u0531": "C01",
		"\u054d": "C02",
		"\u054f": "C03",
		"\u0556": "C04",
		"\u053f": "C05",
		"\u0540": "C06",
		"\u0543": "C07",
		"\u0554": "C08",
		"\u053c": "C09",
		"\u0539": "C10",
		"\u0553": "C11",
		"'": "B00",
		"\u0536": "B01",
		"\u0551": "B02",
		"\u0533": "B03",
		"\u0552": "B04",
		"\u054a": "B05",
		"\u0546": "B06",
		"\u0544": "B07",
		"\u0547": "B08",
		"\u0542": "B09",
		"\u053e": "B10",
		" ": "A03"
	},
	"caps+shift": {
		"\u055c": "E00",
		"1": "E01",
		"\u0571": "E02",
		"\u0575": "E03",
		"3": "E04",
		"4": "E05",
		"9": "E06",
		"\u0587": "E07",
		"(": "E08",
		")": "E09",
		"\u0585": "E10",
		"\u057c": "E11",
		"\u056a": "E12",
		"\u056d": "D01",
		"\u057e": "D02",
		"\u0567": "D03",
		"\u0580": "D04",
		"\u0564": "D05",
		"\u0565": "D06",
		"\u0568": "D07",
		"\u056b": "D08",
		"\u0578": "D09",
		"\u0562": "D10",
		"\u0579": "D11",
		"\u057b": "D12",
		"\u0561": "C01",
		"\u057d": "C02",
		"\u057f": "C03",
		"\u0586": "C04",
		"\u056f": "C05",
		"\u0570": "C06",
		"\u0573": "C07",
		"\u0584": "C08",
		"\u056c": "C09",
		"\u0569": "C10",
		"\u0583": "C11",
		"\u055e": "B00",
		"\u0566": "B01",
		"\u0581": "B02",
		"\u0563": "B03",
		"\u0582": "B04",
		"\u057a": "B05",
		"\u0576": "B06",
		"\u0574": "B07",
		"\u0577": "B08",
		"\u0572": "B09",
		"\u056e": "B10",
		" ": "A03"
	},
	"ctrl": {
		" ": "A03"
	}
}