{
	"lang": "Tamil (Windows)",
	"": {
		"\u0bca": "E00",
		"1": "E01",
		"2": "E02",
		"3": "E03",
		"4": "E04",
		"5": "E05",
		"6": "E06",
		"7": "E07",
		"8": "E08",
		"9": "E09",
		"0": "E10",
		"-": "E11",
		"\u0bcc": "D01",
		"\u0bc8": "D02",
		"\u0bbe": "D03",
		"\u0bc0": "D04",
		"\u0bc2": "D05",
		"\u0baa": "C06",
		"\u0bb9": "D07",
		"\u0b95": "C08",
		"\u0ba4": "C09",
		"\u0b9c": "D10",
		"\u0b9f": "C11",
		"\u0b9e": "D12",
		"\u0bcb": "C01",
		"\u0bc7": "C02",
		"\u0bcd": "C03",
		"\u0bbf": "C04",
		"\u0bc1": "C05",
		"\u0bb0": "C07",
		"\u0b9a": "C10",
		"\u0bc6": "B01",
		"\u0bae": "B03",
		"\u0ba8": "B04",
		"\u0bb5": "B05",
		"\u0bb2": "B06",
		"\u0bb8": "B07",
		",": "B08",
		".": "B09",
		"\u0baf": "B10",
		" ": "A03"
	},
	"shift": {
		"\u0b92": "E00",
		"\u0ba4\u0bcd\u0bb0": "E06",
		"\u0b95\u0bcd\u0bb7": "E07",
		"\u0bb7\u0bcd\u0bb0": "E08",
		"\u0bf0": "E10",
		"\u0b83": "E11",
		"\u0b94": "D01",
		"\u0b90": "D02",
		"\u0b86": "D03",
		"\u0b88": "D04",
		"\u0b8a": "D05",
		"\u0baa": "C06",
		"\u0b99": "D07",
		"\u0b95": "C08",
		"\u0ba4": "C09",
		"\u0b9a": "C10",
		"\u0b9f": "C11",
		"\u0b9e": "D12",
		"\u0b93": "C01",
		"\u0b8f": "C02",
		"\u0b85": "C03",
		"\u0b87": "C04",
		"\u0b89": "C05",
		"\u0bb1": "C07",
		"\u0b8e": "B01",
		"\u0bd0": "B02",
		"\u0ba3": "B03",
		"\u0ba9": "B04",
		"\u0bb4": "B05",
		"\u0bb3": "B06",
		"\u0bb6": "B07",
		"\u0bb7": "B08",
		"\u0bb8\u0bcd\u0bb0\u0bc0": "B09",
		"\u0baf": "B10",
		" ": "A03"
	},
	"altR": {
		"\u0be7": "E01",
		"\u0be8": "E02",
		"\u0be9": "E03",
		"\u0bea": "E04",
		"\u0beb": "E05",
		"\u0bec": "E06",
		"\u0bed": "E07",
		"\u0bee": "E08",
		"\u0bef": "E09",
		"\u0be6": "E10",
		"\u0bf1": "E11",
		"\u0bf2": "E12",
		"\u0bf7": "D06",
		"\u0bf6": "C06",
		"\u0bf9": "B01",
		"\u0bfa": "B02",
		"\u0bf4": "B03",
		"\u0bf3": "B04",
		"\u0bf5": "B05",
		"\u0bf8": "B06"
	},
	"ctrl+shift": {
		"\u200d": "E01",
		"\u200c": "E02",
		"\u20b9": "E04"
	}
}