{
	"lang": "Norwegian with Sami (Windows)",
	"": {
		"|": "E00",
		"1": "E01",
		"2": "E02",
		"3": "E03",
		"4": "E04",
		"5": "E05",
		"6": "E06",
		"7": "E07",
		"8": "E08",
		"9": "E09",
		"0": "E10",
		"+": "E11",
		"\\": "E12",
		"q": "D01",
		"w": "D02",
		"e": "D03",
		"r": "D04",
		"t": "D05",
		"y": "D06",
		"u": "D07",
		"i": "D08",
		"o": "D09",
		"p": "D10",
		"\u00e5": "D11",
		"\u00a8": "D12",
		"a": "C01",
		"s": "C02",
		"d": "C03",
		"f": "C04",
		"g": "C05",
		"h": "C06",
		"j": "C07",
		"k": "C08",
		"l": "C09",
		"\u00f8": "C10",
		"\u00e6": "C11",
		"'": "C12",
		"<": "B00",
		"z": "B01",
		"x": "B02",
		"c": "B03",
		"v": "B04",
		"b": "B05",
		"n": "B06",
		"m": "B07",
		",": "B08",
		".": "B09",
		"-": "B10",
		" ": "A03"
	},
	"shift": {
		"\u00a7": "E00",
		"!": "E01",
		"\"": "E02",
		"#": "E03",
		"\u00a4": "E04",
		"%": "E05",
		"&": "E06",
		"/": "E07",
		"(": "E08",
		")": "E09",
		"=": "E10",
		"?": "E11",
		"`": "E12",
		"Q": "D01",
		"W": "D02",
		"E": "D03",
		"R": "D04",
		"T": "D05",
		"Y": "D06",
		"U": "D07",
		"I": "D08",
		"O": "D09",
		"P": "D10",
		"\u00c5": "D11",
		"^": "D12",
		"A": "C01",
		"S": "C02",
		"D": "C03",
		"F": "C04",
		"G": "C05",
		"H": "C06",
		"J": "C07",
		"K": "C08",
		"L": "C09",
		"\u00d8": "C10",
		"\u00c6": "C11",
		"*": "C12",
		">": "B00",
		"Z": "B01",
		"X": "B02",
		"C": "B03",
		"V": "B04",
		"B": "B05",
		"N": "B06",
		"M": "B07",
		";": "B08",
		":": "B09",
		"_": "B10",
		" ": "A03"
	},
	"caps": {
		"|": "E00",
		"1": "E01",
		"2": "E02",
		"3": "E03",
		"4": "E04",
		"5": "E05",
		"6": "E06",
		"7": "E07",
		"8": "E08",
		"9": "E09",
		"0": "E10",
		"+": "E11",
		"\\": "E12",
		"Q": "D01",
		"W": "D02",
		"E": "D03",
		"R": "D04",
		"T": "D05",
		"Y": "D06",
		"U": "D07",
		"I": "D08",
		"O": "D09",
		"P": "D10",
		"\u00c5": "D11",
		"\u00a8": "D12",
		"A": "C01",
		"S": "C02",
		"D": "C03",
		"F": "C04",
		"G": "C05",
		"H": "C06",
		"J": "C07",
		"K": "C08",
		"L": "C09",
		"\u00d8": "C10",
		"\u00c6": "C11",
		"'": "C12",
		"<": "B00",
		"Z": "B01",
		"X": "B02",
		"C": "B03",
		"V": "B04",
		"B": "B05",
		"N": "B06",
		"M": "B07",
		",": "B08",
		".": "B09",
		"-": "B10",
		" ": "A03"
	},
	"caps+shift": {
		"\u00a7": "E00",
		"!": "E01",
		"\"": "E02",
		"#": "E03",
		"\u00a4": "E04",
		"%": "E05",
		"&": "E06",
		"/": "E07",
		"(": "E08",
		")": "E09",
		"=": "E10",
		"?": "E11",
		"`": "E12",
		"q": "D01",
		"w": "D02",
		"e": "D03",
		"r": "D04",
		"t": "D05",
		"y": "D06",
		"u": "D07",
		"i": "D08",
		"o": "D09",
		"p": "D10",
		"\u00e5": "D11",
		"^": "D12",
		"a": "C01",
		"s": "C02",
		"d": "C03",
		"f": "C04",
		"g": "C05",
		"h": "C06",
		"j": "C07",
		"k": "C08",
		"l": "C09",
		"\u00f8": "C10",
		"\u00e6": "C11",
		"*": "C12",
		">": "B00",
		"z": "B01",
		"x": "B02",
		"c": "B03",
		"v": "B04",
		"b": "B05",
		"n": "B06",
		"m": "B07",
		";": "B08",
		":": "B09",
		"_": "B10",
		" ": "A03"
	},
	"altR": {
		"@": "E02",
		"\u00a3": "E03",
		"$": "E04",
		"\u20ac": "D03",
		"{": "E07",
		"[": "E08",
		"]": "E09",
		"}": "E10",
		"\u00b4": "E12",
		"\u00e2": "D01",
		"\u0167": "D05",
		"\u00ef": "D08",
		"\u00f5": "D09",
		"~": "D12",
		"\u00e1": "C01",
		"\u0161": "C02",
		"\u0111": "C03",
		"\u01e5": "C04",
		"\u01e7": "C05",
		"\u021f": "C06",
		"\u01e9": "C08",
		"\u00f6": "C10",
		"\u00e4": "C11",
		"\u017e": "B01",
		"\u010d": "B03",
		"\u01ef": "B04",
		"\u0292": "B05",
		"\u014b": "B06",
		"\u00b5": "B07"
	},
	"altR+shift": {
		"\u00c2": "D01",
		"\u0166": "D05",
		"\u00cf": "D08",
		"\u00d5": "D09",
		"\u00c1": "C01",
		"\u0160": "C02",
		"\u0110": "C03",
		"\u01e4": "C04",
		"\u01e6": "C05",
		"\u021e": "C06",
		"\u01e8": "C08",
		"\u00d6": "C10",
		"\u00c4": "C11",
		"\u017d": "B01",
		"\u010c": "B03",
		"\u01ee": "B04",
		"\u01b7": "B05",
		"\u014a": "B06"
	},
	"ctrl": {
		" ": "A03"
	}
}