{
	"lang": "Futhark (Windows)",
	"": {
		"\u16bb": "E00",
		"\u16ee": "E07",
		"\u16ef": "E08",
		"\u16f0": "E09",
		"0": "E10",
		"\u16a6": "D01",
		"\u16b9": "D02",
		"\u16d6": "D03",
		"\u16b1": "D04",
		"\u16cf": "D05",
		"\u16c7": "D06",
		"\u16a2": "D07",
		"\u16c1": "D08",
		"\u16df": "D09",
		"\u16c8": "D10",
		"\u16a8": "C01",
		"\u16ca": "C02",
		"\u16de": "C03",
		"\u16a0": "C04",
		"\u16b7": "C05",
		"\u16ba": "C06",
		"\u16c3": "C07",
		"\u16b2": "C08",
		"\u16da": "C09",
		"\u16dc": "C10",
		"\u16dd": "C11",
		"\\": "C12",
		"\u16c9": "B01",
		"\u16d2": "B05",
		"\u16be": "B06",
		"\u16d7": "B07",
		"\u16eb": "B08",
		"\u16ec": "B09",
		"\u16ed": "B10",
		" ": "A03"
	},
	"shift": {
		"\u16e6": "D04",
		"\u16ac": "C01",
		"\u16cb": "C02",
		"\u16bc": "C06",
		"\u16c5": "C07",
		"\u16b4": "C08",
		"|": "C12",
		"\u16d8": "B07",
		" ": "A03"
	},
	"caps": {
		"\u16bb": "E00",
		"\u16ee": "E07",
		"\u16ef": "E08",
		"\u16f0": "E09",
		"0": "E10",
		"\u16a6": "D01",
		"\u16b9": "D02",
		"\u16d6": "D03",
		"\u16e6": "D04",
		"\u16cf": "D05",
		"\u16c7": "D06",
		"\u16a2": "D07",
		"\u16c1": "D08",
		"\u16df": "D09",
		"\u16c8": "D10",
		"\u16ac": "C01",
		"\u16cb": "C02",
		"\u16de": "C03",
		"\u16a0": "C04",
		"\u16b7": "C05",
		"\u16bc": "C06",
		"\u16c5": "C07",
		"\u16b4": "C08",
		"\u16da": "C09",
		"\u16dc": "C10",
		"\u16dd": "C11",
		"\\": "C12",
		"\u16c9": "B01",
		"\u16d2": "B05",
		"\u16be": "B06",
		"\u16d8": "B07",
		"\u16eb": "B08",
		"\u16ec": "B09",
		"\u16ed": "B10",
		" ": "A03"
	},
	"caps+shift": {
		"\u16b1": "D04",
		"\u16a8": "C01",
		"\u16ca": "C02",
		"\u16ba": "C06",
		"\u16c3": "C07",
		"\u16b2": "C08",
		"|": "C12",
		"\u16d7": "B07",
		" ": "A03"
	}
}