{
	"lang": "Cherokee Nation (Windows)",
	"": {
		"`": "E00",
		"\u13e3\u13b3\u13a9": "E01",
		"\u13a3\u13cf\u13f2": "E02",
		"\u13e9\u13d9": "E03",
		"\u13d9": "E04",
		"\u13e6": "E05",
		"\u13dc": "E06",
		"\u13cb": "E07",
		"\u13d6": "E08",
		"\u13d2": "E09",
		"\u13c4": "E10",
		"\u13bf": "E11",
		"\u13f3": "E12",
		"\u13aa": "D01",
		"\u13b3": "D02",
		"\u13a1": "D03",
		"\u13db": "D04",
		"\u13d4": "D05",
		"\u13ef": "D06",
		"\u13a4": "D07",
		"\u13a2": "D08",
		"\u13a3": "D09",
		"\u13c1": "D10",
		"\u13d5": "D11",
		"\u13b6": "D12",
		"\u13a0": "C01",
		"\u13cd": "C02",
		"\u13d7": "C03",
		"\u13a9": "C04",
		"\u13a6": "C05",
		"\u13af": "C06",
		"\u13da": "C07",
		"\u13b8": "C08",
		"\u13b5": "C09",
		"\u13e8": "C10",
		"'": "C11",
		"\u13e9": "C12",
		"\u13ac": "B01",
		"\u13f4": "B02",
		"\u13d3": "B03",
		"\u13a5": "B04",
		"\u13a8": "B05",
		"\u13be": "B06",
		"\u13c5": "B07",
		",": "B08",
		".": "B09",
		"\u13c2": "B10",
		" ": "A03"
	},
	"shift": {
		"\u13ca": "E00",
		"\u13b1": "E01",
		"\u13c7": "E02",
		"\u13e7": "E03",
		"\u13b0": "E04",
		"\u13b9": "E05",
		"\u13dd": "E06",
		"\u13e1": "E07",
		"\u13ba": "E08",
		"(": "E09",
		")": "E10",
		"\u13bc": "E11",
		"\u13bd": "E12",
		"\u13c6": "D01",
		"\u13eb": "D02",
		"\u13e3": "D03",
		"\u13cf": "D04",
		"\u13d8": "D05",
		"\u13f2": "D06",
		"\u13ad": "D07",
		"\u13f1": "D08",
		"\u13ec": "D09",
		"\u13ea": "D10",
		"\u13d1": "D11",
		"\u13e4": "D12",
		"\u13cc": "C01",
		"\u13ce": "C02",
		"\u13d0": "C03",
		"\u13c8": "C04",
		"\u13e5": "C05",
		"\u13b2": "C06",
		"\u13ab": "C07",
		"\u13a7": "C08",
		"\u13ae": "C09",
		"\u13e0": "C10",
		"\"": "C11",
		"\u13ee": "C12",
		"\u13c3": "B01",
		"\u13ed": "B02",
		"\u13df": "B03",
		"\u13de": "B04",
		"\u13f0": "B05",
		"\u13bb": "B06",
		"\u13b7": "B07",
		"\u13e2": "B08",
		"\u13b4": "B09",
		"\u13c9": "B10",
		" ": "A03"
	},
	"caps": {
		"`": "E00",
		"\u13e3\u13b3\u13a9": "E01",
		"\u13a3\u13cf\u13f2": "E02",
		"\u13e9\u13d9": "E03",
		"\u13d9": "E04",
		"\u13e6": "E05",
		"\u13dc": "E06",
		"\u13cb": "E07",
		"\u13d6": "E08",
		"\u13d2": "E09",
		"\u13c4": "E10",
		"\u13bf": "E11",
		"\u13f3": "E12",
		"\u13c6": "D01",
		"\u13eb": "D02",
		"\u13e3": "D03",
		"\u13cf": "D04",
		"\u13d8": "D05",
		"\u13f2": "D06",
		"\u13ad": "D07",
		"\u13f1": "D08",
		"\u13ec": "D09",
		"\u13ea": "D10",
		"\u13d5": "D11",
		"\u13b6": "D12",
		"\u13cc": "C01",
		"\u13ce": "C02",
		"\u13d0": "C03",
		"\u13c8": "C04",
		"\u13e5": "C05",
		"\u13b2": "C06",
		"\u13ab": "C07",
		"\u13a7": "C08",
		"\u13ae": "C09",
		"\u13e8": "C10",
		"'": "C11",
		"\u13e9": "C12",
		"\u13c3": "B01",
		"\u13ed": "B02",
		"\u13df": "B03",
		"\u13de": "B04",
		"\u13f0": "B05",
		"\u13bb": "B06",
		"\u13b7": "B07",
		",": "B08",
		".": "B09",
		"\u13c2": "B10",
		" ": "A03"
	},
	"caps+shift": {
		"\u13ca": "E00",
		"\u13b1": "E01",
		"\u13c7": "E02",
		"\u13e7": "E03",
		"\u13b0": "E04",
		"\u13b9": "E05",
		"\u13dd": "E06",
		"\u13e1": "E07",
		"\u13ba": "E08",
		"(": "E09",
		")": "E10",
		"\u13bc": "E11",
		"\u13bd": "E12",
		"\u13aa": "D01",
		"\u13b3": "D02",
		"\u13a1": "D03",
		"\u13db": "D04",
		"\u13d4": "D05",
		"\u13ef": "D06",
		"\u13a4": "D07",
		"\u13a2": "D08",
		"\u13a3": "D09",
		"\u13c1": "D10",
		"\u13d1": "D11",
		"\u13e4": "D12",
		"\u13a0": "C01",
		"\u13cd": "C02",
		"\u13d7": "C03",
		"\u13a9": "C04",
		"\u13a6": "C05",
		"\u13af": "C06",
		"\u13da": "C07",
		"\u13b8": "C08",
		"\u13b5": "C09",
		"\u13e0": "C10",
		"\"": "C11",
		"\u13ee": "C12",
		"\u13ac": "B01",
		"\u13f4": "B02",
		"\u13d3": "B03",
		"\u13a5": "B04",
		"\u13a8": "B05",
		"\u13be": "B06",
		"\u13c5": "B07",
		"\u13e2": "B08",
		"\u13b4": "B09",
		"\u13c9": "B10",
		" ": "A03"
	},
	"altR": {
		"\u13c0": "E00",
		"1": "E01",
		"2": "E02",
		"3": "E03",
		"4": "E04",
		"5": "E05",
		"6": "E06",
		"7": "E07",
		"8": "E08",
		"9": "E09",
		"0": "E10",
		"-": "E11",
		"=": "E12",
		"q": "D01",
		"w": "D02",
		"e": "D03",
		"r": "D04",
		"t": "D05",
		"y": "D06",
		"u": "D07",
		"i": "D08",
		"o": "D09",
		"p": "D10",
		"[": "D11",
		"]": "D12",
		"a": "C01",
		"s": "C02",
		"d": "C03",
		"f": "C04",
		"g": "C05",
		"h": "C06",
		"j": "C07",
		"k": "C08",
		"l": "C09",
		";": "C10",
		"\\": "C12",
		"z": "B01",
		"x": "B02",
		"c": "B03",
		"v": "B04",
		"b": "B05",
		"n": "B06",
		"m": "B07",
		"<": "B08",
		">": "B09",
		"/": "B10"
	},
	"altR+shift": {
		"~": "E00",
		"!": "E01",
		"@": "E02",
		"#": "E03",
		"$": "E04",
		"%": "E05",
		"^": "E06",
		"&": "E07",
		"*": "E08",
		"(": "E09",
		")": "E10",
		"_": "E11",
		"+": "E12",
		"Q": "D01",
		"W": "D02",
		"E": "D03",
		"R": "D04",
		"T": "D05",
		"Y": "D06",
		"U": "D07",
		"I": "D08",
		"O": "D09",
		"P": "D10",
		"{": "D11",
		"}": "D12",
		"A": "C01",
		"S": "C02",
		"D": "C03",
		"F": "C04",
		"G": "C05",
		"H": "C06",
		"J": "C07",
		"K": "C08",
		"L": "C09",
		":": "C10",
		"|": "C12",
		"Z": "B01",
		"X": "B02",
		"C": "B03",
		"V": "B04",
		"B": "B05",
		"N": "B06",
		"M": "B07",
		"?": "B10"
	}
}