{
	"lang": "Urdu (Windows)",
	"": {
		"`": "E00",
		"1": "E01",
		"2": "E02",
		"3": "E03",
		"4": "E04",
		"5": "E05",
		"6": "E06",
		"7": "E07",
		"8": "E08",
		"9": "E09",
		"0": "E10",
		"-": "E11",
		"=": "E12",
		"\u0637": "D01",
		"\u0635": "D02",
		"\u06be": "D03",
		"\u062f": "D04",
		"\u0679": "D05",
		"\u067e": "D06",
		"\u062a": "D07",
		"\u0628": "D08",
		"\u062c": "D09",
		"\u062d": "D10",
		"]": "D11",
		"[": "D12",
		"\u0645": "C01",
		"\u0648": "C02",
		"\u0631": "C03",
		"\u0646": "C04",
		"\u0644": "C05",
		"\u06c1": "C06",
		"\u0627": "C07",
		"\u06a9": "C08",
		"\u06cc": "C09",
		"\u061b": "C10",
		"'": "C11",
		"\\": "B00",
		"\u0642": "B01",
		"\u0641": "B02",
		"\u06d2": "B03",
		"\u0633": "B04",
		"\u0634": "B05",
		"\u063a": "B06",
		"\u0639": "B07",
		"\u060c": "B08",
		"\u06d4": "B09",
		"/": "B10",
		" ": "A03"
	},
	"shift": {
		"~": "E00",
		"!": "E01",
		"@": "E02",
		"#": "E03",
		"$": "E04",
		"\u066a": "E05",
		"^": "E06",
		"\u06d6": "E07",
		"\u066d": "E08",
		")": "E09",
		"(": "E10",
		"_": "E11",
		"+": "E12",
		"\u0638": "D01",
		"\u0636": "D02",
		"\u0630": "D03",
		"\u0688": "D04",
		"\u062b": "D05",
		"\u0651": "D06",
		"\u06c3": "D07",
		"\u0640": "D08",
		"\u0686": "D09",
		"\u062e": "D10",
		"}": "D11",
		"{": "D12",
		"\u0698": "C01",
		"\u0632": "C02",
		"\u0691": "C03",
		"\u06ba": "C04",
		"\u06c2": "C05",
		"\u0621": "C06",
		"\u0622": "C07",
		"\u06af": "C08",
		"\u064a": "C09",
		":": "C10",
		"\"": "C11",
		"|": "B00",
		"\u200d": "B01",
		"\u200c": "B02",
		"\u06d3": "B03",
		"\u200e": "B04",
		"\u0624": "B05",
		"\u0626": "B06",
		"\u200f": "B07",
		">": "B08",
		"<": "B09",
		"\u061f": "B10",
		" ": "A03"
	},
	"ctrl": {
		"\u001b": "D11",
		"\u001d": "D12",
		"\u001c": "C12",
		" ": "A03"
	},
	"ctrl+shift": {
		"\ufef2": "E00",
		"\u06d9": "E08",
		"\u064b": "D02",
		"\u064d": "D03",
		"\u064c": "D04",
		"\u064f": "D09",
		"\u0650": "D10",
		"\u064e": "D11",
		"\u0652": "D12",
		"\u06e2": "C01",
		"\u0623": "C06",
		"\u0625": "C07"
	}
}