{
	"lang": "Syriac (Windows)",
	"": {
		"\u070f": "E00",
		"1": "E01",
		"2": "E02",
		"3": "E03",
		"4": "E04",
		"5": "E05",
		"6": "E06",
		"7": "E07",
		"8": "E08",
		"9": "E09",
		"0": "E10",
		"-": "E11",
		"=": "E12",
		"\u0714": "D01",
		"\u0728": "D02",
		"\u0716": "D03",
		"\u0729": "D04",
		"\u0726": "D05",
		"\u071c": "D06",
		"\u0725": "D07",
		"\u0717": "D08",
		"\u071e": "D09",
		"\u071a": "D10",
		"\u0713": "D11",
		"\u0715": "D12",
		"\u072b": "C01",
		"\u0723": "C02",
		"\u071d": "C03",
		"\u0712": "C04",
		"\u0720": "C05",
		"\u0710": "C06",
		"\u072c": "C07",
		"\u0722": "C08",
		"\u0721": "C09",
		"\u071f": "C10",
		"\u071b": "C11",
		"\u0706": "B00",
		"]": "B01",
		"[": "B02",
		"\u0724": "B03",
		"\u072a": "B04",
		"\u0727": "B05",
		"\u0700": "B06",
		".": "B07",
		"\u0718": "B08",
		"\u0719": "B09",
		"\u0707": "B10",
		" ": "A03"
	},
	"shift": {
		"\u032e": "E00",
		"!": "E01",
		"\u030a": "E02",
		"\u0325": "E03",
		"\u0749": "E04",
		"\u2670": "E05",
		"\u2671": "E06",
		"\u070a": "E07",
		"\u00bb": "E08",
		")": "E09",
		"(": "E10",
		"\u00ab": "E11",
		"+": "E12",
		"\u0730": "D01",
		"\u0733": "D02",
		"\u0736": "D03",
		"\u073a": "D04",
		"\u073d": "D05",
		"\u0740": "D06",
		"\u0741": "D07",
		"\u0308": "D08",
		"\u0304": "D09",
		"\u0307": "D10",
		"\u0303": "D11",
		"\u074a": "D12",
		"\u0731": "C01",
		"\u0734": "C02",
		"\u0737": "C03",
		"\u073b": "C04",
		"\u073e": "C05",
		"\u0711": "C06",
		"\u0640": "C07",
		"\u0324": "C08",
		"\u0331": "C09",
		"\u0323": "C10",
		"\u0330": "C11",
		":": "B00",
		"\u0732": "B01",
		"\u0735": "B02",
		"\u0738": "B03",
		"\u073c": "B04",
		"\u073f": "B05",
		"\u0739": "B06",
		"\u0742": "B07",
		"\u060c": "B08",
		"\u061b": "B09",
		"\u061f": "B10",
		" ": "A03"
	},
	"altR": {
		"\u0651": "E00",
		"\u0701": "E01",
		"\u0702": "E02",
		"\u0703": "E03",
		"\u0704": "E04",
		"\u0705": "E05",
		"\u0708": "E06",
		"\u0709": "E07",
		"\u070b": "E08",
		"\u070c": "E09",
		"\u070d": "E10",
		"\u250c": "E11",
		"\u2510": "E12",
		"\u064e": "D01",
		"\u064b": "D02",
		"\u064f": "D03",
		"\u064c": "D04",
		"\u0653": "D05",
		"\u0654": "D06",
		"\u0747": "D07",
		"\u0743": "D08",
		"\u0745": "D09",
		"\u032d": "D10",
		"\u0650": "C01",
		"\u064d": "C02",
		"\u0621": "C04",
		"\u0655": "C05",
		"\u0670": "C06",
		"\u0748": "C07",
		"\u0744": "C08",
		"\u0746": "C09",
		"\u0652": "B02",
		"\u200d": "B04",
		"\u200c": "B05",
		"\u200e": "B06",
		"\u200f": "B07"
	},
	"ctrl": {
		"\u001b": "D11",
		"\u001d": "D12",
		"\u001c": "C12"
	}
}