{
	"lang": "Georgian (Ergonomic) (Windows)",
	"": {
		"\u201e": "E00",
		"!": "E01",
		"\u2116": "E02",
		",": "E03",
		";": "E04",
		"%": "E05",
		":": "E06",
		"?": "E07",
		".": "E08",
		"(": "E09",
		")": "E10",
		"-": "E11",
		"\u201c": "E12",
		"\u10e9": "D01",
		"\u10de": "D02",
		"\u10e3": "D03",
		"\u10eb": "D04",
		"\u10ed": "D05",
		"\u10e2": "D06",
		"\u10d7": "D07",
		"\u10dc": "D08",
		"\u10d5": "D09",
		"\u10e8": "D10",
		"\u10d9": "D11",
		"\u10e5": "D12",
		"\u10ee": "C01",
		"\u10d8": "C02",
		"\u10d0": "C03",
		"\u10d4": "C04",
		"\u10dd": "C05",
		"\u10d3": "C06",
		"\u10db": "C07",
		"\u10e1": "C08",
		"\u10e0": "C09",
		"\u10d1": "C10",
		"\u10d2": "C11",
		"/": "C12",
		"\\": "B00",
		"\u10ef": "B01",
		"\u10f0": "B02",
		"\u10e7": "B03",
		"\u10e6": "B04",
		"\u10df": "B05",
		"\u10d6": "B06",
		"\u10ea": "B07",
		"\u10da": "B08",
		"\u10e4": "B09",
		"\u10ec": "B10",
		" ": "A03"
	},
	"shift": {
		"'": "E00",
		"1": "E01",
		"2": "E02",
		"3": "E03",
		"4": "E04",
		"5": "E05",
		"6": "E06",
		"7": "E07",
		"8": "E08",
		"9": "E09",
		"0": "E10",
		"+": "E11",
		"=": "E12",
		"\u00a7": "C12",
		"/": "B00",
		" ": "A03"
	},
	"altR": {
		"`": "E00",
		"!": "E01",
		"@": "E02",
		"#": "E03",
		"$": "E04",
		"\u20ac": "E05",
		"^": "E06",
		"&": "E07",
		"*": "E08",
		"(": "E09",
		")": "E10",
		"\u2014": "E11",
		"=": "E12",
		"\u10fc": "D08",
		"\u10f3": "D09",
		"[": "D11",
		"]": "D12",
		"\u10f4": "C01",
		"\u10f2": "C02",
		"\u10fa": "C03",
		"\u10f1": "C04",
		"\u10f9": "C11",
		"\\": "C12",
		"\u10f5": "B02",
		"\u10f8": "B03",
		"\u10f7": "B04",
		"\u10f6": "B09",
		"\u10fb": "B10"
	},
	"altR+shift": {
		"~": "E00",
		"\u00a7": "E03",
		"\u00b0": "E08",
		"\u00ab": "E09",
		"\u00bb": "E10",
		"_": "E11",
		"I": "D08",
		"{": "D11",
		"}": "D12",
		"D": "C03",
		"L": "C09",
		"\"": "C11",
		"|": "C12",
		"X": "B02",
		"C": "B03",
		"V": "B04",
		"M": "B07",
		"<": "B08",
		">": "B09"
	},
	"ctrl": {
		" ": "A03"
	}
}