{
	"lang": "Central Kurdish (Windows)",
	"": {
		"`": "E00",
		"\u0661": "E01",
		"\u0662": "E02",
		"\u0663": "E03",
		"\u0664": "E04",
		"\u0665": "E05",
		"\u0666": "E06",
		"\u0667": "E07",
		"\u0668": "E08",
		"\u0669": "E09",
		"\u0660": "E10",
		"-": "E11",
		"=": "E12",
		"\u0642": "D01",
		"\u0648": "D02",
		"\u06d5": "D03",
		"\u0631": "D04",
		"\u062a": "D05",
		"\u06cc": "D06",
		"\u0626": "D07",
		"\u062d": "D08",
		"\u06c6": "D09",
		"\u067e": "D10",
		"]": "D11",
		"[": "D12",
		"\u0627": "C01",
		"\u0633": "C02",
		"\u062f": "C03",
		"\u0641": "C04",
		"\u06af": "C05",
		"\u0647": "C06",
		"\u0698": "C07",
		"\u06a9": "C08",
		"\u0644": "C09",
		"\u061b": "C10",
		"'": "C11",
		"\\": "B00",
		"\u0632": "B01",
		"\u062e": "B02",
		"\u062c": "B03",
		"\u06a4": "B04",
		"\u0628": "B05",
		"\u0646": "B06",
		"\u0645": "B07",
		"\u060c": "B08",
		".": "B09",
		"/": "B10",
		" ": "A03"
	},
	"shift": {
		"~": "E00",
		"!": "E01",
		"@": "E02",
		"#": "E03",
		"$": "E04",
		"\u066a": "E05",
		"^": "E06",
		"&": "E07",
		"*": "E08",
		")": "E09",
		"(": "E10",
		"_": "E11",
		"+": "E12",
		"`": "D01",
		"\u0648\u0648": "D02",
		"\u064a": "D03",
		"\u0695": "D04",
		"\u0637": "D05",
		"\u06ce": "D06",
		"\u0621": "D07",
		"\u0639": "D08",
		"\u0624": "D09",
		"\u062b": "D10",
		"}": "D11",
		"{": "D12",
		"\u0622": "C01",
		"\u0634": "C02",
		"\u0630": "C03",
		"\u0625": "C04",
		"\u063a": "C05",
		"\u200c": "C06",
		"\u0623": "C07",
		"\u0643": "C08",
		"\u06b5": "C09",
		":": "C10",
		"\"": "C11",
		"|": "C12",
		"/": "B00",
		"\u0636": "B01",
		"\u0635": "B02",
		"\u0686": "B03",
		"\u0638": "B04",
		"\u0649": "B05",
		"\u0629": "B06",
		"\u0640": "B07",
		">": "B08",
		"<": "B09",
		"\u061f": "B10",
		" ": "A03"
	},
	"ctrl": {
		"\u001b": "D11",
		"\u001d": "D12",
		"\u001c": "C12"
	},
	"ctrl+shift": {
		"\u200d": "E01",
		"\u200c": "E02",
		"\u200e": "E03",
		"\u200f": "E04"
	}
}