{
	"lang": "Myanmar (Windows)",
	"": {
		"\u1050": "E00",
		"\u1041": "E01",
		"\u1042": "E02",
		"\u1043": "E03",
		"\u1044": "E04",
		"\u1045": "E05",
		"\u1046": "E06",
		"\u1047": "E07",
		"\u1048": "E08",
		"\u1049": "E09",
		"\u1040": "E10",
		"-": "E11",
		"=": "E12",
		"\u1006": "D01",
		"\u1010": "D02",
		"\u1014": "D03",
		"\u1019": "D04",
		"\u1021": "D05",
		"\u1015": "D06",
		"\u1000": "D07",
		"\u1004": "D08",
		"\u101e": "D09",
		"\u1005": "D10",
		"\u101f": "D11",
		"\u1029": "D12",
		"\u1031": "C01",
		"\u103b": "C02",
		"\u102d": "C03",
		"\u103a": "C04",
		"\u102b": "C05",
		"\u1037": "C06",
		"\u103c": "C07",
		"\u102f": "C08",
		"\u1030": "C09",
		"\u1038": "C10",
		"'": "C11",
		"\u104f": "B00",
		"\u1016": "B01",
		"\u1011": "B02",
		"\u1001": "B03",
		"\u101c": "B04",
		"\u1018": "B05",
		"\u100a": "B06",
		"\u102c": "B07",
		",": "B08",
		".": "B09",
		"/": "B10",
		" ": "A03"
	},
	"shift": {
		"\u100e": "E00",
		"\u100d": "E01",
		"\u1052": "E02",
		"\u100b": "E03",
		"\u1053": "E04",
		"\u1054": "E05",
		"\u1055": "E06",
		"\u101b": "E07",
		"*": "E08",
		"(": "E09",
		")": "E10",
		"_": "E11",
		"+": "E12",
		"\u1008": "D01",
		"\u101d": "D02",
		"\u1023": "D03",
		"\u104e": "D04",
		"\u1024": "D05",
		"\u104c": "D06",
		"\u1025": "D07",
		"\u104d": "D08",
		"\u103f": "D09",
		"\u100f": "D10",
		"\u1027": "D11",
		"\u102a": "D12",
		"\u1017": "C01",
		"\u103e": "C02",
		"\u102e": "C03",
		"\u1039": "C04",
		"\u103d": "C05",
		"\u1036": "C06",
		"\u1032": "C07",
		"\u1012": "C08",
		"\u1013": "C09",
		"\u1002": "C10",
		"\"": "C11",
		"\u1051": "B00",
		"\u1007": "B01",
		"\u100c": "B02",
		"\u1003": "B03",
		"\u1020": "B04",
		"\u101a": "B05",
		"\u1009": "B06",
		"\u1026": "B07",
		"\u104a": "B08",
		"\u104b": "B09",
		"?": "B10",
		" ": "A03"
	},
	"caps": {
		"\u1050": "E00",
		"\u1041": "E01",
		"\u1042": "E02",
		"\u1043": "E03",
		"\u1044": "E04",
		"\u1045": "E05",
		"\u1046": "E06",
		"\u1047": "E07",
		"\u1048": "E08",
		"\u1049": "E09",
		"\u1040": "E10",
		"-": "E11",
		"=": "E12",
		"\u1008": "D01",
		"\u101d": "D02",
		"\u1023": "D03",
		"\u104e": "D04",
		"\u1024": "D05",
		"\u104c": "D06",
		"\u1025": "D07",
		"\u104d": "D08",
		"\u103f": "D09",
		"\u100f": "D10",
		"\u101f": "D11",
		"\u1029": "D12",
		"\u1017": "C01",
		"\u103e": "C02",
		"\u102e": "C03",
		"\u1039": "C04",
		"\u103d": "C05",
		"\u1036": "C06",
		"\u1032": "C07",
		"\u1012": "C08",
		"\u1013": "C09",
		"\u1038": "C10",
		"'": "C11",
		"\u104f": "B00",
		"\u1007": "B01",
		"\u100c": "B02",
		"\u1003": "B03",
		"\u1020": "B04",
		"\u101a": "B05",
		"\u1009": "B06",
		"\u1026": "B07",
		",": "B08",
		".": "B09",
		"/": "B10",
		" ": "A03"
	},
	"caps+shift": {
		"\u100e": "E00",
		"\u100d": "E01",
		"\u1052": "E02",
		"\u100b": "E03",
		"\u1053": "E04",
		"\u1054": "E05",
		"\u1055": "E06",
		"\u101b": "E07",
		"*": "E08",
		"(": "E09",
		")": "E10",
		"_": "E11",
		"+": "E12",
		"\u1006": "D01",
		"\u1010": "D02",
		"\u1014": "D03",
		"\u1019": "D04",
		"\u1021": "D05",
		"\u1015": "D06",
		"\u1000": "D07",
		"\u1004": "D08",
		"\u101e": "D09",
		"\u1005": "D10",
		"\u1027": "D11",
		"\u102a": "D12",
		"\u1031": "C01",
		"\u103b": "C02",
		"\u102d": "C03",
		"\u103a": "C04",
		"\u102b": "C05",
		"\u1037": "C06",
		"\u103c": "C07",
		"\u102f": "C08",
		"\u1030": "C09",
		"\u1002": "C10",
		"\"": "C11",
		"\u1051": "B00",
		"\u1016": "B01",
		"\u1011": "B02",
		"\u1001": "B03",
		"\u101c": "B04",
		"\u1018": "B05",
		"\u100a": "B06",
		"\u102c": "B07",
		"\u104a": "B08",
		"\u104b": "B09",
		"?": "B10",
		" ": "A03"
	},
	"altR": {
		"`": "E00",
		"1": "E01",
		"2": "E02",
		"3": "E03",
		"4": "E04",
		"5": "E05",
		"6": "E06",
		"7": "E07",
		"8": "E08",
		"9": "E09",
		"0": "E10",
		"-": "E11",
		"=": "E12",
		"q": "D01",
		"w": "D02",
		"e": "D03",
		"r": "D04",
		"t": "D05",
		"y": "D06",
		"u": "D07",
		"i": "D08",
		"o": "D09",
		"p": "D10",
		"[": "D11",
		"]": "D12",
		"a": "C01",
		"s": "C02",
		"d": "C03",
		"f": "C04",
		"g": "C05",
		"h": "C06",
		"j": "C07",
		"k": "C08",
		"l": "C09",
		";": "C10",
		"'": "C11",
		"\\": "B00",
		"z": "B01",
		"x": "B02",
		"c": "B03",
		"v": "B04",
		"b": "B05",
		"n": "B06",
		"m": "B07",
		",": "B08",
		".": "B09",
		"/": "B10",
		" ": "A03"
	},
	"altR+shift": {
		"~": "E00",
		"!": "E01",
		"@": "E02",
		"#": "E03",
		"$": "E04",
		"%": "E05",
		"^": "E06",
		"&": "E07",
		"*": "E08",
		"(": "E09",
		")": "E10",
		"_": "E11",
		"+": "E12",
		"Q": "D01",
		"W": "D02",
		"E": "D03",
		"R": "D04",
		"T": "D05",
		"Y": "D06",
		"U": "D07",
		"I": "D08",
		"O": "D09",
		"P": "D10",
		"{": "D11",
		"}": "D12",
		"A": "C01",
		"S": "C02",
		"D": "C03",
		"F": "C04",
		"G": "C05",
		"H": "C06",
		"J": "C07",
		"K": "C08",
		"L": "C09",
		":": "C10",
		"\"": "C11",
		"|": "B00",
		"Z": "B01",
		"X": "B02",
		"C": "B03",
		"V": "B04",
		"B": "B05",
		"N": "B06",
		"M": "B07",
		"<": "B08",
		">": "B09",
		"?": "B10",
		" ": "A03"
	}
}