{
	"lang": "Javanese (Windows)",
	"": {
		"\ua9cb": "E00",
		"\ua9d1": "E01",
		"\ua9d2": "E02",
		"\ua9d3": "E03",
		"\ua9d4": "E04",
		"\ua9d5": "E05",
		"\ua9d6": "E06",
		"\ua9d7": "E07",
		"\ua9d8": "E08",
		"\ua9d9": "E09",
		"\ua9d0": "E10",
		"\ua984\ua9bc": "D01",
		"\ua9ae": "D02",
		"\ua98c": "D03",
		"\ua9ab": "D04",
		"\ua9a0": "D05",
		"\ua9aa": "D06",
		"\ua988": "D07",
		"\ua986": "D08",
		"\ua98e": "D09",
		"\ua9a5": "D10",
		"[": "D11",
		"]": "D12",
		"\ua984": "C01",
		"\ua9b1": "C02",
		"\ua9a2": "C03",
		"\ua989": "C04",
		"\ua992": "C05",
		"\ua9b2": "C06",
		"\ua997": "C07",
		"\ua98f": "C08",
		"\ua9ad": "C09",
		"\ua99b": "C10",
		"\ua99d": "C11",
		"\\": "C12",
		"\ua99a": "B01",
		"\ua994": "B02",
		"\ua995": "B03",
		"\ua98a": "B04",
		"\ua9a7": "B05",
		"\ua9a4": "B06",
		"\ua9a9": "B07",
		"\ua9c8": "B08",
		"\ua9c9": "B09",
		"\ua9c0": "B10",
		" ": "A03"
	},
	"shift": {
		"\ua9ca": "E00",
		"\ua9cf": "E02",
		"\ua9c6": "E03",
		"\ua9de": "E04",
		"\ua9df": "E05",
		"\ua9c3": "E06",
		"\ua9c4": "E07",
		"\ua9c5": "E08",
		"(": "E09",
		")": "E10",
		"\ua9bc": "D01",
		"\ua9c0\ua9ae": "D02",
		"\ua9ba": "D03",
		"\ua9bf": "D04",
		"\ua9a1": "D05",
		"\ua9be": "D06",
		"\ua9b8": "D07",
		"\ua9b6": "D08",
		"\ua9ba\ua9b4": "D09",
		"\ua9a6": "D10",
		"\ua9c1": "D11",
		"\ua9c2": "D12",
		"\ua9b4": "C01",
		"\ua9af": "C02",
		"\ua9a3": "C03",
		"\ua9bd": "C04",
		"\ua993": "C05",
		"\ua983": "C06",
		"\ua998": "C07",
		"\ua991": "C08",
		"\ua9c0\ua9ad": "C09",
		"\ua99c": "C10",
		"\ua99e": "C11",
		"|": "C12",
		"\ua982": "B01",
		"\ua981": "B02",
		"\ua996": "B03",
		"\ua9a8": "B05",
		"\ua99f": "B06",
		"\ua9b3": "B07",
		"\ua9c7": "B08",
		"?": "B10",
		" ": "A03"
	},
	"altR": {
		"`": "E00",
		"1": "E01",
		"2": "E02",
		"3": "E03",
		"4": "E04",
		"5": "E05",
		"6": "E06",
		"7": "E07",
		"8": "E08",
		"9": "E09",
		"0": "E10",
		"-": "E11",
		"=": "E12",
		"\ua985": "D01",
		"\ua98d": "D03",
		"\ua9ac": "D04",
		"\ua987": "D08",
		"\ua9cc": "D11",
		"\ua9cd": "D12",
		"\ua984\ua9b4": "C01",
		"\ua9b0": "C02",
		"\ua999": "C07",
		"\ua990": "C08",
		"\ua980": "B02",
		"\ua98b": "B04",
		"/": "B10"
	},
	"altR+shift": {
		"~": "E00",
		"!": "E01",
		"@": "E02",
		"#": "E03",
		"$": "E04",
		"%": "E05",
		"^": "E06",
		"&": "E07",
		"*": "E08",
		"_": "E11",
		"+": "E12",
		"\ua9bb": "D03",
		"\ua9b9": "D07",
		"\ua9b7": "D08",
		"\ua9b5": "D09"
	},
	"ctrl": {
		"\u001b": "D11",
		"\u001d": "D12",
		"\u001c": "B00",
		" ": "A03"
	}
}