{
	"lang": "Setswana (Windows)",
	"": {
		"`": "E00",
		"1": "E01",
		"2": "E02",
		"3": "E03",
		"4": "E04",
		"5": "E05",
		"6": "E06",
		"7": "E07",
		"8": "E08",
		"9": "E09",
		"0": "E10",
		"-": "E11",
		"=": "E12",
		"q": "D01",
		"w": "D02",
		"e": "D03",
		"r": "D04",
		"t": "D05",
		"y": "D06",
		"u": "D07",
		"i": "D08",
		"o": "D09",
		"p": "D10",
		"[": "D11",
		"]": "D12",
		"a": "C01",
		"s": "C02",
		"d": "C03",
		"f": "C04",
		"g": "C05",
		"h": "C06",
		"j": "C07",
		"k": "C08",
		"l": "C09",
		";": "C10",
		"'": "C11",
		"\\": "B00",
		"z": "B01",
		"x": "B02",
		"c": "B03",
		"v": "B04",
		"b": "B05",
		"n": "B06",
		"m": "B07",
		",": "B08",
		".": "B09",
		"/": "B10",
		" ": "A03"
	},
	"shift": {
		"~": "E00",
		"!": "E01",
		"@": "E02",
		"#": "E03",
		"$": "E04",
		"%": "E05",
		"^": "E06",
		"&": "E07",
		"*": "E08",
		"(": "E09",
		")": "E10",
		"_": "E11",
		"+": "E12",
		"Q": "D01",
		"W": "D02",
		"E": "D03",
		"R": "D04",
		"T": "D05",
		"Y": "D06",
		"U": "D07",
		"I": "D08",
		"O": "D09",
		"P": "D10",
		"{": "D11",
		"}": "D12",
		"A": "C01",
		"S": "C02",
		"D": "C03",
		"F": "C04",
		"G": "C05",
		"H": "C06",
		"J": "C07",
		"K": "C08",
		"L": "C09",
		":": "C10",
		"\"": "C11",
		"|": "B00",
		"Z": "B01",
		"X": "B02",
		"C": "B03",
		"V": "B04",
		"B": "B05",
		"N": "B06",
		"M": "B07",
		"<": "B08",
		">": "B09",
		"?": "B10",
		" ": "A03"
	},
	"caps": {
		"`": "E00",
		"1": "E01",
		"2": "E02",
		"3": "E03",
		"4": "E04",
		"5": "E05",
		"6": "E06",
		"7": "E07",
		"8": "E08",
		"9": "E09",
		"0": "E10",
		"-": "E11",
		"=": "E12",
		"Q": "D01",
		"W": "D02",
		"E": "D03",
		"R": "D04",
		"T": "D05",
		"Y": "D06",
		"U": "D07",
		"I": "D08",
		"O": "D09",
		"P": "D10",
		"[": "D11",
		"]": "D12",
		"A": "C01",
		"S": "C02",
		"D": "C03",
		"F": "C04",
		"G": "C05",
		"H": "C06",
		"J": "C07",
		"K": "C08",
		"L": "C09",
		";": "C10",
		"'": "C11",
		"\\": "B00",
		"Z": "B01",
		"X": "B02",
		"C": "B03",
		"V": "B04",
		"B": "B05",
		"N": "B06",
		"M": "B07",
		"<": "B08",
		">": "B09",
		"/": "B10",
		" ": "A03"
	},
	"caps+shift": {
		"~": "E00",
		"!": "E01",
		"@": "E02",
		"#": "E03",
		"$": "E04",
		"%": "E05",
		"^": "E06",
		"&": "E07",
		"*": "E08",
		"(": "E09",
		")": "E10",
		"_": "E11",
		"+": "E12",
		"q": "D01",
		"w": "D02",
		"e": "D03",
		"r": "D04",
		"t": "D05",
		"y": "D06",
		"u": "D07",
		"i": "D08",
		"o": "D09",
		"p": "D10",
		"{": "D11",
		"}": "D12",
		"a": "C01",
		"s": "C02",
		"d": "C03",
		"f": "C04",
		"g": "C05",
		"h": "C06",
		"j": "C07",
		"k": "C08",
		"l": "C09",
		":": "C10",
		"\"": "C11",
		"|": "B00",
		"z": "B01",
		"x": "B02",
		"c": "B03",
		"v": "B04",
		"b": "B05",
		"n": "B06",
		"m": "B07",
		",": "B08",
		".": "B09",
		"?": "B10",
		" ": "A03"
	},
	"altR": {
		"\u00a1": "E01",
		"\u00b2": "E02",
		"\u00b3": "E03",
		"\u00a4": "E04",
		"\u20ac": "E05",
		"\u00bc": "E06",
		"\u00bd": "E07",
		"\u00be": "E08",
		"\u2018": "E09",
		"\u2019": "E10",
		"\u00a5": "E11",
		"\u00d7": "E12",
		"\u00e4": "D01",
		"\u00e5": "D02",
		"\u00e9": "D03",
		"\u00ae": "D04",
		"\u00fe": "D05",
		"\u00fc": "D06",
		"\u00fa": "D07",
		"\u00ed": "D08",
		"\u00f3": "D09",
		"\u00f6": "D10",
		"\u00ab": "D11",
		"\u00bb": "D12",
		"\u00e1": "C01",
		"\u00df": "C02",
		"\u00f0": "C03",
		"\u00f8": "C09",
		"\u00b6": "C10",
		"\u00b4": "C11",
		"\u00ac": "C12",
		"\u00e6": "B01",
		"\u00a9": "B03",
		"\u00f1": "B06",
		"\u00b5": "B07",
		"\u00e7": "B08",
		"\u0161": "B09",
		"\u00bf": "B10"
	},
	"altR+shift": {
		"\u00b9": "E01",
		"\u00a3": "E04",
		"\u00f7": "E12",
		"\u00c4": "D01",
		"\u00c5": "D02",
		"\u00c9": "D03",
		"\u00de": "D05",
		"\u00dc": "D06",
		"\u00da": "D07",
		"\u00cd": "D08",
		"\u00d3": "D09",
		"\u00d6": "D10",
		"\u00c1": "C01",
		"\u00a7": "C02",
		"\u00d0": "C03",
		"\u00d8": "C09",
		"\u00b0": "C10",
		"\u00a8": "C11",
		"\u00a6": "C12",
		"\u00c6": "B01",
		"\u00a2": "B03",
		"\u00d1": "B06",
		"\u00c7": "B08",
		"\u0160": "B09"
	},
	"ctrl": {
		"\u001b": "D11",
		"\u001d": "D12",
		"\u001c": "B00",
		" ": "A03"
	}
}