{
	"lang": "Sinhala (Windows)",
	"": {
		"\u0dca\u200d\u0dbb": "E00",
		"1": "E01",
		"2": "E02",
		"3": "E03",
		"4": "E04",
		"5": "E05",
		"6": "E06",
		"7": "E07",
		"8": "E08",
		"9": "E09",
		"0": "E10",
		"-": "E11",
		"=": "E12",
		"\u0dd4": "D01",
		"\u0d85": "D02",
		"\u0dd0": "D03",
		"\u0dbb": "D04",
		"\u0d92": "D05",
		"\u0dc4": "D06",
		"\u0db8": "D07",
		"\u0dc3": "D08",
		"\u0daf": "D09",
		"\u0da0": "D10",
		"\u0da4": "D11",
		";": "D12",
		"\u0dca": "C01",
		"\u0dd2": "C02",
		"\u0dcf": "C03",
		"\u0dd9": "C04",
		"\u0da7": "C05",
		"\u0dba": "C06",
		"\u0dc0": "C07",
		"\u0db1": "C08",
		"\u0d9a": "C09",
		"\u0dad": "C10",
		".": "C11",
		"\u200d": "B00",
		"'": "B01",
		"\u0d82": "B02",
		"\u0da2": "B03",
		"\u0da9": "B04",
		"\u0d89": "B05",
		"\u0db6": "B06",
		"\u0db4": "B07",
		"\u0dbd": "B08",
		"\u0d9c": "B09",
		"/": "B10",
		" ": "A03"
	},
	"shift": {
		"\u0dbb\u0dca\u200d": "E00",
		"!": "E01",
		"@": "E02",
		"$": "E04",
		"%": "E05",
		"^": "E06",
		"&": "E07",
		"*": "E08",
		"(": "E09",
		")": "E10",
		"_": "E11",
		"+": "E12",
		"\u0dd6": "D01",
		"\u0d8b": "D02",
		"\u0dd1": "D03",
		"\u0d8d": "D04",
		"\u0d94": "D05",
		"\u0dc1": "D06",
		"\u0db9": "D07",
		"\u0dc2": "D08",
		"\u0db0": "D09",
		"\u0da1": "D10",
		"\u0da5": "D11",
		":": "D12",
		"\u0ddf": "C01",
		"\u0dd3": "C02",
		"\u0dd8": "C03",
		"\u0dc6": "C04",
		"\u0da8": "C05",
		"\u0dca\u200d\u0dba": "C06",
		"\u0dc5\u0dd4": "C07",
		"\u0dab": "C08",
		"\u0d9b": "C09",
		"\u0dae": "C10",
		",": "C11",
		"\u00a0": "A03",
		"\"": "B01",
		"\u0d83": "B02",
		"\u0da3": "B03",
		"\u0daa": "B04",
		"\u0d8a": "B05",
		"\u0db7": "B06",
		"\u0db5": "B07",
		"\u0dc5": "B08",
		"\u0d9d": "B09",
		"?": "B10"
	},
	"altR": {
		"\u0dde": "D01",
		"\u0ddc": "D02",
		"\u0ddb": "D03",
		"\u0dda": "D04",
		"\u0d91": "D05",
		"\u0d8e": "D06",
		"\u0db3": "D09",
		"\u0df3": "C01",
		"\u0ddd": "C02",
		"\u0df2": "C03",
		"\u0d86": "C04",
		"\u0d87": "C05",
		"\u0d88": "C06",
		"\u0d93": "C08",
		"\u0d95": "C09",
		"\u0d96": "C10",
		"\u0df4": "C11",
		"\u0d8c": "B01",
		"\u0d9e": "B02",
		"\u0da6": "B03",
		"\u0dac": "B04",
		"\u0d90": "B05",
		"\u0d8f": "B08",
		"\u0d9f": "B09"
	}
}