{
	"lang": "Phags-pa (Windows)",
	"": {
		"\ua874": "E00",
		"1": "E01",
		"2": "E02",
		"3": "E03",
		"4": "E04",
		"5": "E05",
		"6": "E06",
		"7": "E07",
		"8": "E08",
		"9": "E09",
		"0": "E10",
		"\u202f": "E11",
		"=": "E12",
		"\ua862": "D01",
		"\ua853": "D02",
		"\ua860": "D03",
		"\ua858": "D04",
		"\ua848": "D05",
		"\ua857": "D06",
		"\ua85f": "D07",
		"\ua85e": "D08",
		"\ua861": "D09",
		"\ua84c": "D10",
		"\u3014": "D11",
		"\u3015": "D12",
		"\ua856": "C01",
		"\ua85b": "C02",
		"\ua84a": "C03",
		"\ua864": "C04",
		"\ua842": "C05",
		"\ua85c": "C06",
		"\ua846": "C07",
		"\ua840": "C08",
		"\ua859": "C09",
		"\ua843": "C10",
		"\ua876": "C11",
		"\u1801": "C12",
		"\ua855": "B01",
		"\ua863": "B02",
		"\ua844": "B03",
		"\ua867": "B04",
		"\ua84e": "B05",
		"\ua84b": "B06",
		"\ua84f": "B07",
		"\u1802": "B08",
		"\u1803": "B09",
		"\u1805": "B10",
		" ": "A03"
	},
	"shift": {
		"\ua875": "E00",
		"!": "E01",
		"\u2048": "E02",
		"\u2049": "E03",
		"\u2014": "E04",
		"%": "E05",
		"\u200c": "E06",
		"&": "E07",
		"\u200d": "E08",
		"(": "E09",
		")": "E10",
		"\u00a0": "E11",
		"+": "E12",
		"\ua867": "D02",
		"\ua866": "D03",
		"\ua872": "D04",
		"\ua849": "D05",
		"\ua868": "D06",
		"\ua84d": "D10",
		"\u3008": "D11",
		"\u3009": "D12",
		"\ua85d": "C01",
		"\ua85a": "C02",
		"\ua870": "C04",
		"\ua865": "C05",
		"\ua86f": "C06",
		"\ua841": "C08",
		"\ua847": "C10",
		"\ua877": "C11",
		"\ufe00": "C12",
		"\ua854": "B01",
		"\ua845": "B03",
		"\ua873": "B07",
		"\u3001": "B08",
		"\u3002": "B09",
		"?": "B10",
		"\u2009": "A03"
	},
	"caps": {
		"\ua874": "E00",
		"1": "E01",
		"2": "E02",
		"3": "E03",
		"4": "E04",
		"5": "E05",
		"6": "E06",
		"7": "E07",
		"8": "E08",
		"9": "E09",
		"0": "E10",
		"\u202f": "E11",
		"=": "E12",
		"\ua862": "D01",
		"\ua867": "B04",
		"\ua866": "D03",
		"\ua872": "D04",
		"\ua849": "D05",
		"\ua868": "D06",
		"\ua85f": "D07",
		"\ua85e": "D08",
		"\ua861": "D09",
		"\ua84d": "D10",
		"\u3014": "D11",
		"\u3015": "D12",
		"\ua85d": "C01",
		"\ua85a": "C02",
		"\ua84a": "C03",
		"\ua870": "C04",
		"\ua865": "C05",
		"\ua86f": "C06",
		"\ua846": "C07",
		"\ua841": "C08",
		"\ua859": "C09",
		"\ua847": "C10",
		"\ua876": "C11",
		"\u1801": "C12",
		"\ua854": "B01",
		"\ua863": "B02",
		"\ua845": "B03",
		"\ua84e": "B05",
		"\ua84b": "B06",
		"\ua873": "B07",
		"\u1802": "B08",
		"\u1803": "B09",
		"\u1805": "B10",
		" ": "A03"
	},
	"caps+shift": {
		"\ua875": "E00",
		"!": "E01",
		"\u2048": "E02",
		"\u2049": "E03",
		"\u2014": "E04",
		"%": "E05",
		"\u200c": "E06",
		"&": "E07",
		"\u200d": "E08",
		"(": "E09",
		")": "E10",
		"\u00a0": "E11",
		"+": "E12",
		"\ua853": "D02",
		"\ua860": "D03",
		"\ua858": "D04",
		"\ua848": "D05",
		"\ua857": "D06",
		"\ua84c": "D10",
		"\u3008": "D11",
		"\u3009": "D12",
		"\ua856": "C01",
		"\ua85b": "C02",
		"\ua864": "C04",
		"\ua842": "C05",
		"\ua85c": "C06",
		"\ua840": "C08",
		"\ua843": "C10",
		"\ua877": "C11",
		"\ufe00": "C12",
		"\ua855": "B01",
		"\ua844": "B03",
		"\ua84f": "B07",
		"\u3001": "B08",
		"\u3002": "B09",
		"?": "B10",
		"\u2009": "A03"
	},
	"altR": {
		"\u200b": "E11",
		"\ua871": "D04",
		"\ua869": "D05",
		"\ua86d": "D06",
		"\u300a": "D11",
		"\u300b": "D12",
		"\ua86e": "C02",
		"\ua86b": "C03",
		"\ua852": "C07",
		"\ua850": "B03",
		"\ua86c": "B06",
		"\u1804": "B09"
	},
	"altR+shift": {
		"\ua86a": "D05",
		"\ua851": "B03"
	},
	"ctrl": {
		"\u001b": "D11",
		"\u001d": "D12",
		"\u001c": "B00",
		" ": "A03"
	}
}