{
	"lang": "Uzbek Cyrillic (Windows)",
	"": {
		"\u0451": "E00",
		"1": "E01",
		"2": "E02",
		"3": "E03",
		"4": "E04",
		"5": "E05",
		"6": "E06",
		"7": "E07",
		"8": "E08",
		"9": "E09",
		"0": "E10",
		"\u0493": "E11",
		"\u04b3": "E12",
		"\u0439": "D01",
		"\u0446": "D02",
		"\u0443": "D03",
		"\u043a": "D04",
		"\u0435": "D05",
		"\u043d": "D06",
		"\u0433": "D07",
		"\u0448": "D08",
		"\u045e": "D09",
		"\u0437": "D10",
		"\u0445": "D11",
		"\u044a": "D12",
		"\u0444": "C01",
		"\u049b": "C02",
		"\u0432": "C03",
		"\u0430": "C04",
		"\u043f": "C05",
		"\u0440": "C06",
		"\u043e": "C07",
		"\u043b": "C08",
		"\u0434": "C09",
		"\u0436": "C10",
		"\u044d": "C11",
		"\\": "B00",
		"\u044f": "B01",
		"\u0447": "B02",
		"\u0441": "B03",
		"\u043c": "B04",
		"\u0438": "B05",
		"\u0442": "B06",
		"\u044c": "B07",
		"\u0431": "B08",
		"\u044e": "B09",
		".": "B10",
		" ": "A03"
	},
	"shift": {
		"\u0401": "E00",
		"!": "E01",
		"\"": "E02",
		"\u2116": "E03",
		";": "E04",
		"%": "E05",
		":": "E06",
		"?": "E07",
		"*": "E08",
		"(": "E09",
		")": "E10",
		"\u0492": "E11",
		"\u04b2": "E12",
		"\u0419": "D01",
		"\u0426": "D02",
		"\u0423": "D03",
		"\u041a": "D04",
		"\u0415": "D05",
		"\u041d": "D06",
		"\u0413": "D07",
		"\u0428": "D08",
		"\u040e": "D09",
		"\u0417": "D10",
		"\u0425": "D11",
		"\u042a": "D12",
		"\u0424": "C01",
		"\u049a": "C02",
		"\u0412": "C03",
		"\u0410": "C04",
		"\u041f": "C05",
		"\u0420": "C06",
		"\u041e": "C07",
		"\u041b": "C08",
		"\u0414": "C09",
		"\u0416": "C10",
		"\u042d": "C11",
		"/": "B00",
		"\u042f": "B01",
		"\u0427": "B02",
		"\u0421": "B03",
		"\u041c": "B04",
		"\u0418": "B05",
		"\u0422": "B06",
		"\u042c": "B07",
		"\u0411": "B08",
		"\u042e": "B09",
		",": "B10",
		" ": "A03"
	},
	"caps": {
		"\u0401": "E00",
		"1": "E01",
		"2": "E02",
		"3": "E03",
		"4": "E04",
		"5": "E05",
		"6": "E06",
		"7": "E07",
		"8": "E08",
		"9": "E09",
		"0": "E10",
		"\u0492": "E11",
		"\u04b2": "E12",
		"\u0419": "D01",
		"\u0426": "D02",
		"\u0423": "D03",
		"\u041a": "D04",
		"\u0415": "D05",
		"\u041d": "D06",
		"\u0413": "D07",
		"\u0428": "D08",
		"\u040e": "D09",
		"\u0417": "D10",
		"\u0425": "D11",
		"\u042a": "D12",
		"\u0424": "C01",
		"\u049a": "C02",
		"\u0412": "C03",
		"\u0410": "C04",
		"\u041f": "C05",
		"\u0420": "C06",
		"\u041e": "C07",
		"\u041b": "C08",
		"\u0414": "C09",
		"\u0416": "C10",
		"\u042d": "C11",
		"\\": "B00",
		"\u042f": "B01",
		"\u0427": "B02",
		"\u0421": "B03",
		"\u041c": "B04",
		"\u0418": "B05",
		"\u0422": "B06",
		"\u042c": "B07",
		"\u0411": "B08",
		"\u042e": "B09",
		".": "B10",
		" ": "A03"
	},
	"caps+shift": {
		"\u0451": "E00",
		"!": "E01",
		"\"": "E02",
		"\u2116": "E03",
		";": "E04",
		"%": "E05",
		":": "E06",
		"?": "E07",
		"*": "E08",
		"(": "E09",
		")": "E10",
		"\u0493": "E11",
		"\u04b3": "E12",
		"\u0439": "D01",
		"\u0446": "D02",
		"\u0443": "D03",
		"\u043a": "D04",
		"\u0435": "D05",
		"\u043d": "D06",
		"\u0433": "D07",
		"\u0448": "D08",
		"\u045e": "D09",
		"\u0437": "D10",
		"\u0445": "D11",
		"\u044a": "D12",
		"\u0444": "C01",
		"\u049b": "C02",
		"\u0432": "C03",
		"\u0430": "C04",
		"\u043f": "C05",
		"\u0440": "C06",
		"\u043e": "C07",
		"\u043b": "C08",
		"\u0434": "C09",
		"\u0436": "C10",
		"\u044d": "C11",
		"/": "B00",
		"\u044f": "B01",
		"\u0447": "B02",
		"\u0441": "B03",
		"\u043c": "B04",
		"\u0438": "B05",
		"\u0442": "B06",
		"\u044c": "B07",
		"\u0431": "B08",
		"\u044e": "B09",
		",": "B10",
		" ": "A03"
	},
	"ctrl": {
		"\u001c": "B00",
		" ": "A03"
	}
}