{
	"lang": "Azeri Latin (Windows)",
	"": {
		"`": "E00",
		"1": "E01",
		"2": "E02",
		"3": "E03",
		"4": "E04",
		"5": "E05",
		"6": "E06",
		"7": "E07",
		"8": "E08",
		"9": "E09",
		"0": "E10",
		"-": "E11",
		"=": "E12",
		"q": "D01",
		"\u00fc": "D02",
		"e": "D03",
		"r": "D04",
		"t": "D05",
		"y": "D06",
		"u": "D07",
		"i": "D08",
		"o": "D09",
		"p": "D10",
		"\u00f6": "D11",
		"\u011f": "D12",
		"a": "C01",
		"s": "C02",
		"d": "C03",
		"f": "C04",
		"g": "C05",
		"h": "C06",
		"j": "C07",
		"k": "C08",
		"l": "C09",
		"\u0131": "C10",
		"\u0259": "C11",
		"\\": "B00",
		"z": "B01",
		"x": "B02",
		"c": "B03",
		"v": "B04",
		"b": "B05",
		"n": "B06",
		"m": "B07",
		"\u00e7": "B08",
		"\u015f": "B09",
		".": "B10",
		" ": "A03"
	},
	"shift": {
		"~": "E00",
		"!": "E01",
		"\"": "E02",
		"\u2116": "E03",
		";": "E04",
		"%": "E05",
		":": "E06",
		"?": "E07",
		"*": "E08",
		"(": "E09",
		")": "E10",
		"_": "E11",
		"+": "E12",
		"Q": "D01",
		"\u00dc": "D02",
		"E": "D03",
		"R": "D04",
		"T": "D05",
		"Y": "D06",
		"U": "D07",
		"\u0130": "D08",
		"O": "D09",
		"P": "D10",
		"\u00d6": "D11",
		"\u011e": "D12",
		"A": "C01",
		"S": "C02",
		"D": "C03",
		"F": "C04",
		"G": "C05",
		"H": "C06",
		"J": "C07",
		"K": "C08",
		"L": "C09",
		"I": "C10",
		"\u018f": "C11",
		"/": "B00",
		"Z": "B01",
		"X": "B02",
		"C": "B03",
		"V": "B04",
		"B": "B05",
		"N": "B06",
		"M": "B07",
		"\u00c7": "B08",
		"\u015e": "B09",
		",": "B10",
		" ": "A03"
	},
	"caps": {
		"`": "E00",
		"1": "E01",
		"2": "E02",
		"3": "E03",
		"4": "E04",
		"5": "E05",
		"6": "E06",
		"7": "E07",
		"8": "E08",
		"9": "E09",
		"0": "E10",
		"-": "E11",
		"=": "E12",
		"Q": "D01",
		"\u00dc": "D02",
		"E": "D03",
		"R": "D04",
		"T": "D05",
		"Y": "D06",
		"U": "D07",
		"\u0130": "D08",
		"O": "D09",
		"P": "D10",
		"\u00d6": "D11",
		"\u011e": "D12",
		"A": "C01",
		"S": "C02",
		"D": "C03",
		"F": "C04",
		"G": "C05",
		"H": "C06",
		"J": "C07",
		"K": "C08",
		"L": "C09",
		"I": "C10",
		"\u018f": "C11",
		"\\": "B00",
		"Z": "B01",
		"X": "B02",
		"C": "B03",
		"V": "B04",
		"B": "B05",
		"N": "B06",
		"M": "B07",
		"\u00c7": "B08",
		"\u015e": "B09",
		".": "B10",
		" ": "A03"
	},
	"caps+shift": {
		"~": "E00",
		"!": "E01",
		"\"": "E02",
		"\u2116": "E03",
		";": "E04",
		"%": "E05",
		":": "E06",
		"?": "E07",
		"*": "E08",
		"(": "E09",
		")": "E10",
		"_": "E11",
		"+": "E12",
		"q": "D01",
		"\u00fc": "D02",
		"e": "D03",
		"r": "D04",
		"t": "D05",
		"y": "D06",
		"u": "D07",
		"i": "D08",
		"o": "D09",
		"p": "D10",
		"\u00f6": "D11",
		"\u011f": "D12",
		"a": "C01",
		"s": "C02",
		"d": "C03",
		"f": "C04",
		"g": "C05",
		"h": "C06",
		"j": "C07",
		"k": "C08",
		"l": "C09",
		"\u0131": "C10",
		"\u0259": "C11",
		"/": "B00",
		"z": "B01",
		"x": "B02",
		"c": "B03",
		"v": "B04",
		"b": "B05",
		"n": "B06",
		"m": "B07",
		"\u00e7": "B08",
		"\u015f": "B09",
		",": "B10",
		" ": "A03"
	},
	"altR": {
		"@": "E02",
		"\u20bc": "E04"
	},
	"ctrl": {
		" ": "A03"
	}
}