{
	"lang": "Canadian French (Legacy) (Windows)",
	"": {
		"\u00b0": "E00",
		"1": "E01",
		"2": "E02",
		"3": "E03",
		"4": "E04",
		"5": "E05",
		"6": "E06",
		"7": "E07",
		"8": "E08",
		"9": "E09",
		"0": "E10",
		"-": "E11",
		"=": "E12",
		"q": "D01",
		"w": "D02",
		"e": "D03",
		"r": "D04",
		"t": "D05",
		"y": "D06",
		"u": "D07",
		"i": "D08",
		"o": "D09",
		"p": "D10",
		"^": "D11",
		"\u00e7": "D12",
		"a": "C01",
		"s": "C02",
		"d": "C03",
		"f": "C04",
		"g": "C05",
		"h": "C06",
		"j": "C07",
		"k": "C08",
		"l": "C09",
		";": "C10",
		"\u00e8": "C11",
		"\u00e0": "C12",
		"\u00f9": "B00",
		"z": "B01",
		"x": "B02",
		"c": "B03",
		"v": "B04",
		"b": "B05",
		"n": "B06",
		"m": "B07",
		",": "B08",
		".": "B09",
		"\u00e9": "B10",
		" ": "A03"
	},
	"shift": {
		"\u00b0": "E00",
		"!": "E01",
		"\"": "E02",
		"#": "E03",
		"$": "E04",
		"%": "E05",
		"?": "E06",
		"&": "E07",
		"*": "E08",
		"(": "E09",
		")": "E10",
		"_": "E11",
		"+": "E12",
		"Q": "D01",
		"W": "D02",
		"E": "D03",
		"R": "D04",
		"T": "D05",
		"Y": "D06",
		"U": "D07",
		"I": "D08",
		"O": "D09",
		"P": "D10",
		"^": "D11",
		"\u00c7": "D12",
		"A": "C01",
		"S": "C02",
		"D": "C03",
		"F": "C04",
		"G": "C05",
		"H": "C06",
		"J": "C07",
		"K": "C08",
		"L": "C09",
		":": "C10",
		"\u00c8": "C11",
		"\u00c0": "C12",
		"\u00d9": "B00",
		"Z": "B01",
		"X": "B02",
		"C": "B03",
		"V": "B04",
		"B": "B05",
		"N": "B06",
		"M": "B07",
		"'": "B08",
		".": "B09",
		"\u00c9": "B10",
		" ": "A03"
	},
	"caps": {
		"\u00b0": "E00",
		"1": "E01",
		"2": "E02",
		"3": "E03",
		"4": "E04",
		"5": "E05",
		"6": "E06",
		"7": "E07",
		"8": "E08",
		"9": "E09",
		"0": "E10",
		"-": "E11",
		"=": "E12",
		"Q": "D01",
		"W": "D02",
		"E": "D03",
		"R": "D04",
		"T": "D05",
		"Y": "D06",
		"U": "D07",
		"I": "D08",
		"O": "D09",
		"P": "D10",
		"^": "D11",
		"\u00c7": "D12",
		"A": "C01",
		"S": "C02",
		"D": "C03",
		"F": "C04",
		"G": "C05",
		"H": "C06",
		"J": "C07",
		"K": "C08",
		"L": "C09",
		";": "C10",
		"\u00c8": "C11",
		"\u00c0": "C12",
		"\u00d9": "B00",
		"Z": "B01",
		"X": "B02",
		"C": "B03",
		"V": "B04",
		"B": "B05",
		"N": "B06",
		"M": "B07",
		",": "B08",
		".": "B09",
		"\u00c9": "B10",
		" ": "A03"
	},
	"caps+shift": {
		"\u00b0": "E00",
		"!": "E01",
		"\"": "E02",
		"#": "E03",
		"$": "E04",
		"%": "E05",
		"?": "E06",
		"&": "E07",
		"*": "E08",
		"(": "E09",
		")": "E10",
		"_": "E11",
		"+": "E12",
		"q": "D01",
		"w": "D02",
		"e": "D03",
		"r": "D04",
		"t": "D05",
		"y": "D06",
		"u": "D07",
		"i": "D08",
		"o": "D09",
		"p": "D10",
		"^": "D11",
		"\u00e7": "D12",
		"a": "C01",
		"s": "C02",
		"d": "C03",
		"f": "C04",
		"g": "C05",
		"h": "C06",
		"j": "C07",
		"k": "C08",
		"l": "C09",
		":": "C10",
		"\u00e8": "C11",
		"\u00e0": "C12",
		"\u00f9": "B00",
		"z": "B01",
		"x": "B02",
		"c": "B03",
		"v": "B04",
		"b": "B05",
		"n": "B06",
		"m": "B07",
		"'": "B08",
		".": "B09",
		"\u00e9": "B10",
		" ": "A03"
	},
	"altR": {
		"\u00ac": "E00",
		"\u00b9": "E01",
		"@": "E02",
		"\u00b3": "E03",
		"\u00bc": "E04",
		"\u00bd": "E05",
		"\u00be": "E06",
		"{": "E07",
		"[": "E08",
		"]": "E09",
		"}": "E10",
		"|": "E11",
		"\u00b8": "E12",
		"\u00b6": "D04",
		"\u00a5": "D06",
		"\u00f8": "D09",
		"\u00fe": "D10",
		"\u00b0": "D11",
		"~": "D12",
		"\u00e6": "C01",
		"\u00df": "C02",
		"\u00f0": "C03",
		"\u00aa": "C04",
		"\u00b4": "C10",
		"`": "C12",
		"\\": "B00",
		"\u00ab": "B01",
		"\u00bb": "B02",
		"\u00a2": "B03",
		"\u00b5": "B07",
		"<": "B08",
		">": "B09",
		"/": "B10"
	},
	"altR+shift": {
		"\u00a1": "E01",
		"\u00b2": "E02",
		"\u00a3": "E03",
		"\u00a4": "E04",
		"\u00b1": "E09",
		"\u00bf": "E11",
		"\u00ae": "D04",
		"\u00d8": "D09",
		"\u00de": "D10",
		"\u00a8": "D12",
		"\u00c6": "C01",
		"\u00a7": "C02",
		"\u00d0": "C03",
		"\u00b4": "C10",
		"`": "C12",
		"|": "B00",
		"\u00a9": "B03",
		"\u00ba": "B07"
	},
	"ctrl": {
		"\u001b": "D11",
		"\u001d": "D12",
		"\u001c": "B00",
		" ": "A03"
	}
}