{
	"lang": "Tai Le (Windows)",
	"": {
		"\u1041": "E01",
		"\u1042": "E02",
		"\u1043": "E03",
		"\u1044": "E04",
		"\u1045": "E05",
		"\u1046": "E06",
		"\u1047": "E07",
		"\u1048": "E08",
		"\u1049": "E09",
		"\u1040": "E10",
		"\u1970": "E11",
		"\u1971": "E12",
		"\u196a": "D01",
		"\u1969": "D02",
		"\u1965": "D03",
		"\u196b": "D04",
		"\u1957": "D05",
		"\u1955": "D06",
		"\u1967": "D07",
		"\u1964": "D08",
		"\u1968": "D09",
		"\u195a": "D10",
		"\u1972": "D11",
		"\u1973": "D12",
		"\u1963": "C01",
		"\u1954": "C02",
		"\u1956": "C03",
		"\u195c": "C04",
		"\u1950": "C05",
		"\u195e": "C06",
		"\u1953": "C07",
		"\u1951": "C08",
		"\u1958": "C09",
		"\u196d": "C10",
		"\u1974": "C11",
		"\u195f": "B01",
		"\u1966": "B02",
		"\u196c": "B03",
		"\u195d": "B04",
		"\u1959": "B05",
		"\u1952": "B06",
		"\u195b": "B07",
		"\u1962": "B08",
		"\u1961": "B09",
		"\u1960": "B10",
		" ": "A03"
	},
	"shift": {
		"\uff5e": "E00",
		"\uff01": "E01",
		"\uff20": "E02",
		"\uff03": "E03",
		"\uff04": "E04",
		"\uff05": "E05",
		"\u2026": "E06",
		"\uff06": "E07",
		"*": "E08",
		"\uff08": "E09",
		"\uff09": "E10",
		"\u2014": "E11",
		"+": "E12",
		"[": "D11",
		"]": "D12",
		"\uff1b": "C10",
		"\u2018\u2019": "C11",
		"\u3001": "C12",
		"\uff0c": "B08",
		"\u3002": "B09",
		"/": "B10",
		" ": "A03"
	},
	"altR": {
		"-": "E11",
		"=": "E12",
		"{": "D11",
		"}": "D12",
		"\uff1a": "C10",
		"\u201c\u201d": "C11",
		"\u00b7": "C12",
		"\u300a": "B08",
		"\u300b": "B09",
		"\uff1f": "B10"
	}
}