{
	"lang": "Divehi Typewriter (Windows)",
	"": {
		"`": "E00",
		"1": "E01",
		"2": "E02",
		"3": "E03",
		"4": "E04",
		"5": "E05",
		"6": "E06",
		"7": "E07",
		"8": "E08",
		"9": "E09",
		"0": "E10",
		"-": "E11",
		"=": "E12",
		"\u07ab": "D01",
		"\u07ae": "D02",
		"\u07a7": "D03",
		"\u07a9": "D04",
		"\u07ad": "D05",
		"\u078e": "D06",
		"\u0783": "D07",
		"\u0789": "D08",
		"\u078c": "D09",
		"\u0780": "D10",
		"\u078d": "D11",
		"[": "D12",
		"\u07a8": "C01",
		"\u07aa": "C02",
		"\u07b0": "C03",
		"\u07a6": "C04",
		"\u07ac": "C05",
		"\u0788": "C06",
		"\u0787": "C07",
		"\u0782": "C08",
		"\u0786": "C09",
		"\u078a": "C10",
		"\ufdf2": "C11",
		"]": "C12",
		"\\": "B00",
		"\u0792": "B01",
		"\u0791": "B02",
		"\u0790": "B03",
		"\u0794": "B04",
		"\u0785": "B05",
		"\u078b": "B06",
		"\u0784": "B07",
		"\u0781": "B08",
		"\u0793": "B09",
		"\u07af": "B10",
		" ": "A03"
	},
	"shift": {
		"~": "E00",
		"!": "E01",
		"@": "E02",
		"#": "E03",
		"$": "E04",
		"%": "E05",
		"^": "E06",
		"&": "E07",
		"*": "E08",
		")": "E09",
		"(": "E10",
		"_": "E11",
		"+": "E12",
		"\u00d7": "D01",
		"\u2019": "D02",
		"\u201c": "D03",
		"/": "D04",
		":": "D05",
		"\u07a4": "D06",
		"\u079c": "D07",
		"\u07a3": "D08",
		"\u07a0": "D09",
		"\u0799": "D10",
		"\u00f7": "D11",
		"{": "D12",
		"<": "C01",
		">": "C02",
		".": "C03",
		"\u060c": "C04",
		"\"": "C05",
		"\u07a5": "C06",
		"\u07a2": "C07",
		"\u0798": "C08",
		"\u079a": "C09",
		"\u07a1": "C10",
		"\u061b": "C11",
		"}": "C12",
		"|": "B00",
		"\u0796": "B01",
		"\u0795": "B02",
		"\u078f": "B03",
		"\u0797": "B04",
		"\u079f": "B05",
		"\u079b": "B06",
		"\u079d": "B07",
		"\\": "B08",
		"\u079e": "B09",
		"\u061f": "B10",
		" ": "A03"
	},
	"altR": {
		",": "C04",
		";": "C11",
		"\u200d": "B04",
		"\u200c": "B05",
		"\u200e": "B06",
		"\u200f": "B07"
	},
	"ctrl": {
		"\u001b": "D11",
		"\u001d": "D12",
		"\u001c": "C12",
		" ": "A03"
	}
}