{
	"lang": "Nepali (Windows)",
	"": {
		"\u091e": "E00",
		"\u091c\u094d\u091e": "E01",
		"\u0918": "E02",
		"\u0919": "E03",
		"\u091d": "E04",
		"\u091b": "E05",
		"\u091f": "E06",
		"\u0920": "E07",
		"\u0921": "E08",
		"\u0922": "E09",
		"\u0923": "E10",
		"(": "E11",
		".": "E12",
		"\u0924\u094d\u0930": "D01",
		"\u0927": "D02",
		"\u092d": "D03",
		"\u091a": "D04",
		"\u0924": "D05",
		"\u0925": "D06",
		"\u0917": "D07",
		"\u0937": "D08",
		"\u092f": "D09",
		"\u0909": "D10",
		"\u0943": "D11",
		"\u0947": "D12",
		"\u092c": "C01",
		"\u0915": "C02",
		"\u092e": "C03",
		"\u093e": "C04",
		"\u0928": "C05",
		"\u091c": "C06",
		"\u0935": "C07",
		"\u092a": "C08",
		"\u093f": "C09",
		"\u0938": "C10",
		"\u0941": "C11",
		"\u094d\u0930": "C12",
		"\u0936": "B01",
		"\u0939": "B02",
		"\u0905": "B03",
		"\u0916": "B04",
		"\u0926": "B05",
		"\u0932": "B06",
		"\u092b": "B07",
		",": "B08",
		"\u0964": "B09",
		"\u0930": "B10",
		" ": "A03"
	},
	"shift": {
		"\u091e\u094d": "E00",
		"\u0967": "E01",
		"\u0968": "E02",
		"\u0969": "E03",
		"\u096a": "E04",
		"\u096b": "E05",
		"\u096c": "E06",
		"\u096d": "E07",
		"\u096e": "E08",
		"\u096f": "E09",
		"\u0966": "E10",
		")": "E11",
		"\u0902": "E12",
		"\u094b": "D01",
		"\u0927\u094d": "D02",
		"\u092d\u094d": "D03",
		"\u091a\u094d": "D04",
		"\u0924\u094d": "D05",
		"\u0925\u094d": "D06",
		"\u0917\u094d": "D07",
		"\u0915\u094d\u0937": "D08",
		"\u0907": "D09",
		"\u090f": "D10",
		"\u0930\u094d": "D11",
		"\u0948": "D12",
		"\u092c\u094d": "C01",
		"\u0915\u094d": "C02",
		"\u092e\u094d": "C03",
		"\u0901": "C04",
		"\u0928\u094d": "C05",
		"\u091c\u094d": "C06",
		"\u0935\u094d": "C07",
		"\u092a\u094d": "C08",
		"\u0940": "C09",
		"\u0938\u094d": "C10",
		"\u0942": "C11",
		"\u094d": "C12",
		"\u0936\u094d": "B01",
		"\u0939\u094d": "B02",
		"\u090b": "B03",
		"\u0916\u094d": "B04",
		"\u0926\u094d": "B05",
		"\u0932\u094d": "B06",
		"\u0903": "B07",
		"?": "B08",
		"\u0936\u094d\u0930": "B09",
		"\u0930\u0942": "B10",
		" ": "A03"
	},
	"altR": {
		"1": "E01",
		"2": "E02",
		"3": "E03",
		"4": "E04",
		"5": "E05",
		"6": "E06",
		"7": "E07",
		"8": "E08",
		"9": "E09",
		"0": "E10",
		"+": "E12",
		"\u090a": "D10",
		"\u0914": "D12",
		"\u0906": "B03"
	},
	"ctrl+shift": {
		"!": "E01",
		"@": "E02",
		"#": "E03",
		"$": "E04",
		"%": "E05",
		"^": "E06",
		"&": "E07",
		"*": "E08",
		"'": "E09",
		"\"": "E10",
		"-": "E11",
		"=": "E12",
		"\u094c": "D01",
		"\u0908": "D09",
		"\u0910": "D10",
		"\u0913": "D12"
	}
}