{
	"lang": "Tibetan (PRC) (Windows)",
	"": {
		"\u0f68": "E00",
		"\u0f21": "E01",
		"\u0f22": "E02",
		"\u0f23": "E03",
		"\u0f24": "E04",
		"\u0f25": "E05",
		"\u0f26": "E06",
		"\u0f27": "E07",
		"\u0f28": "E08",
		"\u0f29": "E09",
		"\u0f20": "E10",
		"\u0f67": "E11",
		"\u0f5d": "E12",
		"\u0f45": "D01",
		"\u0f46": "D02",
		"\u0f7a": "D03",
		"\u0f62": "D04",
		"\u0f4f": "D05",
		"\u0f61": "D06",
		"\u0f74": "D07",
		"\u0f72": "D08",
		"\u0f7c": "D09",
		"\u0f55": "D10",
		"\u0f59": "D11",
		"\u0f5a": "D12",
		"\u0f60": "C01",
		"\u0f66": "C02",
		"\u0f51": "C03",
		"\u0f56": "C04",
		"\u0f44": "C05",
		"\u0f58": "C06",
		"\u0f0b": "C07",
		"\u0f42": "C08",
		"\u0f63": "C09",
		"\u0f5e": "C10",
		"\u0f0d": "C11",
		"\u0f5b": "C12",
		"\u0f5f": "B01",
		"\u0f64": "B02",
		"\u0f40": "B03",
		"\u0f41": "B04",
		"\u0f54": "B05",
		"\u0f53": "B06",
		"m": "B07",
		"\u0f50": "B08",
		"\u0f47": "B09",
		"\u0f49": "B10",
		" ": "A03"
	},
	"shift": {
		"\u0f01": "E00",
		"\u0f2a": "E01",
		"\u0f2b": "E02",
		"\u0f2c": "E03",
		"\u0f2d": "E04",
		"\u0f2e": "E05",
		"\u0f2f": "E06",
		"\u0f30": "E07",
		"\u0f31": "E08",
		"\u0f32": "E09",
		"\u0f33": "E10",
		"\u0f3c": "E11",
		"\u0f3d": "E12",
		"\u0f15": "D01",
		"\u0f16": "D02",
		"\u0f17": "D03",
		"\u0fbc": "D04",
		"\u0f4a": "D05",
		"\u0fbb": "D06",
		"\u0f18": "D07",
		"\u0f19": "D08",
		"\u0f1a": "D09",
		"\u0f1b": "D10",
		"\u0f1c": "D11",
		"\u0f1d": "D12",
		"\u0f71": "C01",
		"\u0f1f": "C02",
		"\u0f4c": "C03",
		"\u0f3e": "C04",
		"\u0f3f": "C05",
		"\u0fcf": "C06",
		"\u0f02": "C07",
		"\u0f03": "C08",
		"\u0f06": "C09",
		"\u0f07": "C10",
		"\u0f38": "C11",
		"\u0f1e": "C12",
		"\u0f34": "B01",
		"\u0f65": "B02",
		"\u0f69": "B03",
		"\u0f87": "B04",
		"\u0f86": "B05",
		"\u0f4e": "B06",
		"M": "B07",
		"\u0f4b": "B08",
		"\u0f3a": "B09",
		"\u0f3b": "B10",
		" ": "A03"
	},
	"altR": {
		" ": "A03"
	},
	"altR+shift": {
		"\u0f00": "E00",
		"\u0f76": "E01",
		"\u0f77": "E02",
		"\u0f78": "E03",
		"\u0f79": "E04",
		"\u0f73": "D08",
		"\u0f09": "E06",
		"\u0f0a": "E07",
		"\u0f0f": "E08",
		"\u0f10": "E09",
		"\u0f12": "E10",
		"\u0f0c": "E11",
		"\u0f13": "E12",
		"\u0f89": "D01",
		"\u0f88": "D02",
		"\u0fbe": "D03",
		"\u0f6a": "D04",
		"\u0f9a": "D05",
		"\u0fbf": "D06",
		"\u0f75": "D07",
		"\u0fc0": "D09",
		"\u0fc1": "D10",
		"\u0fc2": "D11",
		"\u0fc3": "D12",
		"\u0fc4": "C01",
		"\u0fc5": "C02",
		"\u0f9c": "C03",
		"\u0f57": "C04",
		"\u0fc6": "C05",
		"\u0fc7": "C06",
		"\u0fc8": "C07",
		"\u0f43": "C08",
		"\u0fc9": "C09",
		"\u0fca": "C10",
		"\u0fcb": "C11",
		"\u0f5c": "C12",
		"\u0fcc": "B01",
		"\u0fb5": "B02",
		"\u0fb9": "B03",
		"\u0f36": "B04",
		"\u0f82": "B05",
		"\u0f9e": "B06",
		"\u0f52": "B07",
		"\u0f9b": "B08",
		"\u0f8b": "B09",
		"\u0f8a": "B10",
		" ": "A03"
	}
}