{
	"lang": "Mongolian Cyrillic (Windows)",
	"": {
		"=": "E00",
		"\u2116": "E01",
		"-": "E02",
		"\"": "E03",
		"\u20ae": "E04",
		":": "E05",
		".": "E06",
		"_": "E07",
		",": "E08",
		"%": "E09",
		"?": "E10",
		"\u0435": "E11",
		"\u0449": "E12",
		"\u0444": "D01",
		"\u0446": "D02",
		"\u0443": "D03",
		"\u0436": "D04",
		"\u044d": "D05",
		"\u043d": "D06",
		"\u0433": "D07",
		"\u0448": "D08",
		"\u04af": "D09",
		"\u0437": "D10",
		"\u043a": "D11",
		"\u044a": "D12",
		"\u0439": "C01",
		"\u044b": "C02",
		"\u0431": "C03",
		"\u04e9": "C04",
		"\u0430": "C05",
		"\u0445": "C06",
		"\u0440": "C07",
		"\u043e": "C08",
		"\u043b": "C09",
		"\u0434": "C10",
		"\u043f": "C11",
		"\\": "B00",
		"\u044f": "B01",
		"\u0447": "B02",
		"\u0451": "B03",
		"\u0441": "B04",
		"\u043c": "B05",
		"\u0438": "B06",
		"\u0442": "B07",
		"\u044c": "B08",
		"\u0432": "B09",
		"\u044e": "B10",
		" ": "A03"
	},
	"shift": {
		"+": "E00",
		"1": "E01",
		"2": "E02",
		"3": "E03",
		"4": "E04",
		"5": "E05",
		"6": "E06",
		"7": "E07",
		"8": "E08",
		"9": "E09",
		"0": "E10",
		"\u0415": "E11",
		"\u0429": "E12",
		"\u0424": "D01",
		"\u0426": "D02",
		"\u0423": "D03",
		"\u0416": "D04",
		"\u042d": "D05",
		"\u041d": "D06",
		"\u0413": "D07",
		"\u0428": "D08",
		"\u04ae": "D09",
		"\u0417": "D10",
		"\u041a": "D11",
		"\u042a": "D12",
		"\u0419": "C01",
		"\u042b": "C02",
		"\u0411": "C03",
		"\u04e8": "C04",
		"\u0410": "C05",
		"\u0425": "C06",
		"\u0420": "C07",
		"\u041e": "C08",
		"\u041b": "C09",
		"\u0414": "C10",
		"\u041f": "C11",
		"|": "B00",
		"\u042f": "B01",
		"\u0427": "B02",
		"\u0401": "B03",
		"\u0421": "B04",
		"\u041c": "B05",
		"\u0418": "B06",
		"\u0422": "B07",
		"\u042c": "B08",
		"\u0412": "B09",
		"\u042e": "B10",
		" ": "A03"
	},
	"caps": {
		"=": "E00",
		"\u2116": "E01",
		"-": "E02",
		"\"": "E03",
		"\u20ae": "E04",
		":": "E05",
		".": "E06",
		"_": "E07",
		",": "E08",
		"%": "E09",
		"?": "E10",
		"\u0415": "E11",
		"\u0429": "E12",
		"\u0424": "D01",
		"\u0426": "D02",
		"\u0423": "D03",
		"\u0416": "D04",
		"\u042d": "D05",
		"\u041d": "D06",
		"\u0413": "D07",
		"\u0428": "D08",
		"\u04ae": "D09",
		"\u0417": "D10",
		"\u041a": "D11",
		"\u042a": "D12",
		"\u0419": "C01",
		"\u042b": "C02",
		"\u0411": "C03",
		"\u04e8": "C04",
		"\u0410": "C05",
		"\u0425": "C06",
		"\u0420": "C07",
		"\u041e": "C08",
		"\u041b": "C09",
		"\u0414": "C10",
		"\u041f": "C11",
		"\\": "B00",
		"\u042f": "B01",
		"\u0427": "B02",
		"\u0401": "B03",
		"\u0421": "B04",
		"\u041c": "B05",
		"\u0418": "B06",
		"\u0422": "B07",
		"\u042c": "B08",
		"\u0412": "B09",
		"\u042e": "B10",
		" ": "A03"
	},
	"caps+shift": {
		"+": "E00",
		"1": "E01",
		"2": "E02",
		"3": "E03",
		"4": "E04",
		"5": "E05",
		"6": "E06",
		"7": "E07",
		"8": "E08",
		"9": "E09",
		"0": "E10",
		"\u0435": "E11",
		"\u0449": "E12",
		"\u0444": "D01",
		"\u0446": "D02",
		"\u0443": "D03",
		"\u0436": "D04",
		"\u044d": "D05",
		"\u043d": "D06",
		"\u0433": "D07",
		"\u0448": "D08",
		"\u04af": "D09",
		"\u0437": "D10",
		"\u043a": "D11",
		"\u044a": "D12",
		"\u0439": "C01",
		"\u044b": "C02",
		"\u0431": "C03",
		"\u04e9": "C04",
		"\u0430": "C05",
		"\u0445": "C06",
		"\u0440": "C07",
		"\u043e": "C08",
		"\u043b": "C09",
		"\u0434": "C10",
		"\u043f": "C11",
		"|": "B00",
		"\u044f": "B01",
		"\u0447": "B02",
		"\u0451": "B03",
		"\u0441": "B04",
		"\u043c": "B05",
		"\u0438": "B06",
		"\u0442": "B07",
		"\u044c": "B08",
		"\u0432": "B09",
		"\u044e": "B10",
		" ": "A03"
	},
	"ctrl": {
		"\u001c": "B00",
		" ": "A03"
	}
}