{
	"lang": "Sora (Windows)",
	"": {
		"`": "E00",
		"\u10f1": "E01",
		"\u10f2": "E02",
		"\u10f3": "E03",
		"\u10f4": "E04",
		"\u10f5": "E05",
		"\u10f6": "E06",
		"\u10f7": "E07",
		"\u10f8": "E08",
		"\u10f9": "E09",
		"\u10f0": "E10",
		"-": "E11",
		"=": "E12",
		"\u10e7": "D02",
		"\u10e3": "D03",
		"\u10dd": "D04",
		"\u10d1": "D05",
		"\u10dc": "D06",
		"\u10e5": "D07",
		"\u10e4": "D08",
		"\u10e6": "D09",
		"\u10db": "D10",
		"[": "D11",
		"]": "D12",
		"\u10e2": "C01",
		"\u10d0": "C02",
		"\u10d4": "C03",
		"\u10d7": "C04",
		"\u10d5": "C05",
		"\u10de": "C06",
		"\u10e0": "C07",
		"\u10df": "C08",
		"\u10d8": "C09",
		";": "C10",
		"'": "C11",
		"\\": "B00",
		"\u10e8": "B01",
		"\u10e1": "B02",
		"\u10d3": "B03",
		"\u10da": "B04",
		"\u10d2": "B05",
		"\u10d9": "B06",
		"\u10d6": "B07",
		",": "B08",
		".": "B09",
		"/": "B10",
		" ": "A03"
	},
	"shift": {
		"~": "E00",
		"!": "E01",
		"@": "E02",
		"#": "E03",
		"$": "E04",
		"%": "E05",
		"^": "E06",
		"&": "E07",
		"*": "E08",
		"(": "E09",
		")": "E10",
		"_": "E11",
		"+": "E12",
		"{": "D11",
		"}": "D12",
		":": "C10",
		"\"": "C11",
		"|": "B00",
		"<": "B08",
		">": "B09",
		"?": "B10",
		" ": "A03"
	},
	"ctrl": {
		"\u001b": "D11",
		"\u001d": "D12",
		"\u001c": "B00"
	},
	"ctrl+shift": {
		"\u20b9": "E04"
	}
}