{
	"lang": "Old Italic (Windows)",
	"": {
		"\u0320": "E01",
		"\u0321": "E05",
		"\u0322": "E10",
		"\u0323": "E11",
		"\u0312": "D01",
		"\u0304": "D03",
		"\u0313": "D04",
		"\u0315": "D05",
		"\u0316": "D07",
		"\u0309": "D08",
		"\u030f": "D09",
		"\u0310": "D10",
		"\u0300": "C01",
		"\u0314": "C02",
		"\u0303": "C03",
		"\u0305": "C04",
		"\u0307": "C06",
		"\u030a": "C08",
		"\u030b": "C09",
		":": "C10",
		"\u0306": "B01",
		"\u0317": "B02",
		"\u0302": "B03",
		"\u0301": "B05",
		"\u030d": "B06",
		"\u030c": "B07",
		"\u00b7": "B09",
		" ": "A03"
	},
	"shift": {
		"\u031b": "D04",
		"\u0308": "D05",
		"\u031e": "D07",
		"\u031d": "D08",
		"\u0318": "D10",
		"\u0311": "C02",
		"\u031a": "C04",
		"\u0319": "C08",
		"\u205d": "C10",
		"\u030e": "B01",
		"\u031c": "B03",
		" ": "A03"
	}
}