{
	"lang": "United States-Dvorak for right hand (Windows)",
	"": {
		"`": "E00",
		"1": "E01",
		"2": "E02",
		"3": "E03",
		"4": "E04",
		"j": "E05",
		"l": "E06",
		"m": "E07",
		"f": "E08",
		"p": "E09",
		"/": "E10",
		"[": "E11",
		"]": "E12",
		"5": "D01",
		"6": "D02",
		"q": "D03",
		".": "D04",
		"o": "D05",
		"r": "D06",
		"s": "D07",
		"u": "D08",
		"y": "D09",
		"b": "D10",
		";": "D11",
		"=": "D12",
		"7": "C01",
		"8": "C02",
		"z": "C03",
		"a": "C04",
		"e": "C05",
		"h": "C06",
		"t": "C07",
		"d": "C08",
		"c": "C09",
		"k": "C10",
		"-": "C11",
		"\\": "B00",
		"9": "B01",
		"0": "B02",
		"x": "B03",
		",": "B04",
		"i": "B05",
		"n": "B06",
		"w": "B07",
		"v": "B08",
		"g": "B09",
		"'": "B10",
		" ": "A03"
	},
	"shift": {
		"~": "E00",
		"!": "E01",
		"@": "E02",
		"#": "E03",
		"$": "E04",
		"J": "E05",
		"L": "E06",
		"M": "E07",
		"F": "E08",
		"P": "E09",
		"?": "E10",
		"{": "E11",
		"}": "E12",
		"%": "D01",
		"^": "D02",
		"Q": "D03",
		">": "D04",
		"O": "D05",
		"R": "D06",
		"S": "D07",
		"U": "D08",
		"Y": "D09",
		"B": "D10",
		":": "D11",
		"+": "D12",
		"&": "C01",
		"*": "C02",
		"Z": "C03",
		"A": "C04",
		"E": "C05",
		"H": "C06",
		"T": "C07",
		"D": "C08",
		"C": "C09",
		"K": "C10",
		"_": "C11",
		"|": "B00",
		"(": "B01",
		")": "B02",
		"X": "B03",
		"<": "B04",
		"I": "B05",
		"N": "B06",
		"W": "B07",
		"V": "B08",
		"G": "B09",
		"\"": "B10",
		" ": "A03"
	},
	"caps": {
		"`": "E00",
		"1": "E01",
		"2": "E02",
		"3": "E03",
		"4": "E04",
		"J": "E05",
		"L": "E06",
		"M": "E07",
		"F": "E08",
		"P": "E09",
		"/": "E10",
		"[": "E11",
		"]": "E12",
		"5": "D01",
		"6": "D02",
		"Q": "D03",
		".": "D04",
		"O": "D05",
		"R": "D06",
		"S": "D07",
		"U": "D08",
		"Y": "D09",
		"B": "D10",
		";": "D11",
		"=": "D12",
		"7": "C01",
		"8": "C02",
		"Z": "C03",
		"A": "C04",
		"E": "C05",
		"H": "C06",
		"T": "C07",
		"D": "C08",
		"C": "C09",
		"K": "C10",
		"-": "C11",
		"\\": "B00",
		"9": "B01",
		"0": "B02",
		"X": "B03",
		",": "B04",
		"I": "B05",
		"N": "B06",
		"W": "B07",
		"V": "B08",
		"G": "B09",
		"'": "B10",
		" ": "A03"
	},
	"caps+shift": {
		"~": "E00",
		"!": "E01",
		"@": "E02",
		"#": "E03",
		"$": "E04",
		"j": "E05",
		"l": "E06",
		"m": "E07",
		"f": "E08",
		"p": "E09",
		"?": "E10",
		"{": "E11",
		"}": "E12",
		"%": "D01",
		"^": "D02",
		"q": "D03",
		">": "D04",
		"o": "D05",
		"r": "D06",
		"s": "D07",
		"u": "D08",
		"y": "D09",
		"b": "D10",
		":": "D11",
		"+": "D12",
		"&": "C01",
		"*": "C02",
		"z": "C03",
		"a": "C04",
		"e": "C05",
		"h": "C06",
		"t": "C07",
		"d": "C08",
		"c": "C09",
		"k": "C10",
		"_": "C11",
		"|": "B00",
		"(": "B01",
		")": "B02",
		"x": "B03",
		"<": "B04",
		"i": "B05",
		"n": "B06",
		"w": "B07",
		"v": "B08",
		"g": "B09",
		"\"": "B10",
		" ": "A03"
	},
	"ctrl": {
		"\u001b": "E11",
		"\u001d": "E12",
		"\u001c": "B00",
		" ": "A03"
	}
}