{
	"lang": "Belgian (Comma) (Windows)",
	"": {
		"\u00b2": "E00",
		"&": "E01",
		"\u00e9": "E02",
		"\"": "E03",
		"'": "E04",
		"(": "E05",
		"\u00a7": "E06",
		"\u00e8": "E07",
		"!": "E08",
		"\u00e7": "E09",
		"\u00e0": "E10",
		")": "E11",
		"-": "E12",
		"a": "D01",
		"z": "D02",
		"e": "D03",
		"r": "D04",
		"t": "D05",
		"y": "D06",
		"u": "D07",
		"i": "D08",
		"o": "D09",
		"p": "D10",
		"^": "D11",
		"$": "D12",
		"q": "C01",
		"s": "C02",
		"d": "C03",
		"f": "C04",
		"g": "C05",
		"h": "C06",
		"j": "C07",
		"k": "C08",
		"l": "C09",
		"m": "C10",
		"\u00f9": "C11",
		"\u00b5": "C12",
		"<": "B00",
		"w": "B01",
		"x": "B02",
		"c": "B03",
		"v": "B04",
		"b": "B05",
		"n": "B06",
		",": "B07",
		";": "B08",
		":": "B09",
		"=": "B10",
		" ": "A03"
	},
	"shift": {
		"\u00b3": "E00",
		"1": "E01",
		"2": "E02",
		"3": "E03",
		"4": "E04",
		"5": "E05",
		"6": "E06",
		"7": "E07",
		"8": "E08",
		"9": "E09",
		"0": "E10",
		"\u00b0": "E11",
		"_": "E12",
		"A": "D01",
		"Z": "D02",
		"E": "D03",
		"R": "D04",
		"T": "D05",
		"Y": "D06",
		"U": "D07",
		"I": "D08",
		"O": "D09",
		"P": "D10",
		"\u00a8": "D11",
		"*": "D12",
		"Q": "C01",
		"S": "C02",
		"D": "C03",
		"F": "C04",
		"G": "C05",
		"H": "C06",
		"J": "C07",
		"K": "C08",
		"L": "C09",
		"M": "C10",
		"%": "C11",
		"\u00a3": "C12",
		">": "B00",
		"W": "B01",
		"X": "B02",
		"C": "B03",
		"V": "B04",
		"B": "B05",
		"N": "B06",
		"?": "B07",
		".": "B08",
		"/": "B09",
		"+": "B10",
		" ": "A03"
	},
	"caps": {
		"\u00b2": "E00",
		"1": "E01",
		"2": "E02",
		"3": "E03",
		"4": "E04",
		"5": "E05",
		"6": "E06",
		"7": "E07",
		"8": "E08",
		"9": "E09",
		"0": "E10",
		"\u00b0": "E11",
		"_": "E12",
		"A": "D01",
		"Z": "D02",
		"E": "D03",
		"R": "D04",
		"T": "D05",
		"Y": "D06",
		"U": "D07",
		"I": "D08",
		"O": "D09",
		"P": "D10",
		"\u00a8": "D11",
		"*": "D12",
		"Q": "C01",
		"S": "C02",
		"D": "C03",
		"F": "C04",
		"G": "C05",
		"H": "C06",
		"J": "C07",
		"K": "C08",
		"L": "C09",
		"M": "C10",
		"%": "C11",
		"\u00a3": "C12",
		"<": "B00",
		"W": "B01",
		"X": "B02",
		"C": "B03",
		"V": "B04",
		"B": "B05",
		"N": "B06",
		"?": "B07",
		".": "B08",
		"/": "B09",
		"+": "B10",
		" ": "A03"
	},
	"caps+shift": {
		"\u00b3": "E00",
		"&": "E01",
		"\u00e9": "E02",
		"\"": "E03",
		"'": "E04",
		"(": "E05",
		"\u00a7": "E06",
		"\u00e8": "E07",
		"!": "E08",
		"\u00e7": "E09",
		"\u00e0": "E10",
		")": "E11",
		"-": "E12",
		"a": "D01",
		"z": "D02",
		"e": "D03",
		"r": "D04",
		"t": "D05",
		"y": "D06",
		"u": "D07",
		"i": "D08",
		"o": "D09",
		"p": "D10",
		"^": "D11",
		"$": "D12",
		"q": "C01",
		"s": "C02",
		"d": "C03",
		"f": "C04",
		"g": "C05",
		"h": "C06",
		"j": "C07",
		"k": "C08",
		"l": "C09",
		"m": "C10",
		"\u00f9": "C11",
		"\u00b5": "C12",
		">": "B00",
		"w": "B01",
		"x": "B02",
		"c": "B03",
		"v": "B04",
		"b": "B05",
		"n": "B06",
		",": "B07",
		";": "B08",
		":": "B09",
		"=": "B10",
		" ": "A03"
	},
	"altR": {
		"|": "E01",
		"@": "E02",
		"#": "E03",
		"{": "E09",
		"[": "D11",
		"^": "E06",
		"}": "E10",
		"\u20ac": "D03",
		"]": "D12",
		"\u00b4": "C11",
		"`": "C12",
		"\\": "B00",
		"~": "B10"
	},
	"altR+shift": {
		"\u00b4": "C11",
		"`": "C12",
		"~": "B10"
	},
	"ctrl": {
		"\u001b": "D11",
		"\u001d": "D12",
		"\u001c": "B00",
		" ": "A03"
	}
}