{
	"lang": "Lithuanian IBM (Windows)",
	"": {
		"`": "E00",
		"!": "E01",
		"\"": "E02",
		"/": "E03",
		";": "E04",
		":": "E05",
		",": "E06",
		".": "E07",
		"?": "E08",
		"(": "E09",
		")": "E10",
		"_": "E11",
		"+": "E12",
		"\u0105": "D01",
		"\u017e": "D02",
		"e": "D03",
		"r": "D04",
		"t": "D05",
		"y": "D06",
		"u": "D07",
		"i": "D08",
		"o": "D09",
		"p": "D10",
		"\u012f": "D11",
		"\u201c": "D12",
		"a": "C01",
		"s": "C02",
		"d": "C03",
		"f": "C04",
		"g": "C05",
		"h": "C06",
		"j": "C07",
		"k": "C08",
		"l": "C09",
		"\u0173": "C10",
		"\u0117": "C11",
		"|": "C12",
		"\\": "B00",
		"z": "B01",
		"\u016b": "B02",
		"c": "B03",
		"v": "B04",
		"b": "B05",
		"n": "B06",
		"m": "B07",
		"\u010d": "B08",
		"\u0161": "B09",
		"\u0119": "B10",
		" ": "A03"
	},
	"shift": {
		"~": "E00",
		"1": "E01",
		"2": "E02",
		"3": "E03",
		"4": "E04",
		"5": "E05",
		"6": "E06",
		"7": "E07",
		"8": "E08",
		"9": "E09",
		"0": "E10",
		"-": "E11",
		"=": "E12",
		"\u0104": "D01",
		"\u017d": "D02",
		"E": "D03",
		"R": "D04",
		"T": "D05",
		"Y": "D06",
		"U": "D07",
		"I": "D08",
		"O": "D09",
		"P": "D10",
		"\u012e": "D11",
		"\u201d": "D12",
		"A": "C01",
		"S": "C02",
		"D": "C03",
		"F": "C04",
		"G": "C05",
		"H": "C06",
		"J": "C07",
		"K": "C08",
		"L": "C09",
		"\u0172": "C10",
		"\u0116": "C11",
		"\\": "C12",
		"|": "B00",
		"Z": "B01",
		"\u016a": "B02",
		"C": "B03",
		"V": "B04",
		"B": "B05",
		"N": "B06",
		"M": "B07",
		"\u010c": "B08",
		"\u0160": "B09",
		"\u0118": "B10",
		" ": "A03"
	},
	"caps": {
		"`": "E00",
		"!": "E01",
		"\"": "E02",
		"/": "E03",
		";": "E04",
		":": "E05",
		",": "E06",
		".": "E07",
		"?": "E08",
		"(": "E09",
		")": "E10",
		"_": "E11",
		"+": "E12",
		"\u0104": "D01",
		"\u017d": "D02",
		"E": "D03",
		"R": "D04",
		"T": "D05",
		"Y": "D06",
		"U": "D07",
		"I": "D08",
		"O": "D09",
		"P": "D10",
		"\u012e": "D11",
		"\u201c": "D12",
		"A": "C01",
		"S": "C02",
		"D": "C03",
		"F": "C04",
		"G": "C05",
		"H": "C06",
		"J": "C07",
		"K": "C08",
		"L": "C09",
		"\u0172": "C10",
		"\u0116": "C11",
		"|": "C12",
		"\\": "B00",
		"Z": "B01",
		"\u016a": "B02",
		"C": "B03",
		"V": "B04",
		"B": "B05",
		"N": "B06",
		"M": "B07",
		"\u010c": "B08",
		"\u0160": "B09",
		"\u0118": "B10",
		" ": "A03"
	},
	"caps+shift": {
		"~": "E00",
		"1": "E01",
		"2": "E02",
		"3": "E03",
		"4": "E04",
		"5": "E05",
		"6": "E06",
		"7": "E07",
		"8": "E08",
		"9": "E09",
		"0": "E10",
		"-": "E11",
		"=": "E12",
		"\u0105": "D01",
		"\u017e": "D02",
		"e": "D03",
		"r": "D04",
		"t": "D05",
		"y": "D06",
		"u": "D07",
		"i": "D08",
		"o": "D09",
		"p": "D10",
		"\u012f": "D11",
		"\u201d": "D12",
		"a": "C01",
		"s": "C02",
		"d": "C03",
		"f": "C04",
		"g": "C05",
		"h": "C06",
		"j": "C07",
		"k": "C08",
		"l": "C09",
		"\u0173": "C10",
		"\u0117": "C11",
		"\\": "C12",
		"|": "B00",
		"z": "B01",
		"\u016b": "B02",
		"c": "B03",
		"v": "B04",
		"b": "B05",
		"n": "B06",
		"m": "B07",
		"\u010d": "B08",
		"\u0161": "B09",
		"\u0119": "B10",
		" ": "A03"
	},
	"altR": {
		"{": "E07",
		"[": "E08",
		"]": "E09",
		"}": "E10",
		"\u20ac": "D03"
	},
	"ctrl": {
		"\u001b": "D11",
		"\u001d": "D12",
		"\u001c": "B00",
		" ": "A03"
	}
}