{
	"lang": "Bulgarian (Typewriter) (Windows)",
	"": {
		"`": "E00",
		"1": "E01",
		"2": "E02",
		"3": "E03",
		"4": "E04",
		"5": "E05",
		"6": "E06",
		"7": "E07",
		"8": "E08",
		"9": "E09",
		"0": "E10",
		"-": "E11",
		".": "E12",
		",": "D01",
		"\u0443": "D02",
		"\u0435": "D03",
		"\u0438": "D04",
		"\u0448": "D05",
		"\u0449": "D06",
		"\u043a": "D07",
		"\u0441": "D08",
		"\u0434": "D09",
		"\u0437": "D10",
		"\u0446": "D11",
		";": "D12",
		"\u044c": "C01",
		"\u044f": "C02",
		"\u0430": "C03",
		"\u043e": "C04",
		"\u0436": "C05",
		"\u0433": "C06",
		"\u0442": "C07",
		"\u043d": "C08",
		"\u0432": "C09",
		"\u043c": "C10",
		"\u0447": "C11",
		"(": "C12",
		"\\": "B00",
		"\u044e": "B01",
		"\u0439": "B02",
		"\u044a": "B03",
		"\u044d": "B04",
		"\u0444": "B05",
		"\u0445": "B06",
		"\u043f": "B07",
		"\u0440": "B08",
		"\u043b": "B09",
		"\u0431": "B10",
		" ": "A03"
	},
	"shift": {
		"~": "E00",
		"!": "E01",
		"?": "E02",
		"+": "E03",
		"\"": "E04",
		"%": "E05",
		"=": "E06",
		":": "E07",
		"/": "E08",
		"_": "E09",
		"\u2116": "E10",
		"\u0406": "E11",
		"V": "E12",
		"\u044b": "D01",
		"\u0423": "D02",
		"\u0415": "D03",
		"\u0418": "D04",
		"\u0428": "D05",
		"\u0429": "D06",
		"\u041a": "D07",
		"\u0421": "D08",
		"\u0414": "D09",
		"\u0417": "D10",
		"\u0426": "D11",
		"\u00a7": "D12",
		"\u042c": "C01",
		"\u042f": "C02",
		"\u0410": "C03",
		"\u041e": "C04",
		"\u0416": "C05",
		"\u0413": "C06",
		"\u0422": "C07",
		"\u041d": "C08",
		"\u0412": "C09",
		"\u041c": "C10",
		"\u0427": "C11",
		")": "C12",
		"|": "B00",
		"\u042e": "B01",
		"\u0419": "B02",
		"\u042a": "B03",
		"\u042d": "B04",
		"\u0424": "B05",
		"\u0425": "B06",
		"\u041f": "B07",
		"\u0420": "B08",
		"\u041b": "B09",
		"\u0411": "B10",
		" ": "A03"
	},
	"caps": {
		"`": "E00",
		"1": "E01",
		"2": "E02",
		"3": "E03",
		"4": "E04",
		"5": "E05",
		"6": "E06",
		"7": "E07",
		"8": "E08",
		"9": "E09",
		"0": "E10",
		"-": "E11",
		".": "E12",
		",": "D01",
		"\u0423": "D02",
		"\u0415": "D03",
		"\u0418": "D04",
		"\u0428": "D05",
		"\u0429": "D06",
		"\u041a": "D07",
		"\u0421": "D08",
		"\u0414": "D09",
		"\u0417": "D10",
		"\u0426": "D11",
		";": "D12",
		"\u042c": "C01",
		"\u042f": "C02",
		"\u0410": "C03",
		"\u041e": "C04",
		"\u0416": "C05",
		"\u0413": "C06",
		"\u0422": "C07",
		"\u041d": "C08",
		"\u0412": "C09",
		"\u041c": "C10",
		"\u0427": "C11",
		"(": "C12",
		"\\": "B00",
		"\u042e": "B01",
		"\u0419": "B02",
		"\u042a": "B03",
		"\u042d": "B04",
		"\u0424": "B05",
		"\u0425": "B06",
		"\u041f": "B07",
		"\u0420": "B08",
		"\u041b": "B09",
		"\u0411": "B10",
		" ": "A03"
	},
	"caps+shift": {
		"~": "E00",
		"!": "E01",
		"?": "E02",
		"+": "E03",
		"\"": "E04",
		"%": "E05",
		"=": "E06",
		":": "E07",
		"/": "E08",
		"_": "E09",
		"\u2116": "E10",
		"\u0406": "E11",
		"V": "E12",
		"\u044b": "D01",
		"\u0443": "D02",
		"\u0435": "D03",
		"\u0438": "D04",
		"\u0448": "D05",
		"\u0449": "D06",
		"\u043a": "D07",
		"\u0441": "D08",
		"\u0434": "D09",
		"\u0437": "D10",
		"\u0446": "D11",
		"\u00a7": "D12",
		"\u044c": "C01",
		"\u044f": "C02",
		"\u0430": "C03",
		"\u043e": "C04",
		"\u0436": "C05",
		"\u0433": "C06",
		"\u0442": "C07",
		"\u043d": "C08",
		"\u0432": "C09",
		"\u043c": "C10",
		"\u0447": "C11",
		")": "C12",
		"|": "B00",
		"\u044e": "B01",
		"\u0439": "B02",
		"\u044a": "B03",
		"\u044d": "B04",
		"\u0444": "B05",
		"\u0445": "B06",
		"\u043f": "B07",
		"\u0440": "B08",
		"\u043b": "B09",
		"\u0431": "B10",
		" ": "A03"
	},
	"ctrl": {
		"\u001b": "D11",
		"\u001d": "D12",
		"\u001c": "B00",
		" ": "A03"
	}
}