{
	"lang": "Osmanya (Windows)",
	"": {
		"`": "E00",
		"\u04a1": "E01",
		"\u04a2": "E02",
		"\u04a3": "E03",
		"\u04a4": "E04",
		"\u04a5": "E05",
		"\u04a6": "E06",
		"\u04a7": "E07",
		"\u04a8": "E08",
		"\u04a9": "E09",
		"\u04a0": "E10",
		"-": "E11",
		"=": "E12",
		"\u048e": "D01",
		"\u0493": "D02",
		"\u0497": "D03",
		"\u0487": "D04",
		"\u0482": "D05",
		"\u0495": "D06",
		"\u049a": "D07",
		"\u0498": "D08",
		"\u0499": "D09",
		"[": "D11",
		"]": "D12",
		"\u0496": "C01",
		"\u0488": "C02",
		"\u0486": "C03",
		"\u048d": "C04",
		"\u048c": "C05",
		"\u0494": "C06",
		"\u0483": "C07",
		"\u048f": "C08",
		"\u0490": "C09",
		";": "C10",
		"'": "C11",
		"\\": "B00",
		"\u0480": "B01",
		"\u0484": "B02",
		"\u048b": "B03",
		"\u0481": "B05",
		"\u0492": "B06",
		"\u0491": "B07",
		",": "B08",
		".": "B09",
		"/": "B10",
		" ": "A03"
	},
	"shift": {
		"~": "E00",
		"!": "E01",
		"@": "E02",
		"#": "E03",
		"$": "E04",
		"%": "E05",
		"^": "E06",
		"&": "E07",
		"*": "E08",
		"(": "E09",
		")": "E10",
		"_": "E11",
		"+": "E12",
		"\u049c": "D03",
		"\u049d": "D09",
		"{": "D11",
		"}": "D12",
		"\u049b": "C01",
		"\u0489": "C02",
		"\u048a": "C03",
		"\u0485": "C08",
		":": "C10",
		"\"": "C11",
		"|": "B00",
		"<": "B08",
		">": "B09",
		"?": "B10",
		" ": "A03"
	},
	"caps": {
		"`": "E00",
		"\u04a1": "E01",
		"\u04a2": "E02",
		"\u04a3": "E03",
		"\u04a4": "E04",
		"\u04a5": "E05",
		"\u04a6": "E06",
		"\u04a7": "E07",
		"\u04a8": "E08",
		"\u04a9": "E09",
		"\u04a0": "E10",
		"-": "E11",
		"=": "E12",
		"\u048e": "D01",
		"\u0493": "D02",
		"\u049c": "D03",
		"\u0487": "D04",
		"\u0482": "D05",
		"\u0495": "D06",
		"\u049a": "D07",
		"\u0498": "D08",
		"\u049d": "D09",
		"[": "D11",
		"]": "D12",
		"\u049b": "C01",
		"\u0489": "C02",
		"\u048a": "C03",
		"\u048d": "C04",
		"\u048c": "C05",
		"\u0494": "C06",
		"\u0483": "C07",
		"\u0485": "C08",
		"\u0490": "C09",
		";": "C10",
		"'": "C11",
		"\\": "B00",
		"\u0480": "B01",
		"\u0484": "B02",
		"\u048b": "B03",
		"\u0481": "B05",
		"\u0492": "B06",
		"\u0491": "B07",
		",": "B08",
		".": "B09",
		"/": "B10",
		" ": "A03"
	},
	"caps+shift": {
		"~": "E00",
		"!": "E01",
		"@": "E02",
		"#": "E03",
		"$": "E04",
		"%": "E05",
		"^": "E06",
		"&": "E07",
		"*": "E08",
		"(": "E09",
		")": "E10",
		"_": "E11",
		"+": "E12",
		"\u0497": "D03",
		"\u0499": "D09",
		"{": "D11",
		"}": "D12",
		"\u0496": "C01",
		"\u0488": "C02",
		"\u0486": "C03",
		"\u048f": "C08",
		":": "C10",
		"\"": "C11",
		"|": "B00",
		"<": "B08",
		">": "B09",
		"?": "B10",
		" ": "A03"
	},
	"ctrl": {
		"\u001b": "D11",
		"\u001d": "D12",
		"\u001c": "B00",
		" ": "A03"
	}
}