{
	"lang": "Wolof (Windows)",
	"": {
		"\u00e3": "E00",
		"&": "E01",
		"\u00e9": "E02",
		"\"": "E03",
		"'": "E04",
		"(": "E05",
		"-": "E06",
		"\u00f1": "E07",
		"_": "E08",
		"\u014b": "E09",
		"\u00e0": "E10",
		")": "E11",
		"=": "E12",
		"a": "D01",
		"z": "D02",
		"e": "D03",
		"r": "D04",
		"t": "D05",
		"y": "D06",
		"u": "D07",
		"i": "D08",
		"o": "D09",
		"p": "D10",
		"^": "D11",
		"\u00f3": "D12",
		"q": "C01",
		"s": "C02",
		"d": "C03",
		"f": "C04",
		"g": "C05",
		"h": "C06",
		"j": "C07",
		"k": "C08",
		"l": "C09",
		"m": "C10",
		"\u00f9": "C11",
		"*": "C12",
		"<": "B00",
		"w": "B01",
		"x": "B02",
		"c": "B03",
		"v": "B04",
		"b": "B05",
		"n": "B06",
		",": "B07",
		";": "B08",
		":": "B09",
		"!": "B10",
		" ": "A03"
	},
	"shift": {
		"\u00c3": "E00",
		"1": "E01",
		"2": "E02",
		"3": "E03",
		"4": "E04",
		"5": "E05",
		"6": "E06",
		"7": "E07",
		"8": "E08",
		"9": "E09",
		"0": "E10",
		"\u00c9": "E11",
		"+": "E12",
		"A": "D01",
		"Z": "D02",
		"E": "D03",
		"R": "D04",
		"T": "D05",
		"Y": "D06",
		"U": "D07",
		"I": "D08",
		"O": "D09",
		"P": "D10",
		"\u00a8": "D11",
		"\u00d3": "D12",
		"Q": "C01",
		"S": "C02",
		"D": "C03",
		"F": "C04",
		"G": "C05",
		"H": "C06",
		"J": "C07",
		"K": "C08",
		"L": "C09",
		"M": "C10",
		"\u00c0": "C11",
		"\u00d1": "C12",
		">": "B00",
		"W": "B01",
		"X": "B02",
		"C": "B03",
		"V": "B04",
		"B": "B05",
		"N": "B06",
		"?": "B07",
		".": "B08",
		"/": "B09",
		"\u014a": "B10",
		" ": "A03"
	},
	"caps": {
		"\u00c3": "E00",
		"1": "E01",
		"2": "E02",
		"3": "E03",
		"4": "E04",
		"5": "E05",
		"6": "E06",
		"7": "E07",
		"8": "E08",
		"9": "E09",
		"0": "E10",
		"\u00c9": "E11",
		"+": "E12",
		"A": "D01",
		"Z": "D02",
		"E": "D03",
		"R": "D04",
		"T": "D05",
		"Y": "D06",
		"U": "D07",
		"I": "D08",
		"O": "D09",
		"P": "D10",
		"^": "D11",
		"\u00d3": "D12",
		"Q": "C01",
		"S": "C02",
		"D": "C03",
		"F": "C04",
		"G": "C05",
		"H": "C06",
		"J": "C07",
		"K": "C08",
		"L": "C09",
		"M": "C10",
		"\u00f9": "C11",
		"\u00d1": "C12",
		"<": "B00",
		"W": "B01",
		"X": "B02",
		"C": "B03",
		"V": "B04",
		"B": "B05",
		"N": "B06",
		"?": "B07",
		".": "B08",
		"/": "B09",
		"\u014a": "B10",
		" ": "A03"
	},
	"caps+shift": {
		"\u00e3": "E00",
		"&": "E01",
		"\u00e9": "E02",
		"\"": "E03",
		"'": "E04",
		"(": "E05",
		"-": "E06",
		"\u00f1": "E07",
		"_": "E08",
		"\u014b": "E09",
		"\u00e0": "E10",
		")": "E11",
		"=": "E12",
		"a": "D01",
		"z": "D02",
		"e": "D03",
		"r": "D04",
		"t": "D05",
		"y": "D06",
		"u": "D07",
		"i": "D08",
		"o": "D09",
		"p": "D10",
		"\u00a8": "D11",
		"\u00f3": "D12",
		"q": "C01",
		"s": "C02",
		"d": "C03",
		"f": "C04",
		"g": "C05",
		"h": "C06",
		"j": "C07",
		"k": "C08",
		"l": "C09",
		"m": "C10",
		"\u00c0": "C11",
		"*": "C12",
		">": "B00",
		"w": "B01",
		"x": "B02",
		"c": "B03",
		"v": "B04",
		"b": "B05",
		"n": "B06",
		",": "B07",
		";": "B08",
		":": "B09",
		"!": "B10",
		" ": "A03"
	},
	"altR": {
		"~": "E02",
		"#": "E03",
		"{": "E04",
		"[": "E05",
		"|": "E06",
		"`": "E07",
		"\\": "E08",
		"^": "E09",
		"@": "E10",
		"]": "E11",
		"}": "E12",
		"\u20ac": "D03",
		"\u00a4": "D12"
	},
	"ctrl": {
		"\u001b": "D11",
		"\u001d": "D12",
		"\u001c": "B00",
		" ": "A03"
	}
}