{
	"lang": "Thai Kedmanee (non-ShiftLock) (Windows)",
	"": {
		"_": "E00",
		"\u0e45": "E01",
		"/": "E02",
		"-": "E03",
		"\u0e20": "E04",
		"\u0e16": "E05",
		"\u0e38": "E06",
		"\u0e36": "E07",
		"\u0e04": "E08",
		"\u0e15": "E09",
		"\u0e08": "E10",
		"\u0e02": "E11",
		"\u0e0a": "E12",
		"\u0e46": "D01",
		"\u0e44": "D02",
		"\u0e33": "D03",
		"\u0e1e": "D04",
		"\u0e30": "D05",
		"\u0e31": "D06",
		"\u0e35": "D07",
		"\u0e23": "D08",
		"\u0e19": "D09",
		"\u0e22": "D10",
		"\u0e1a": "D11",
		"\u0e25": "D12",
		"\u0e1f": "C01",
		"\u0e2b": "C02",
		"\u0e01": "C03",
		"\u0e14": "C04",
		"\u0e40": "C05",
		"\u0e49": "C06",
		"\u0e48": "C07",
		"\u0e32": "C08",
		"\u0e2a": "C09",
		"\u0e27": "C10",
		"\u0e07": "C11",
		"\u0e03": "B00",
		"\u0e1c": "B01",
		"\u0e1b": "B02",
		"\u0e41": "B03",
		"\u0e2d": "B04",
		"\u0e34": "B05",
		"\u0e37": "B06",
		"\u0e17": "B07",
		"\u0e21": "B08",
		"\u0e43": "B09",
		"\u0e1d": "B10",
		" ": "A03"
	},
	"shift": {
		"%": "E00",
		"+": "E01",
		"\u0e51": "E02",
		"\u0e52": "E03",
		"\u0e53": "E04",
		"\u0e54": "E05",
		"\u0e39": "E06",
		"\u0e3f": "E07",
		"\u0e55": "E08",
		"\u0e56": "E09",
		"\u0e57": "E10",
		"\u0e58": "E11",
		"\u0e59": "E12",
		"\u0e50": "D01",
		"\"": "D02",
		"\u0e0e": "D03",
		"\u0e11": "D04",
		"\u0e18": "D05",
		"\u0e4d": "D06",
		"\u0e4a": "D07",
		"\u0e13": "D08",
		"\u0e2f": "D09",
		"\u0e0d": "D10",
		"\u0e10": "D11",
		",": "D12",
		"\u0e24": "C01",
		"\u0e06": "C02",
		"\u0e0f": "C03",
		"\u0e42": "C04",
		"\u0e0c": "C05",
		"\u0e47": "C06",
		"\u0e4b": "C07",
		"\u0e29": "C08",
		"\u0e28": "C09",
		"\u0e0b": "C10",
		".": "C11",
		"\u0e05": "B00",
		"(": "B01",
		")": "B02",
		"\u0e09": "B03",
		"\u0e2e": "B04",
		"\u0e3a": "B05",
		"\u0e4c": "B06",
		"?": "B07",
		"\u0e12": "B08",
		"\u0e2c": "B09",
		"\u0e26": "B10",
		" ": "A03"
	},
	"ctrl": {
		"\u001b": "D11",
		"\u001d": "D12",
		"\u001c": "B00",
		" ": "A03"
	}
}