{
	"lang": "Khmer (NIDA) (Windows)",
	"": {
		"\u00ab": "E00",
		"\u17e1": "E01",
		"\u17e2": "E02",
		"\u17e3": "E03",
		"\u17e4": "E04",
		"\u17e5": "E05",
		"\u17e6": "E06",
		"\u17e7": "E07",
		"\u17e8": "E08",
		"\u17e9": "E09",
		"\u17e0": "E10",
		"\u17a5": "E11",
		"\u17b2": "E12",
		"\u1786": "D01",
		"\u17b9": "D02",
		"\u17c1": "D03",
		"\u179a": "D04",
		"\u178f": "D05",
		"\u1799": "D06",
		"\u17bb": "D07",
		"\u17b7": "D08",
		"\u17c4": "D09",
		"\u1795": "D10",
		"\u17c0": "D11",
		"\u17aa": "D12",
		"\u17b6": "C01",
		"\u179f": "C02",
		"\u178a": "C03",
		"\u1790": "C04",
		"\u1784": "C05",
		"\u17a0": "C06",
		"\u17d2": "C07",
		"\u1780": "C08",
		"\u179b": "C09",
		"\u17be": "C10",
		"\u17cb": "C11",
		"\u17ae": "C12",
		"\u178b": "B01",
		"\u1781": "B02",
		"\u1785": "B03",
		"\u179c": "B04",
		"\u1794": "B05",
		"\u1793": "B06",
		"\u1798": "B07",
		"\u17bb\u17c6": "B08",
		"\u17d4": "B09",
		"\u17ca": "B10",
		"\u200b": "A03"
	},
	"shift": {
		"\u00bb": "E00",
		"!": "E01",
		"\u17d7": "E02",
		"\"": "E03",
		"\u17db": "E04",
		"%": "E05",
		"\u17cd": "E06",
		"\u17d0": "E07",
		"\u17cf": "E08",
		"(": "E09",
		")": "E10",
		"\u17cc": "E11",
		"=": "E12",
		"\u1788": "D01",
		"\u17ba": "D02",
		"\u17c2": "D03",
		"\u17ac": "D04",
		"\u1791": "D05",
		"\u17bd": "D06",
		"\u17bc": "D07",
		"\u17b8": "D08",
		"\u17c5": "D09",
		"\u1797": "D10",
		"\u17bf": "D11",
		"\u17a7": "D12",
		"\u17b6\u17c6": "C01",
		"\u17c3": "C02",
		"\u178c": "C03",
		"\u1792": "C04",
		"\u17a2": "C05",
		"\u17c7": "C06",
		"\u1789": "C07",
		"\u1782": "C08",
		"\u17a1": "C09",
		"\u17c4\u17c7": "C10",
		"\u17c9": "C11",
		"\u17ad": "C12",
		"\u178d": "B01",
		"\u1783": "B02",
		"\u1787": "B03",
		"\u17c1\u17c7": "B04",
		"\u1796": "B05",
		"\u178e": "B06",
		"\u17c6": "B07",
		"\u17bb\u17c7": "B08",
		"\u17d5": "B09",
		"?": "B10",
		" ": "A03"
	},
	"altR": {
		"\u200d": "E00",
		"\u200c": "E01",
		"@": "E02",
		"\u17d1": "E03",
		"$": "E04",
		"\u20ac": "E05",
		"\u17d9": "E06",
		"\u17da": "E07",
		"*": "E08",
		"{": "E09",
		"}": "E10",
		"\u00d7": "E11",
		"\u17ce": "E12",
		"\u17af": "D03",
		"\u17ab": "D04",
		"\u17a6": "D08",
		"\u17b1": "D09",
		"\u17b0": "D10",
		"\u17a9": "D11",
		"\u17b3": "D12",
		"\u17d6": "C10",
		"\u17c8": "C11",
		"\\": "C12",
		",": "B08",
		".": "B09",
		"/": "B10",
		"\u00a0": "A03"
	}
}