{
	"lang": "Tifinagh (Extended) (Windows)",
	"": {
		"\u00b2": "E00",
		"&": "E01",
		"\u2d52": "E02",
		"\"": "E03",
		"'": "E04",
		"(": "E05",
		"-": "E06",
		"\u2d64": "E07",
		"_": "E08",
		"\u2014": "E09",
		"\u200c": "E10",
		")": "E11",
		"=": "E12",
		"\u2d30": "D01",
		"\u2d63": "D02",
		"\u2d3b": "D03",
		"\u2d54": "D04",
		"\u2d5c": "D05",
		"\u2d62": "D06",
		"\u2d53": "D07",
		"\u2d49": "D08",
		"\u2d44": "D09",
		"\u2d43": "D10",
		"\u2d6f": "D11",
		"$": "D12",
		"\u2d47": "C01",
		"\u2d59": "C02",
		"\u2d37": "C03",
		"\u2d3c": "C04",
		"\u2d33": "C05",
		"\u2d40": "C06",
		"\u2d4a": "C07",
		"\u2d3d": "C08",
		"\u2d4d": "C09",
		"\u2d4e": "C10",
		"\u2d51": "C11",
		"*": "C12",
		"<": "B00",
		"\u2d61": "B01",
		"\u2d45": "B02",
		"\u2d5b": "B03",
		"\u2d56": "B04",
		"\u2d31": "B05",
		"\u2d4f": "B06",
		",": "B07",
		";": "B08",
		":": "B09",
		"!": "B10",
		" ": "A03"
	},
	"shift": {
		"\u200d": "E00",
		"1": "E01",
		"2": "E02",
		"3": "E03",
		"4": "E04",
		"5": "E05",
		"6": "E06",
		"7": "E07",
		"8": "E08",
		"9": "E09",
		"0": "E10",
		"\u00b0": "E11",
		"+": "E12",
		"\u2d36": "D01",
		"\u2d65": "D02",
		"\u2d57": "D03",
		"\u2d55": "D04",
		"\u2d5f": "D05",
		"\u2d42": "D06",
		"\u2d4c": "D07",
		"\u2d58": "D08",
		"\u2d5d": "D09",
		"\u2d5e": "D10",
		"\u2d60": "D11",
		"\u00a3": "D12",
		"\u2d48": "C01",
		"\u2d5a": "C02",
		"\u2d39": "C03",
		"\u2d35": "C04",
		"\u2d33\u2d6f": "C05",
		"\u2d41": "C06",
		"\u2d4b": "C07",
		"\u2d3d\u2d6f": "C08",
		"\u2d38": "C09",
		"\u2d3a": "C10",
		"%": "C11",
		"\u00b5": "C12",
		">": "B00",
		"\u2d3e": "B01",
		"\u2d46": "B02",
		"\u2d3f": "B03",
		"\u2d34": "B04",
		"\u2d32": "B05",
		"\u2d50": "B06",
		"?": "B07",
		".": "B08",
		"/": "B09",
		"\u00a7": "B10",
		" ": "A03"
	},
	"altR": {
		"~": "E02",
		"#": "E03",
		"{": "E04",
		"[": "E05",
		"|": "E06",
		"\\": "E08",
		"^": "E09",
		"@": "E10",
		"]": "E11",
		"}": "E12",
		"\u20ac": "D03",
		"\u00a4": "D12"
	}
}