{
	"lang": "Inuktitut - Naqittaut (Windows)",
	"": {
		"`": "E00",
		"1": "E01",
		"2": "E02",
		"3": "E03",
		"4": "E04",
		"5": "E05",
		"6": "E06",
		"7": "E07",
		"8": "E08",
		"9": "E09",
		"0": "E10",
		"-": "E11",
		"=": "E12",
		"q": "D01",
		"w": "D02",
		"e": "D03",
		"r": "D04",
		"t": "D05",
		"y": "D06",
		"u": "D07",
		"i": "D08",
		"o": "D09",
		"p": "D10",
		"[": "D11",
		"]": "D12",
		"a": "C01",
		"s": "C02",
		"d": "C03",
		"f": "C04",
		"g": "C05",
		"h": "C06",
		"j": "C07",
		"k": "C08",
		"l": "C09",
		";": "C10",
		"'": "C11",
		"\\": "B00",
		"z": "B01",
		"x": "B02",
		"c": "B03",
		"v": "B04",
		"b": "B05",
		"n": "B06",
		"m": "B07",
		",": "B08",
		".": "B09",
		"/": "B10",
		" ": "A03"
	},
	"shift": {
		"~": "E00",
		"!": "E01",
		"@": "E02",
		"#": "E03",
		"$": "E04",
		"%": "E05",
		"^": "E06",
		"&": "E07",
		"*": "E08",
		"(": "E09",
		")": "E10",
		"_": "E11",
		"+": "E12",
		"Q": "D01",
		"W": "D02",
		"E": "D03",
		"R": "D04",
		"T": "D05",
		"Y": "D06",
		"U": "D07",
		"I": "D08",
		"O": "D09",
		"P": "D10",
		"{": "D11",
		"[": "D12",
		"A": "C01",
		"S": "C02",
		"D": "C03",
		"F": "C04",
		"G": "C05",
		"H": "C06",
		"J": "C07",
		"K": "C08",
		"L": "C09",
		":": "C10",
		"\"": "C11",
		"|": "B00",
		"Z": "B01",
		"X": "B02",
		"C": "B03",
		"V": "B04",
		"B": "B05",
		"N": "B06",
		"M": "B07",
		"<": "B08",
		">": "B09",
		"?": "B10",
		" ": "A03"
	},
	"caps": {
		"`": "E00",
		"\u1595": "E01",
		"\u1449": "E02",
		"\u1550": "E03",
		"\u1483": "E04",
		"\u1466": "E05",
		"\u1585": "E06",
		"\u14bb": "E07",
		"\u14d0": "E08",
		"\u14ea": "E09",
		"\u153e": "E10",
		"\u2212": "E11",
		"\u155d": "E12",
		"\u158f": "D01",
		"\u1403": "D02",
		"\u157f": "D03",
		"\u146d": "D04",
		"\u144e": "D05",
		"\u14ef": "D06",
		"\u14a5": "D07",
		"\u14c2": "D08",
		"\u14d5": "D09",
		"\u1528": "D10",
		"\u14a1": "D11",
		"]": "D12",
		"\u1591": "C01",
		"\u1405": "C02",
		"\u1581": "C03",
		"\u146f": "C04",
		"\u1450": "C05",
		"\u14f1": "C06",
		"\u14a7": "C07",
		"\u14c4": "C08",
		"\u14d7": "C09",
		";": "C10",
		"'": "C11",
		"/": "B00",
		"\u1593": "B01",
		"\u140a": "B02",
		"\u1583": "B03",
		"\u1472": "B04",
		"\u1455": "B05",
		"\u14f4": "B06",
		"\u14aa": "B07",
		",": "B08",
		".": "B09",
		"\u152d": "B10",
		" ": "A03"
	},
	"caps+shift": {
		"~": "E00",
		"\u148b": "D01",
		"\u1431": "D02",
		"\u1546": "D03",
		"\u1595": "D04",
		"\u1671": "D05",
		"\u1673": "D06",
		"\u1675": "D07",
		"\u15a4": "D08",
		"\u15a0": "D09",
		"\u15a6": "D10",
		"\u1505": "D11",
		"[": "D12",
		"\u148d": "C01",
		"\u1433": "C02",
		"\u1548": "C03",
		"\u1555": "C04",
		"(": "C05",
		")": "C06",
		"\u152a": "C07",
		"\u1557": "C08",
		"\u15a2": "C09",
		":": "C10",
		"\"": "C11",
		"\u1490": "B01",
		"\u1438": "B02",
		"\u154b": "B03",
		"?": "B04",
		"\u157c": "B05",
		"\u14c7": "B06",
		"\u14da": "B07",
		"<": "B08",
		">": "B09",
		"\u1559": "B10",
		" ": "A03"
	},
	"altR": {
		"!": "E01",
		"@": "E02",
		"#": "E03",
		"$": "E04",
		"%": "E05",
		"*": "E06",
		"&": "E07",
		"\u2022": "E08",
		"[": "E09",
		"]": "E10",
		"=": "E12",
		"\u1590": "D01",
		"\u1404": "D02",
		"\u1580": "D03",
		"\u146e": "D04",
		"\u144f": "D05",
		"\u14f0": "D06",
		"\u14a6": "D07",
		"\u14c3": "D08",
		"\u14d6": "D09",
		"\u1529": "D10",
		"\u201c": "D11",
		"\u2018": "D12",
		"\u1592": "C01",
		"\u1406": "C02",
		"\u1582": "C03",
		"\u1470": "C04",
		"\u1451": "C05",
		"\u14f2": "C06",
		"\u14a8": "C07",
		"\u14c5": "C08",
		"\u14d8": "C09",
		"\u014b": "C10",
		"\u0142": "C11",
		"\u1594": "B01",
		"\u140b": "B02",
		"\u1584": "B03",
		"\u1473": "B04",
		"\u1456": "B05",
		"\u14f5": "B06",
		"\u14ab": "B07",
		"\u152e": "B10"
	},
	"altR+shift": {
		"~": "E00",
		"\u00a2": "E01",
		"\u00ae": "E02",
		"\u00bc": "E03",
		"\u00bd": "E04",
		"\u00be": "E05",
		"^": "E06",
		"\u2154": "E07",
		"\u00a9": "E08",
		"\u00f7": "E09",
		"+": "E10",
		"\u148c": "D01",
		"\u1432": "D02",
		"\u1547": "D03",
		"\u1672": "D05",
		"\u1674": "D06",
		"\u1676": "D07",
		"\u15a5": "D08",
		"\u15a1": "D09",
		"\u201d": "D11",
		"\u2019": "D12",
		"\u148e": "C01",
		"\u1434": "C02",
		"\u1549": "C03",
		"\u1556": "C04",
		"\u152b": "C07",
		"\u1558": "C08",
		"\u15a3": "C09",
		"\u0141": "C11",
		"|": "B00",
		"\u1491": "B01",
		"\u1439": "B02",
		"\u154c": "B03",
		"{": "B04",
		"}": "B05",
		"\u14c8": "B06",
		"\u14db": "B07",
		"\u155a": "B10"
	},
	"ctrl": {
		" ": "A03"
	}
}