{
	"lang": "Khmer (Windows)",
	"": {
		"\u200c": "E00",
		"\u17e1": "E01",
		"\u17e2": "E02",
		"\u17e3": "E03",
		"\u17e4": "E04",
		"\u17e5": "E05",
		"\u17e6": "E06",
		"\u17e7": "E07",
		"\u17e8": "E08",
		"\u17e9": "E09",
		"\u17e0": "E10",
		"-": "E11",
		"=": "E12",
		"\u1786": "D01",
		"\u17b9": "D02",
		"\u17c1": "D03",
		"\u179a": "D04",
		"\u178f": "D05",
		"\u1799": "D06",
		"\u17bb": "D07",
		"\u17b7": "D08",
		"\u17c4": "D09",
		"\u1795": "D10",
		"\u17be": "D11",
		"\u17bf": "D12",
		"\u17b6": "C01",
		"\u179f": "C02",
		"\u178a": "C03",
		"\u1790": "C04",
		"\u1784": "C05",
		"\u17a0": "C06",
		"\u1789": "C07",
		"\u1780": "C08",
		"\u179b": "C09",
		"\u17c8": "C10",
		"\u17cb": "C11",
		"\\": "C12",
		"\u178b": "B01",
		"\u1781": "B02",
		"\u1785": "B03",
		"\u179c": "B04",
		"\u1794": "B05",
		"\u1793": "B06",
		"\u1798": "B07",
		"\u17a2": "B08",
		"\u17d4": "B09",
		"\u200b": "B10",
		"\u17d2": "A03"
	},
	"shift": {
		"\u200d": "E00",
		"!": "E01",
		"\u17d7": "E02",
		"\u17ca": "E03",
		"\u17db": "E04",
		"\u17d0": "E05",
		"\u17cc": "E06",
		"\u17cd": "E07",
		"\u17cf": "E08",
		"\u17ce": "E09",
		"\u17d1": "E10",
		"_": "E11",
		"+": "E12",
		"\u1788": "D01",
		"\u17ba": "D02",
		"\u17c2": "D03",
		"\u17ac": "D04",
		"\u1791": "D05",
		"\u17bd": "D06",
		"\u17bc": "D07",
		"\u17b8": "D08",
		"\u17c5": "D09",
		"\u1797": "D10",
		"\u17c4\u17c7": "D11",
		"\u17c0": "D12",
		"\u17c3": "C01",
		"\u17b6\u17c6": "C02",
		"\u178c": "C03",
		"\u1792": "C04",
		"\u17bb\u17c7": "C05",
		"\u17c7": "C06",
		"\u17bb\u17c6": "C07",
		"\u1782": "C08",
		"\u17a1": "C09",
		"\u17d6": "C10",
		"\u17c9": "C11",
		"/": "C12",
		"\u178d": "B01",
		"\u1783": "B02",
		"\u1787": "B03",
		"\u17c1\u17c7": "B04",
		"\u1796": "B05",
		"\u178e": "B06",
		"\u17c6": "B07",
		",": "B08",
		".": "B09",
		"?": "B10",
		" ": "A03"
	},
	"altR": {
		"\u17d9": "E00",
		"1": "E01",
		"2": "E02",
		"3": "E03",
		"4": "E04",
		"5": "E05",
		"6": "E06",
		"7": "E07",
		"8": "E08",
		"9": "E09",
		"0": "E10",
		"{": "E11",
		"}": "E12",
		"*": "D01",
		"\u17af": "D03",
		"\u17ab": "D04",
		"\u17a6": "D05",
		"\u17a7": "D07",
		"\u17a5": "D08",
		"\u17b1": "D09",
		"\u17b3": "D10",
		"[": "D11",
		"]": "D12",
		"\u17a9": "C01",
		"\u17aa": "C02",
		"\u17ae": "C07",
		"\u17ad": "C08",
		"\u17b0": "C09",
		";": "C10",
		"\u17dd": "C11",
		"\u17da": "C12",
		"#": "B01",
		"@": "B02",
		"&": "B03",
		"$": "B04",
		"%": "B05",
		"(": "B06",
		")": "B07",
		"\u2039": "B08",
		"\u203a": "B09",
		"\u17d5": "B10"
	},
	"altR+shift": {
		"\u19e0": "E00",
		"\u19e1": "E01",
		"\u19e2": "E02",
		"\u19e3": "E03",
		"\u19e4": "E04",
		"\u19e5": "E05",
		"\u19e6": "E06",
		"\u19e7": "E07",
		"\u19e8": "E08",
		"\u19e9": "E09",
		"\u19ea": "E10",
		"\u19eb": "E11",
		"\u19ec": "E12",
		"\u19ed": "D01",
		"\u19ee": "D02",
		"\u19ef": "D03",
		"\u17f0": "D04",
		"\u17f1": "D05",
		"\u17f2": "D06",
		"\u17f3": "D07",
		"\u17f4": "D08",
		"\u17f5": "D09",
		"\u17f6": "D10",
		"\u17f7": "D11",
		"\u17f8": "D12",
		"\u19f0": "C01",
		"\u19f1": "C02",
		"\u19f2": "C03",
		"\u19f3": "C04",
		"\u19f4": "C05",
		"\u19f5": "C06",
		"\u19f6": "C07",
		"\u19f7": "C08",
		"\u19f8": "C09",
		"\u19f9": "C10",
		"\u19fa": "C11",
		"\u17f9": "C12",
		"\u19fb": "B01",
		"\u19fc": "B02",
		"\u19fd": "B03",
		"\u19fe": "B04",
		"\u19ff": "B05",
		"\u179d": "B09",
		"\u179e": "B10"
	},
	"ctrl": {
		"\u0e3f": "E00",
		"\u20ad": "E01",
		"\u20ac": "E02",
		"\u20ab": "E03",
		"\u20a3": "E04",
		"\u00a5": "E05",
		"\u00a3": "E07",
		"\u2014": "E10",
		"\u2022": "E11",
		"\u00ad": "E12",
		":": "C10",
		"\u00ab": "C11",
		"/": "C12",
		"\u2019": "B07",
		"<": "B08",
		">": "B09",
		"\u201d": "B10"
	}
}