{
	"lang": "Macedonian (600dpi) (Android)",
	"": {
		"\u0459": "D01",
		"\u045a": "D02",
		"\u0435": "D03",
		"\u0440": "D04",
		"\u0442": "D05",
		"\u0455": "D06",
		"\u0443": "D07",
		"\u0438": "D08",
		"\u043e": "D09",
		"\u043f": "D10",
		"\u0448": "D11",
		"\u0430": "C01",
		"\u0441": "C02",
		"\u0434": "C03",
		"\u0444": "C04",
		"\u0433": "C05",
		"\u0445": "C06",
		"\u0458": "C07",
		"\u043a": "C08",
		"\u043b": "C09",
		"\u0447": "C10",
		"\u045c": "C11",
		"\u0437": "B01",
		"\u045f": "B02",
		"\u0446": "B03",
		"\u0432": "B04",
		"\u0431": "B05",
		"\u043d": "B06",
		"\u043c": "B07",
		"\u0453": "B08",
		"\u0436": "B09",
		"!": "B10",
		"?": "B11",
		"/": "A01",
		" ": "A02",
		",": "A03",
		".": "A04"
	},
	"shift": {
		"\u0409": "D01",
		"\u040a": "D02",
		"\u0415": "D03",
		"\u0420": "D04",
		"\u0422": "D05",
		"\u0405": "D06",
		"\u0423": "D07",
		"\u0418": "D08",
		"\u041e": "D09",
		"\u041f": "D10",
		"\u0428": "D11",
		"\u0410": "C01",
		"\u0421": "C02",
		"\u0414": "C03",
		"\u0424": "C04",
		"\u0413": "C05",
		"\u0425": "C06",
		"\u0408": "C07",
		"\u041a": "C08",
		"\u041b": "C09",
		"\u0427": "C10",
		"\u040c": "C11",
		"\u0417": "B01",
		"\u040f": "B02",
		"\u0426": "B03",
		"\u0412": "B04",
		"\u0411": "B05",
		"\u041d": "B06",
		"\u041c": "B07",
		"\u0403": "B08",
		"\u0416": "B09",
		"!": "B10",
		"?": "B11",
		"/": "A01",
		" ": "A02",
		",": "A03",
		".": "A04"
	},
	"opt": {
		"1": "D01",
		"2": "D02",
		"3": "D03",
		"4": "D04",
		"5": "D05",
		"6": "D06",
		"7": "D07",
		"8": "D08",
		"9": "D09",
		"0": "D10",
		"@": "C01",
		"#": "C02",
		"$": "C03",
		"%": "C04",
		"&": "C05",
		"-": "C06",
		"+": "C07",
		"(": "C08",
		")": "C09",
		"\\": "B01",
		"=": "B02",
		"*": "B03",
		"\"": "B04",
		"'": "B05",
		":": "B06",
		";": "B07",
		"!": "B08",
		"?": "B09",
		"_": "A00",
		"/": "A01",
		" ": "A02",
		",": "A03",
		".": "A04"
	},
	"opt+shift": {
		"~": "D01",
		"`": "D02",
		"|": "D03",
		"\u2022": "D04",
		"\u221a": "D05",
		"\u03a0": "D06",
		"\u00f7": "D07",
		"\u00d7": "D08",
		"\u00b6": "D09",
		"\u2206": "D10",
		"\u00a3": "C01",
		"\u00a2": "C02",
		"\u20ac": "C03",
		"\u00a5": "C04",
		"^": "C05",
		"\u00b0": "C06",
		"=": "C07",
		"{": "C08",
		"}": "C09",
		"\\": "B01",
		"\u00a9": "B02",
		"\u00ae": "B03",
		"\u2122": "B04",
		"\u2105": "B05",
		"[": "B06",
		"]": "B07",
		"\u00a1": "B08",
		"\u00bf": "B09",
		"<": "A00",
		">": "A01",
		" ": "A02",
		",": "A03",
		".": "A04"
	}
}