{
	"lang": "Armenian (600dpi) (Android)",
	"": {
		"\u0567": "E01",
		"\u0569": "E02",
		"\u0583": "E03",
		"\u0571": "E04",
		"\u057b": "E05",
		"\u0580": "E06",
		"\u0579": "E07",
		"\u0573": "E08",
		"\u056a": "E09",
		"\u056e": "E10",
		"\u0584": "D01",
		"\u0578": "D02",
		"\u0565": "D03",
		"\u057c": "D04",
		"\u057f": "D05",
		"\u0568": "D06",
		"\u0582": "D07",
		"\u056b": "D08",
		"\u0585": "D09",
		"\u057a": "D10",
		"\u056d": "D11",
		"\u0561": "C01",
		"\u057d": "C02",
		"\u0564": "C03",
		"\u0586": "C04",
		"\u0563": "C05",
		"\u0570": "C06",
		"\u0575": "C07",
		"\u056f": "C08",
		"\u056c": "C09",
		"\u0577": "C10",
		"\u0566": "B01",
		"\u0572": "B02",
		"\u0581": "B03",
		"\u057e": "B04",
		"\u0562": "B05",
		"\u0576": "B06",
		"\u0574": "B07",
		"!": "B08",
		"?": "B09",
		"/": "A01",
		" ": "A02",
		"\u055d": "A03",
		"\u0589": "A04"
	},
	"shift": {
		"\u0537": "E01",
		"\u0539": "E02",
		"\u0553": "E03",
		"\u0541": "E04",
		"\u054b": "E05",
		"\u0550": "E06",
		"\u0549": "E07",
		"\u0543": "E08",
		"\u053a": "E09",
		"\u053e": "E10",
		"\u0554": "D01",
		"\u0548": "D02",
		"\u0535": "D03",
		"\u054c": "D04",
		"\u054f": "D05",
		"\u0538": "D06",
		"\u0552": "D07",
		"\u053b": "D08",
		"\u0555": "D09",
		"\u054a": "D10",
		"\u053d": "D11",
		"\u0531": "C01",
		"\u054d": "C02",
		"\u0534": "C03",
		"\u0556": "C04",
		"\u0533": "C05",
		"\u0540": "C06",
		"\u0545": "C07",
		"\u053f": "C08",
		"\u053c": "C09",
		"\u0547": "C10",
		"\u0536": "B01",
		"\u0542": "B02",
		"\u0551": "B03",
		"\u054e": "B04",
		"\u0532": "B05",
		"\u0546": "B06",
		"\u0544": "B07",
		"!": "B08",
		"?": "B09",
		"/": "A01",
		" ": "A02",
		"\u055d": "A03",
		"\u0589": "A04"
	},
	"opt": {
		"1": "D01",
		"2": "D02",
		"3": "D03",
		"4": "D04",
		"5": "D05",
		"6": "D06",
		"7": "D07",
		"8": "D08",
		"9": "D09",
		"0": "D10",
		"@": "C01",
		"#": "C02",
		"$": "C03",
		"%": "C04",
		"&": "C05",
		"-": "C06",
		"+": "C07",
		"(": "C08",
		")": "C09",
		"\\": "B01",
		"=": "B02",
		"*": "B03",
		"\"": "B04",
		"'": "B05",
		":": "B06",
		";": "B07",
		"!": "B08",
		"?": "B09",
		"_": "A00",
		"/": "A01",
		" ": "A02",
		"\u055d": "A03",
		"\u0589": "A04"
	},
	"opt+shift": {
		"~": "D01",
		"`": "D02",
		"|": "D03",
		"\u2022": "D04",
		"\u221a": "D05",
		"\u03a0": "D06",
		"\u00f7": "D07",
		"\u00d7": "D08",
		"\u00b6": "D09",
		"\u2206": "D10",
		"\u00a3": "C01",
		"\u00a2": "C02",
		"\u20ac": "C03",
		"\u00a5": "C04",
		"^": "C05",
		"\u00b0": "C06",
		"=": "C07",
		"{": "C08",
		"}": "C09",
		"\\": "B01",
		"\u00a9": "B02",
		"\u00ae": "B03",
		"\u2122": "B04",
		"\u2105": "B05",
		"[": "B06",
		"]": "B07",
		"\u00a1": "B08",
		"\u00bf": "B09",
		"<": "A00",
		">": "A01",
		" ": "A02",
		"\u055d": "A03",
		"\u0589": "A04"
	}
}