{
	"lang": "Thai (768dpi) (Android)",
	"": {
		"\u0e45": "E01",
		"/": "E02",
		"_": "E03",
		"\u0e20": "E04",
		"\u0e16": "E05",
		"\u0e38": "E06",
		"\u0e36": "E07",
		"\u0e04": "E08",
		"\u0e15": "E09",
		"\u0e08": "E10",
		"\u0e02": "E11",
		"\u0e0a": "E12",
		"\u0e46": "D01",
		"\u0e44": "D02",
		"\u0e33": "D03",
		"\u0e1e": "D04",
		"\u0e30": "D05",
		"\u0e31": "D06",
		"\u0e35": "D07",
		"\u0e23": "D08",
		"\u0e19": "D09",
		"\u0e22": "D10",
		"\u0e1a": "D11",
		"\u0e25": "D12",
		"\u0e1f": "C01",
		"\u0e2b": "C02",
		"\u0e01": "C03",
		"\u0e14": "C04",
		"\u0e40": "C05",
		"\u0e49": "C06",
		"\u0e48": "C07",
		"\u0e32": "C08",
		"\u0e2a": "C09",
		"\u0e27": "C10",
		"\u0e07": "C11",
		"\u0e03": "C12",
		"\u0e1c": "B01",
		"\u0e1b": "B02",
		"\u0e41": "B03",
		"\u0e2d": "B04",
		"\u0e34": "B05",
		"\u0e37": "B06",
		"\u0e17": "B07",
		"\u0e21": "B08",
		"\u0e43": "B09",
		"\u0e1d": "B10",
		",": "A02",
		" ": "A03",
		".": "A04"
	},
	"opt": {
		"1": "D01",
		"2": "D02",
		"3": "D03",
		"4": "D04",
		"5": "D05",
		"6": "D06",
		"7": "D07",
		"8": "D08",
		"9": "D09",
		"0": "D10",
		"@": "C01",
		"#": "C02",
		"\u0e3f": "C03",
		"%": "C04",
		"&": "C05",
		"-": "C06",
		"+": "C07",
		"(": "C08",
		")": "C09",
		"*": "B01",
		"\"": "B02",
		"'": "B03",
		":": "B04",
		";": "B05",
		"!": "B06",
		"?": "B07",
		"_": "A00",
		"/": "A01",
		" ": "A02",
		",": "A03",
		".": "A04"
	},
	"opt+shift": {
		"~": "D01",
		"`": "D02",
		"|": "D03",
		"\u2022": "D04",
		"\u221a": "D05",
		"\u03a0": "D06",
		"\u00f7": "D07",
		"\u00d7": "D08",
		"\u00b6": "D09",
		"\u2206": "D10",
		"\u00a3": "C01",
		"\u20ac": "C02",
		"$": "C03",
		"\u00a2": "C04",
		"^": "C05",
		"\u00b0": "C06",
		"=": "C07",
		"{": "C08",
		"}": "C09",
		"\\": "B01",
		"\u00a9": "B02",
		"\u00ae": "B03",
		"\u2122": "B04",
		"\u2105": "B05",
		"[": "B06",
		"]": "B07",
		"<": "A00",
		">": "A01",
		" ": "A02",
		",": "A03",
		".": "A04"
	}
}