{
	"lang": "Khmer (768dpi) (Android)",
	"": {
		"\u17e1": "E01",
		"\u17e2": "E02",
		"\u17e3": "E03",
		"\u17e4": "E04",
		"\u17e5": "E05",
		"\u17e6": "E06",
		"\u17e7": "E07",
		"\u17e8": "E08",
		"\u17e9": "E09",
		"\u17e0": "E10",
		"\u17a5": "E11",
		"\u17b2": "E12",
		"\u1786": "D01",
		"\u17b9": "D02",
		"\u17c1": "D03",
		"\u179a": "D04",
		"\u178f": "D05",
		"\u1799": "D06",
		"\u17bb": "D07",
		"\u17b7": "D08",
		"\u17c4": "D09",
		"\u1795": "D10",
		"\u17c0": "D11",
		"\u17aa": "D12",
		"\u17b6": "C01",
		"\u179f": "C02",
		"\u178a": "C03",
		"\u1790": "C04",
		"\u1784": "C05",
		"\u17a0": "C06",
		"\u17d2": "C07",
		"\u1780": "C08",
		"\u179b": "C09",
		"\u17be": "C10",
		"\u17cb": "C11",
		"\u17ae": "C12",
		"\u178b": "B01",
		"\u1781": "B02",
		"\u1785": "B03",
		"\u179c": "B04",
		"\u1794": "B05",
		"\u1793": "B06",
		"\u1798": "B07",
		"\u17bb\u17c6": "B08",
		"\u17d4": "B09",
		"\u17ca": "B10",
		",": "A02",
		" ": "A03",
		".": "A04"
	},
	"opt": {
		"1": "D01",
		"2": "D02",
		"3": "D03",
		"4": "D04",
		"5": "D05",
		"6": "D06",
		"7": "D07",
		"8": "D08",
		"9": "D09",
		"0": "D10",
		"@": "C01",
		"#": "C02",
		"$": "C03",
		"%": "C04",
		"&": "C05",
		"-": "C06",
		"+": "C07",
		"(": "C08",
		")": "C09",
		"*": "B01",
		"\"": "B02",
		"'": "B03",
		":": "B04",
		";": "B05",
		"!": "B06",
		"?": "B07",
		"_": "A00",
		"/": "A01",
		" ": "A02",
		",": "A03",
		".": "A04"
	},
	"opt+shift": {
		"~": "D01",
		"`": "D02",
		"|": "D03",
		"\u2022": "D04",
		"\u221a": "D05",
		"\u03a0": "D06",
		"\u00f7": "D07",
		"\u00d7": "D08",
		"\u00b6": "D09",
		"\u2206": "D10",
		"\u00a3": "C01",
		"\u00a2": "C02",
		"\u20ac": "C03",
		"\u00a5": "C04",
		"^": "C05",
		"\u00b0": "C06",
		"=": "C07",
		"{": "C08",
		"}": "C09",
		"\\": "B01",
		"\u00a9": "B02",
		"\u00ae": "B03",
		"\u2122": "B04",
		"\u2105": "B05",
		"[": "B06",
		"]": "B07",
		"<": "A00",
		">": "A01",
		" ": "A02",
		",": "A03",
		".": "A04"
	}
}