{
	"lang": "Persian (600dpi) (Android)",
	"": {
		"\u0636": "D01",
		"\u0635": "D02",
		"\u062b": "D03",
		"\u0642": "D04",
		"\u0641": "D05",
		"\u063a": "D06",
		"\u0639": "D07",
		"\u0647": "D08",
		"\u062e": "D09",
		"\u062d": "D10",
		"\u062c": "D11",
		"\u0634": "C01",
		"\u0633": "C02",
		"\u064a": "C03",
		"\u0628": "C04",
		"\u0644": "C05",
		"\u0627": "C06",
		"\u062a": "C07",
		"\u0646": "C08",
		"\u0645": "C09",
		"\u0643": "C10",
		"\u0637": "C11",
		"\u0630": "B01",
		"\u0626": "B02",
		"\u0621": "B03",
		"\u0624": "B04",
		"\u0631": "B05",
		"\u0649": "B06",
		"\u0629": "B07",
		"\u0648": "B08",
		"\u0632": "B09",
		"\u0638": "B10",
		"\u062f": "B11",
		"/": "A01",
		" ": "A03",
		"\u060c": "A04"
	},
	"opt": {
		"\u06f1": "D01",
		"\u06f2": "D02",
		"\u06f3": "D03",
		"\u06f4": "D04",
		"\u06f5": "D05",
		"\u06f6": "D06",
		"\u06f7": "D07",
		"\u06f8": "D08",
		"\u06f9": "D09",
		"\u06f0": "D10",
		"\u066c": "C01",
		"\u066b": "C02",
		"\ufdfc": "C03",
		"\u066a": "C04",
		"&": "C05",
		"-": "C06",
		"+": "C07",
		"(": "C08",
		")": "C09",
		"\\": "B01",
		"=": "B02",
		"*": "B03",
		"\u00ab": "B04",
		"\u00bb": "B05",
		":": "B06",
		"\u061b": "B07",
		"!": "B08",
		"\u061f": "B09",
		"_": "A00",
		"/": "A01",
		" ": "A03",
		"\u060c": "A04"
	},
	"opt+shift": {
		"~": "D01",
		"`": "D02",
		"|": "D03",
		"\u2022": "D04",
		"\u221a": "D05",
		"\u03a0": "D06",
		"\u00f7": "D07",
		"\u00d7": "D08",
		"\u00b6": "D09",
		"\u2206": "D10",
		"\u00a3": "C01",
		"\u20ac": "C02",
		"$": "C03",
		"\u00a2": "C04",
		"^": "C05",
		"\u00b0": "C06",
		"=": "C07",
		"{": "C08",
		"}": "C09",
		"\\": "B02",
		"\u00a9": "B03",
		"\u00ae": "B04",
		"\u2122": "B05",
		"\u2105": "B06",
		"[": "B07",
		"]": "B08",
		"\u00a1": "B09",
		"\u00bf": "B10",
		"\u00ab": "A00",
		"\u00bb": "A01",
		" ": "A03",
		"\u060c": "A04"
	}
}