{
	"lang": "Lao (600dpi) (Android)",
	"": {
		"\u0ea2": "E01",
		"\u0e9f": "E02",
		"\u0ec2": "E03",
		"\u0e96": "E04",
		"\u0eb8": "E05",
		"\u0eb9": "E06",
		"\u0e84": "E07",
		"\u0e95": "E08",
		"\u0e88": "E09",
		"\u0e82": "E10",
		"\u0e8a": "E11",
		"\u0ecd": "E12",
		"\u0ebb": "D01",
		"\u0ec4": "D02",
		"\u0eb3": "D03",
		"\u0e9e": "D04",
		"\u0eb0": "D05",
		"\u0eb4": "D06",
		"\u0eb5": "D07",
		"\u0eae": "D08",
		"\u0e99": "D09",
		"\u0e8d": "D10",
		"\u0e9a": "D11",
		"\u0ea5": "D12",
		"\u0eb1": "C01",
		"\u0eab": "C02",
		"\u0e81": "C03",
		"\u0e94": "C04",
		"\u0ec0": "C05",
		"\u0ec9": "C06",
		"\u0ec8": "C07",
		"\u0eb2": "C08",
		"\u0eaa": "C09",
		"\u0ea7": "C10",
		"\u0e87": "C11",
		"\u201c": "C12",
		"\u0e9c": "B01",
		"\u0e9b": "B02",
		"\u0ec1": "B03",
		"\u0ead": "B04",
		"\u0eb6": "B05",
		"\u0eb7": "B06",
		"\u0e97": "B07",
		"\u0ea1": "B08",
		"\u0ec3": "B09",
		"\u0e9d": "B10",
		"!": "B11",
		"?": "B12",
		"/": "A01",
		" ": "A02",
		",": "A03",
		".": "A04"
	},
	"opt": {
		"1": "D01",
		"2": "D02",
		"3": "D03",
		"4": "D04",
		"5": "D05",
		"6": "D06",
		"7": "D07",
		"8": "D08",
		"9": "D09",
		"0": "D10",
		"@": "C01",
		"#": "C02",
		"\u20ad": "C03",
		"%": "C04",
		"&": "C05",
		"-": "C06",
		"+": "C07",
		"(": "C08",
		")": "C09",
		"\\": "B01",
		"=": "B02",
		"*": "B03",
		"\"": "B04",
		"'": "B05",
		":": "B06",
		";": "B07",
		"!": "B08",
		"?": "B09",
		"_": "A00",
		"/": "A01",
		" ": "A02",
		",": "A03",
		".": "A04"
	},
	"opt+shift": {
		"~": "D01",
		"`": "D02",
		"|": "D03",
		"\u2022": "D04",
		"\u221a": "D05",
		"\u03a0": "D06",
		"\u00f7": "D07",
		"\u00d7": "D08",
		"\u00b6": "D09",
		"\u2206": "D10",
		"\u00a3": "C01",
		"\u20ac": "C02",
		"$": "C03",
		"\u00a2": "C04",
		"^": "C05",
		"\u00b0": "C06",
		"=": "C07",
		"{": "C08",
		"}": "C09",
		"\\": "B01",
		"\u00a9": "B02",
		"\u00ae": "B03",
		"\u2122": "B04",
		"\u2105": "B05",
		"[": "B06",
		"]": "B07",
		"\u00a1": "B08",
		"\u00bf": "B09",
		"<": "A00",
		">": "A01",
		" ": "A02",
		",": "A03",
		".": "A04"
	}
}