{
	"lang": "Hindi (Android)",
	"": {
		"\u25cc\u094c": "D01",
		"\u25cc\u0948": "D02",
		"\u25cc\u093e": "D03",
		"\u25cc\u0940": "D04",
		"\u25cc\u0942": "D05",
		"\u092c": "D06",
		"\u0939": "D07",
		"\u0917": "D08",
		"\u0926": "D09",
		"\u091c": "D10",
		"\u0921": "D11",
		"\u25cc\u094b": "C01",
		"\u25cc\u0947": "C02",
		"\u25cc\u094d": "C03",
		"\u25cc\u093f": "C04",
		"\u25cc\u0941": "C05",
		"\u092a": "C06",
		"\u0930": "C07",
		"\u0915": "C08",
		"\u0924": "C09",
		"\u091a": "C10",
		"\u091f": "C11",
		"\u25cc\u0949": "B01",
		"\u25cc\u0902": "B02",
		"\u092e": "B03",
		"\u0928": "B04",
		"\u0935": "B05",
		"\u0932": "B06",
		"\u0938": "B07",
		"\u092f": "B08",
		"\u25cc\u093c": "B09",
		",": "A02",
		" ": "A03",
		".": "A04"
	},
	"opt": {
		"\u0967": "D01",
		"\u0968": "D02",
		"\u0969": "D03",
		"\u096a": "D04",
		"\u096b": "D05",
		"\u096c": "D06",
		"\u096d": "D07",
		"\u096e": "D08",
		"\u096f": "D09",
		"\u0966": "D10",
		"@": "C01",
		"#": "C02",
		"\u20b9": "C03",
		"%": "C04",
		"&": "C05",
		"-": "C06",
		"+": "C07",
		"(": "C08",
		")": "C09",
		"*": "B01",
		"\"": "B02",
		"'": "B03",
		":": "B04",
		";": "B05",
		"!": "B06",
		"?": "B07",
		"_": "A00",
		"/": "A01",
		" ": "A02",
		",": "A03",
		".": "A04"
	},
	"opt+shift": {
		"~": "D01",
		"`": "D02",
		"|": "D03",
		"\u2022": "D04",
		"\u221a": "D05",
		"\u03a0": "D06",
		"\u00f7": "D07",
		"\u00d7": "D08",
		"\u00b6": "D09",
		"\u2206": "D10",
		"\u00a3": "C01",
		"\u20ac": "C02",
		"$": "C03",
		"\u00a2": "C04",
		"^": "C05",
		"\u00b0": "C06",
		"=": "C07",
		"{": "C08",
		"}": "C09",
		"\\": "B01",
		"\u00a9": "B02",
		"\u00ae": "B03",
		"\u2122": "B04",
		"\u2105": "B05",
		"[": "B06",
		"]": "B07",
		"<": "A00",
		">": "A01",
		" ": "A02",
		",": "A03",
		".": "A04"
	}
}