{
	"lang": "Georgian (Android)",
	"": {
		"\u10e5": "D01",
		"\u10ec": "D02",
		"\u10d4": "D03",
		"\u10e0": "D04",
		"\u10e2": "D05",
		"\u10e7": "D06",
		"\u10e3": "D07",
		"\u10d8": "D08",
		"\u10dd": "D09",
		"\u10de": "D10",
		"\u10d0": "C01",
		"\u10e1": "C02",
		"\u10d3": "C03",
		"\u10e4": "C04",
		"\u10d2": "C05",
		"\u10f0": "C06",
		"\u10ef": "C07",
		"\u10d9": "C08",
		"\u10da": "C09",
		"\u10d6": "B01",
		"\u10ee": "B02",
		"\u10ea": "B03",
		"\u10d5": "B04",
		"\u10d1": "B05",
		"\u10dc": "B06",
		"\u10db": "B07",
		",": "A02",
		" ": "A03",
		".": "A04"
	},
	"opt": {
		"1": "D01",
		"2": "D02",
		"3": "D03",
		"4": "D04",
		"5": "D05",
		"6": "D06",
		"7": "D07",
		"8": "D08",
		"9": "D09",
		"0": "D10",
		"@": "C01",
		"#": "C02",
		"$": "C03",
		"%": "C04",
		"&": "C05",
		"-": "C06",
		"+": "C07",
		"(": "C08",
		")": "C09",
		"*": "B01",
		"\"": "B02",
		"'": "B03",
		":": "B04",
		";": "B05",
		"!": "B06",
		"?": "B07",
		"_": "A00",
		"/": "A01",
		" ": "A02",
		",": "A03",
		".": "A04"
	},
	"opt+shift": {
		"~": "D01",
		"`": "D02",
		"|": "D03",
		"\u2022": "D04",
		"\u221a": "D05",
		"\u03a0": "D06",
		"\u00f7": "D07",
		"\u00d7": "D08",
		"\u00b6": "D09",
		"\u2206": "D10",
		"\u00a3": "C01",
		"\u00a2": "C02",
		"\u20ac": "C03",
		"\u00a5": "C04",
		"^": "C05",
		"\u00b0": "C06",
		"=": "C07",
		"{": "C08",
		"}": "C09",
		"\\": "B01",
		"\u00a9": "B02",
		"\u00ae": "B03",
		"\u2122": "B04",
		"\u2105": "B05",
		"[": "B06",
		"]": "B07",
		"<": "A00",
		">": "A01",
		" ": "A02",
		",": "A03",
		".": "A04"
	}
}