{
	"lang": "Hebrew (Android)",
	"": {
		"'": "D01",
		"-": "D02",
		"\u05e7": "D03",
		"\u05e8": "D04",
		"\u05d0": "D05",
		"\u05d8": "D06",
		"\u05d5": "D07",
		"\u05df": "D08",
		"\u05dd": "D09",
		"\u05e4": "D10",
		"\u05e9": "C01",
		"\u05d3": "C02",
		"\u05d2": "C03",
		"\u05db": "C04",
		"\u05e2": "C05",
		"\u05d9": "C06",
		"\u05d7": "C07",
		"\u05dc": "C08",
		"\u05da": "C09",
		"\u05e3": "C10",
		"\u05d6": "B01",
		"\u05e1": "B02",
		"\u05d1": "B03",
		"\u05d4": "B04",
		"\u05e0": "B05",
		"\u05de": "B06",
		"\u05e6": "B07",
		"\u05ea": "B08",
		"\u05e5": "B09",
		",": "A02",
		" ": "A03",
		".": "A04"
	},
	"opt": {
		"1": "D01",
		"2": "D02",
		"3": "D03",
		"4": "D04",
		"5": "D05",
		"6": "D06",
		"7": "D07",
		"8": "D08",
		"9": "D09",
		"0": "D10",
		"@": "C01",
		"#": "C02",
		"\u20aa": "C03",
		"%": "C04",
		"&": "C05",
		"-": "C06",
		"+": "C07",
		"(": "C08",
		")": "C09",
		"*": "B01",
		"\"": "B02",
		"'": "B03",
		":": "B04",
		";": "B05",
		"!": "B06",
		"?": "B07",
		"_": "A00",
		"/": "A01",
		" ": "A02",
		",": "A03",
		".": "A04"
	},
	"opt+shift": {
		"~": "D01",
		"`": "D02",
		"|": "D03",
		"\u2022": "D04",
		"\u221a": "D05",
		"\u03a0": "D06",
		"\u00f7": "D07",
		"\u00d7": "D08",
		"\u00b6": "D09",
		"\u2206": "D10",
		"\u00a3": "C01",
		"\u20ac": "C02",
		"$": "C03",
		"\u00a2": "C04",
		"^": "C05",
		"\u00b0": "C06",
		"=": "C07",
		"{": "C08",
		"}": "C09",
		"\\": "B01",
		"\u00a9": "B02",
		"\u00ae": "B03",
		"\u2122": "B04",
		"\u2105": "B05",
		"[": "B06",
		"]": "B07",
		"<": "A00",
		">": "A01",
		" ": "A02",
		",": "A03",
		".": "A04"
	}
}