{
	"lang": "Greek (600dpi) (Android)",
	"": {
		";": "D01",
		"\u03c2": "D02",
		"\u03b5": "D03",
		"\u03c1": "D04",
		"\u03c4": "D05",
		"\u03c5": "D06",
		"\u03b8": "D07",
		"\u03b9": "D08",
		"\u03bf": "D09",
		"\u03c0": "D10",
		"\u03b1": "C01",
		"\u03c3": "C02",
		"\u03b4": "C03",
		"\u03c6": "C04",
		"\u03b3": "C05",
		"\u03b7": "C06",
		"\u03be": "C07",
		"\u03ba": "C08",
		"\u03bb": "C09",
		"\u03b6": "B01",
		"\u03c7": "B02",
		"\u03c8": "B03",
		"\u03c9": "B04",
		"\u03b2": "B05",
		"\u03bd": "B06",
		"\u03bc": "B07",
		"!": "B08",
		"?": "B09",
		"/": "A01",
		" ": "A02",
		",": "A03",
		".": "A04"
	},
	"shift": {
		";": "D01",
		"\u03a3": "C02",
		"\u0395": "D03",
		"\u03a1": "D04",
		"\u03a4": "D05",
		"\u03a5": "D06",
		"\u0398": "D07",
		"\u0399": "D08",
		"\u039f": "D09",
		"\u03a0": "D10",
		"\u0391": "C01",
		"\u0394": "C03",
		"\u03a6": "C04",
		"\u0393": "C05",
		"\u0397": "C06",
		"\u039e": "C07",
		"\u039a": "C08",
		"\u039b": "C09",
		"\u0396": "B01",
		"\u03a7": "B02",
		"\u03a8": "B03",
		"\u03a9": "B04",
		"\u0392": "B05",
		"\u039d": "B06",
		"\u039c": "B07",
		"!": "B08",
		"?": "B09",
		"/": "A01",
		" ": "A02",
		",": "A03",
		".": "A04"
	},
	"opt": {
		"1": "D01",
		"2": "D02",
		"3": "D03",
		"4": "D04",
		"5": "D05",
		"6": "D06",
		"7": "D07",
		"8": "D08",
		"9": "D09",
		"0": "D10",
		"@": "C01",
		"#": "C02",
		"\u20ac": "C03",
		"%": "C04",
		"&": "C05",
		"-": "C06",
		"+": "C07",
		"(": "C08",
		")": "C09",
		"\\": "B01",
		"=": "B02",
		"*": "B03",
		"\"": "B04",
		"'": "B05",
		":": "B06",
		";": "B07",
		"!": "B08",
		"?": "B09",
		"_": "A00",
		"/": "A01",
		" ": "A02",
		",": "A03",
		".": "A04"
	},
	"opt+shift": {
		"~": "D01",
		"`": "D02",
		"|": "D03",
		"\u2022": "D04",
		"\u221a": "D05",
		"\u03a0": "D06",
		"\u00f7": "D07",
		"\u00d7": "D08",
		"\u00b6": "D09",
		"\u2206": "D10",
		"\u00a3": "C01",
		"\u00a5": "C02",
		"$": "C03",
		"\u00a2": "C04",
		"^": "C05",
		"\u00b0": "C06",
		"=": "C07",
		"{": "C08",
		"}": "C09",
		"\\": "B01",
		"\u00a9": "B02",
		"\u00ae": "B03",
		"\u2122": "B04",
		"\u2105": "B05",
		"[": "B06",
		"]": "B07",
		"\u00a1": "B08",
		"\u00bf": "B09",
		"<": "A00",
		">": "A01",
		" ": "A02",
		",": "A03",
		".": "A04"
	}
}