{
	"lang": "Kirghiz (Android)",
	"": {
		"\u0439": "D01",
		"\u0446": "D02",
		"\u0443": "D03",
		"\u043a": "D04",
		"\u0435": "D05",
		"\u043d": "D06",
		"\u0433": "D07",
		"\u0448": "D08",
		"\u0449": "D09",
		"\u0437": "D10",
		"\u0445": "D11",
		"\u0444": "C01",
		"\u044b": "C02",
		"\u0432": "C03",
		"\u0430": "C04",
		"\u043f": "C05",
		"\u0440": "C06",
		"\u043e": "C07",
		"\u043b": "C08",
		"\u0434": "C09",
		"\u0436": "C10",
		"\u044d": "C11",
		"\u044f": "B01",
		"\u0447": "B02",
		"\u0441": "B03",
		"\u043c": "B04",
		"\u0438": "B05",
		"\u0442": "B06",
		"\u044c": "B07",
		"\u0431": "B08",
		"\u044e": "B09",
		",": "A02",
		" ": "A03",
		".": "A04"
	},
	"shift": {
		"\u0419": "D01",
		"\u0426": "D02",
		"\u0423": "D03",
		"\u041a": "D04",
		"\u0415": "D05",
		"\u041d": "D06",
		"\u0413": "D07",
		"\u0428": "D08",
		"\u0429": "D09",
		"\u0417": "D10",
		"\u0425": "D11",
		"\u0424": "C01",
		"\u042b": "C02",
		"\u0412": "C03",
		"\u0410": "C04",
		"\u041f": "C05",
		"\u0420": "C06",
		"\u041e": "C07",
		"\u041b": "C08",
		"\u0414": "C09",
		"\u0416": "C10",
		"\u042d": "C11",
		"\u042f": "B01",
		"\u0427": "B02",
		"\u0421": "B03",
		"\u041c": "B04",
		"\u0418": "B05",
		"\u0422": "B06",
		"\u042c": "B07",
		"\u0411": "B08",
		"\u042e": "B09",
		",": "A02",
		" ": "A03",
		".": "A04"
	},
	"opt": {
		"1": "D01",
		"2": "D02",
		"3": "D03",
		"4": "D04",
		"5": "D05",
		"6": "D06",
		"7": "D07",
		"8": "D08",
		"9": "D09",
		"0": "D10",
		"@": "C01",
		"#": "C02",
		"$": "C03",
		"%": "C04",
		"&": "C05",
		"-": "C06",
		"+": "C07",
		"(": "C08",
		")": "C09",
		"*": "B01",
		"\"": "B02",
		"'": "B03",
		":": "B04",
		";": "B05",
		"!": "B06",
		"?": "B07",
		"_": "A00",
		"/": "A01",
		" ": "A02",
		",": "A03",
		".": "A04"
	},
	"opt+shift": {
		"~": "D01",
		"`": "D02",
		"|": "D03",
		"\u2022": "D04",
		"\u221a": "D05",
		"\u03a0": "D06",
		"\u00f7": "D07",
		"\u00d7": "D08",
		"\u00b6": "D09",
		"\u2206": "D10",
		"\u00a3": "C01",
		"\u00a2": "C02",
		"\u20ac": "C03",
		"\u00a5": "C04",
		"^": "C05",
		"\u00b0": "C06",
		"=": "C07",
		"{": "C08",
		"}": "C09",
		"\\": "B01",
		"\u00a9": "B02",
		"\u00ae": "B03",
		"\u2122": "B04",
		"\u2105": "B05",
		"[": "B06",
		"]": "B07",
		"<": "A00",
		">": "A01",
		" ": "A02",
		",": "A03",
		".": "A04"
	}
}